"","Date","Year","Country","Area","Location"
"1","25-Jun-2018",2018,"USA","California","Oceanside, San Diego County"
"2","18-Jun-2018",2018,"USA","Georgia","St. Simon Island, Glynn County"
"3","09-Jun-2018",2018,"USA","Hawaii","Habush, Oahu"
"4","08-Jun-2018",2018,"AUSTRALIA","New South Wales","Arrawarra Headland"
"5","04-Jun-2018",2018,"MEXICO","Colima","La Ticla"
"6","03-Jun-2018",2018,"AUSTRALIA","New South Wales","Flat Rock, Ballina"
"7","03-Jun-2018",2018,"BRAZIL","Pernambuco","Piedade Beach, Recife"
"8","27-May-2018",2018,"USA","Florida","Lighhouse Point Park, Ponce Inlet, Volusia County"
"9","26-May-2018",2018,"USA","Florida","Cocoa Beach, Brevard  County"
"10","26-May-2018",2018,"USA","Florida","Daytona Beach, Volusia County"
"11","24-May-2018",2018,"AUSTRALIA","Queensland","Cairns Aquarium"
"12","21-May-2018",2018,"USA","South Carolina","Isle of Palms,  Charleston County"
"13","13-May-2018",2018,"USA","South Carolina","Hilton Head Island, Beaufort County"
"14","13-May-2018",2018,"ENGLAND","Cornwall","Off Land's End"
"15","May 2018",2018,"AUSTRALIA","Westerm Australia","Dugong Bay"
"16","12-May-2018",2018,"SOUTH AFRICA","Eastern Cape Province","Nahoon Beach, East London"
"17","09-May-2018",2018,"AUSTRALIA","New South Wales","Sharpes Beach, Ballina"
"18","Reported 30-Apr-2018",2018,"THAILAND","Hua Hin","Sai Noi Beach"
"19","28-Apr-2018",2018,"COSTA RICA","Cocos Island","Manuelita"
"20","28-Apr-2018",2018,"AUSTRALIA","Western Australia","Gearys Beach"
"21","25-Apr-2018",2018,"AUSTRALIA","New South Wales","Lennox Head"
"22","25-Apr-2018",2018,"AUSTRALIA","Western Australia","Surfers Point, Prevelly"
"23","24-Apr-2018",2018,"AUSTRALIA","Western Australia","South Point, Gracetown"
"24","23-Apr-2018",2018,"MALDIVES","Alifu Alifu Atoll","Madoogali"
"25","22-Apr-2018",2018,"SOUTH AFRICA","Western Cape Province","Robberg Beach, Plettenberg Bay"
"26","19-Apr-2018",2018,"USA","Hawaii","Shipwreck’s Beach, Keoneloa Bay, Kauai"
"27","15-Apr-2018",2018,"THAILAND","Hua Hin","Sai Noi Beach"
"28","15-Apr-2018",2018,"BRAZIL","Pernambuco","Piedade"
"29","15-Apr-2018",2018,"AUSTRALIA","Western Australia","Lefthanders, Margaret River Area"
"30","15-Apr-2018",2018,"AUSTRALIA","Western Australia","Cobblestones, Margaret River Area"
"31","14-Apr-2018",2018,"BAHAMAS","New Providence","Nirvana Beach"
"32","Reported 10-Apr-2018",2018,"BRAZIL","Alagoas","Praia de Sauaçuhy, Maceió"
"33","09-Apr-2018",2018,"NEW CALEDONIA","","Magenta Beach, Noumea"
"34","05-Apr-2018",2018,"BAHAMAS","","Bimini"
"35","03-Apr-2018",2018,"SOUTH AFRICA","Eastern Cape Province","St. Francis Bay"
"36","31-Mar-2018",2018,"USA","Hawaii","Kukio Beach"
"37","14-Mar-2018",2018,"AUSTRALIA","Western Australia","Waterman's Bay"
"38","9-Mar-2018",2018,"AUSTRALIA","Victoria","Lorne"
"39","9-Mar-2018",2018,"AUSTRALIA","Victoria","Winkipop"
"40","24-Feb-2018",2018,"SOUTH AFRICA","KwaZulu-Natal","Durban"
"41","23-Feb-2018",2018,"AUSTRALIA","New South Wales","Little Congwong Beach, La Perouse "
"42","18-Feb-2018",2018,"AUSTRALIA","Victoria","Westernport Bay"
"43","15-Feb-2018",2018,"AUSTRALIA","New South Wales","Surf Beach, Kiama"
"44","14-Feb-2018",2018,"AUSTRALIA","Queensland","Mooloolaba Beach"
"45","11-Feb-2018",2018,"BRAZIL","Boi Island, Victoria","Espirito Santo"
"46","03-Feb-2018",2018,"ECUADOR","Galapagos Islands","Santa Fe Island"
"47","01-Feb-2018",2018,"AUSTRALIA","Western Australia","Avalon Point, Manurah"
"48","28-Jan-2018",2018,"AUSTRALIA","Western Australia","Cone Bay"
"49","21-Jan-2018",2018,"NEW CALEDONIA","","Nouville"
"50","14-Jan-2018",2018,"AUSTRALIA","Queensland","Lizard Island"
"51","13-Jan-2018",2018,"AUSTRALIA","New South Wales","Martin Islet"
"52","12-Jan-2018",2018,"BRAZIL","Fernando de Noronha","Conceicao Beach"
"53","05-Jan-2018",2018,"AUSTRALIA","Western Australia","South Point, Gracetown"
"54","31-Dec-2017",2017,"USA","Hawaii","Hultin's Beach, Oahu"
"55","30-Dec-2017",2017,"USA","California","Drakes Estero, Point Reyes, Marin County"
"56","21-Dec-2017",2017,"MALAYSIA","Sepang","Bagan Lalang Beach"
"57","09-Dec-2017",2017,"BAHAMAS","",""
"58","30-Nov-2017",2017,"COSTA RICA","Cocos Island","Manuelita"
"59","30-Nov-2017",2017,"COSTA RICA","Cocos Island","Manuelita"
"60","Reported 25-Nov-2017",2017,"LIBYA",""," Gars Garabulli"
"61","24-Nov-2017",2017,"USA","California","Stillwater Cove, Monterey County"
"62","18-Nov-2017",2017,"USA","Florida","Floridana Beach, Brevard County"
"63","13-Nov-2017",2017,"AUSTRALIA","New South Wales","Avoca Beach"
"64","04-Nov-2017",2017,"CUBA","Holquin Province","Guardalavaca Beach"
"65","Reported 31-Oct-2017",2017,"AUSTRALIA","Queensland","Magnetic Island"
"66","28-Oct-2017",2017,"AUSTRALIA","New South Wales","Birubi Point"
"67","26-Oct-2017",2017,"USA","Hawaii","White Plains Beach, Oahu"
"68","23-Oct-2017",2017,"MAURITIUS","Pamplemousses ","Le Goulet"
"69","23-Oct-2017",2017,"USA","Florida","Juno Beach, Palm Beach County"
"70","23-Oct-2017",2017,"USA","Florida","Ocean Reef Park, Singer Island, Palm Beach County"
"71","22-Oct-2017",2017,"AUSTRALIA","South Australia","Normanville"
"72","21-Oct-2017",2017,"NEW ZEALAND","North Island","Off Tapuna Beach, Auckand"
"73","18-Oct-2017",2017,"USA","Florida","Lantana Beach, Palm Beach County"
"74","09-Oct-2017",2017,"USA","Hawaii","Davidsons Beach, Kekaha, Kauai"
"75","05-Oct-2017",2017,"USA","Hawaii","Kama‘ole Beach Park, Maui "
"76","01-Oct-2017",2017,"SOUTH AFRICA","Western Cape Province","Dyer Island"
"77","25-Sep-2017",2017,"USA","Florida","Hanna Park, Jacksonville, Duval County"
"78","25-Sep-2017",2017,"AUSTRALIA","Western Australia","Gracetown"
"79","24-Sep-2017",2017,"USA","New York","Rockaway"
"80","24-Sep-2017",2017,"USA","Florida","Fort Worth"
"81","20-Sep-2017",2017,"USA","Florida","Palm Beach County"
"82","16-Sep-2017",2017,"SPAIN","Canary Islands","Gran Canaria "
"83","16-Sep-2017",2017,"USA","Florida","Ponce Inlet, Volusia County"
"84","15-Sep-2017",2017,"SOUTH AFRICA","Western Cape Province","Hawston"
"85","15-Sep-2017",2017,"SAMOA"," Upolu Island","Nofoali’i"
"86","Sep-2017",2017,"AUSTRALIA","Westerm Australia","Esperance"
"87","13-Sep-2017",2017,"USA","Florida","Ponce Inlet, Volusia County"
"88","10-Sep-2017",2017,"AUSTRALIA","Westerm Australia","Sam's Creek area"
"89","10-Sep-2017",2017,"AUSTRALIA","New South Wales","Iluka Beach"
"90","Reported 06-Sep-2017",2017,"SOLOMON ISLANDS","","Owarigi Island"
"91","03-Sep-2017",2017,"SOUTH AFRICA","Western Cape Province","Dyer Island"
"92","03-Sep-2017",2017,"JAPAN","Shizuoka Prefecture","Iwata City"
"93","02-Sep-2017",2017,"USA","Florida","Marathon, Monroe County"
"94","02-Sep-2017",2017,"USA","Texas","South Padre Island, Cameron County"
"95","02-Sep-2017",2017,"USA","Florida","New Smyrna Beach, Volusia County"
"96","29-Aug-2017",2017,"AUSTRALIA","Victoria","Cathedral Rock"
"97","27-Aug-2017",2017,"USA","Florida","Bathtub Beach "
"98","26-Aug-2017",2017,"SPAIN","Castellón","Grao de Moncofa"
"99","26-Aug-2017",2017,"NEW ZEALAND","North Island","Off Tutukaka"
"100","23-Aug-2017",2017,"USA","Massachusetts","Marconi Beach, Wellfleet, Barnstable County"
"101","18-Aug-2017",2017,"BAHAMAS","",""
"102","10-Aug-2017",2017,"USA","South Carolina","Sea Pines Resort, Hilton Head Island, Beaufort County"
"103","05-Aug-2017",2017,"EGYPT","Red Sea Protectorate","Marsa Ghalib"
"104","03-Aug-2017",2017,"USA","Massachusetts","Menauhant Beach, Falmouth,
Barnstable County"
"105","01-Aug-2017",2017,"USA","California","Between Pescadero Point & Bean Hollow Beach, San Mateo County"
"106","31-Jul-2017",2017,"USA","Florida","Jacksonvlle, Duval County"
"107","29-Jul-2017",2017,"USA","South Carolina","Hilton Head Island, Beaufort County"
"108","29-Jul-2017",2017,"USA","South Carolina","DeBordieu Colony, Georgetown County"
"109","27-Jul-2017",2017,"BAHAMAS","New Providence District","Rose Island"
"110","Reported 26-Jul-2017",2017,"BAHAMAS","40 miles off Grand Bahama Island",""
"111","24-Jul-2017",2017,"ST HELENA, British overseas territory","Ascension Island","English Bay"
"112","23-Jul-2017",2017,"USA","New Jersey","Ventnor"
"113","23-Jul-2017",2017,"SPAIN","Majorca","Estanys Beach, Colonia de Sant"
"114","22-Jul-2017",2017,"USA","Florida","Snipes Point, Monroe County"
"115","20-Jul-2017",2017,"USA","South Carolina","Hilton Head Island, Beaufort County"
"116","20-Jul-2017",2017,"USA","California","Stearns Wharf, Santa Barbara"
"117","20-Jul-2017",2017,"USA","California","Seal Rock, Goleta Beach, Santa Barbara"
"118","14-Jul-2017",2017,"USA","Washington","South Beach, Westport, Grays Harbor County"
"119","14-Jul-2017",2017,"AUSTRALIA","Western Australia","Floreat Beach"
"120","11-Jul-2017",2017,"USA","California","Santa Cruz, Santa Cruz County"
"121","09-Jul-2017",2017,"USA","Florida","Haulover Beach, Miami-Dade County"
"122","Reported 07-Jul-2017",2017,"MEXICO","Tabasco","Sánchez Magallanes, Cárdenas"
"123","07-Jul-2017",2017,"SOUTH AFRICA","Eastern Cape Province","Nahoon Reef, East London"
"124","02-Jul-2017",2017,"COMOROS","Anjouan","Moya"
"125","29-Jun-2017",2017,"USA","South Carolina","Wrightsville Beach"
"126","21-Jun-2017",2017,"USA","South Carolina","South Forest Beach, Hilton Head Island, Beaufort County"
"127","19-Jun-2017",2017,"USA","Florida","Singer Island, Palm Beach County"
"128","18-Jun-2017",2017,"USA","South Carolina","Burkes Beach, Hilton Head, Beaufort County"
"129","18-Jun-2017",2017,"REUNION","","Roches Noire"
"130","17-Jun-2017",2017,"SPAIN","Ibiza Island","Playa d’en Bossa"
"131","2017.06.05",2017,"FRENCH POLYNESIA","Marquesas","Atuona Bay, Hiva Oa Island"
"132","Reported 14-Jun-2017",2017,"BAHAMAS","",""
"133","11-Jun-2017",2017,"AUSTRALIA","Western Australia","Point Casuarina, Bunbury"
"134","10-Jun-2017",2017,"AUSTRALIA","Victoria","Flinders, Mornington Penisula"
"135","10-Jun-2017",2017,"USA","Florida","Ponce Inlet, Volusia County"
"136","Reported 07-Jun-2017",2017,"UNITED KINGDOM","South Devon","Bantham Beach"
"137","04-Jun-2017",2017,"USA","Florida","Middle Sambo Reef off Boca Chica, Monroe County"
"138","02-Jun-2017",2017,"BAHAMAS","New Providence ","Athol Island"
"139","30-May-2017",2017,"USA","South Carolina","Awendaw, Charleston County"
"140","28-May-2017",2017,"USA","Florida","Off Jupiter"
"141","27-May-2017",2017,"AUSTRALIA","New South Wales","Evans Head"
"142","12-May-2017",2017,"UNITED ARAB EMIRATES","Sharjah, ","Khor Fakkan"
"143","Reported 06-May-2017",2017,"AUSTRALIA","Queensland","Weipa"
"144","05-May-2017",2017,"MEXICO","Baja California Sur","Los Arbolitos, Cabo Pulmo"
"145","03-May-2017",2017,"USA","California","Sunset Beach, Orange County"
"146","29-Apr-2017",2017,"USA","California","San Onofre, San Diego County "
"147","29-Apr-2017",2017,"SOUTH AFRICA","Western Cape Province","Keurbooms, Plettenberg Bay"
"148","29-Apr-2017",2017,"USA","South Carolina","Folly Beach, Charleston County"
"149","29-Apr-2017",2017,"REUNION","Saint-Leu","Pointe au Sal"
"150","27-Apr-2017",2017,"NEW ZEALAND","South Island","Porpoise Bay, Catlins"
"151","26-Apr-2017",2017,"USA","Florida",""
"152","22-Apr-2017",2017,"ST HELENA, British overseas territory","Ascension Island","English Bay"
"153","20-Apr-2017",2017,"USA","South Carolina","Georgetown County"
"154","17-Apr-2017",2017,"USA","Florida","Daytona Beach, Volusia County"
"155","17-Apr-2017",2017,"AUSTRALIA","Western Australia","Kelpies near Wylie Bay"
"156","14-Apr-2017",2017,"USA","Hawaii","Kekaha Beach, Kauai"
"157","13-Apr-2017",2017,"USA","Florida","Hanna Park, Jacksonville, Duval County"
"158","12-Apr-2017",2017,"USA","Florida","St. Augustine"
"159","12-Apr-2017",2017,"SOUTH AFRICA","KwaZulu-Natal","Protea Banks"
"160","11-Apr-2017",2017,"USA","Florida","Ormond Beach, Volusia County"
"161","10-Apr-2017",2017,"USA","Florida","Melbourne Beach, Brevard County"
"162","10-Apr-2017",2017,"USA","Florida","Melbourne Beach, Brevard County"
"163","06-Apr-2017",2017,"USA","Florida","Daytona, Volusia County"
"164","05-Apr-2017",2017,"USA","Florida","New Smyrna Beach, Volusia County"
"165","02-Apr-2017",2017,"AUSTRALIA","Queensland","Moreton Bay"
"166","02-Apr-2017",2017,"USA","Florida","Destin, Okaloosa County"
"167","27-Mar-2017",2017,"USA","Florida","New Smyrna Beach, Volusia County"
"168","19-Mar-2017",2017,"AUSTRALIA","New South Wales","The Farm"
"169","18-Mar-2017",2017,"USA","California","Monterey Bay"
"170","11-Mar-2017",2017,"PHILIPPINES","Luzon Island","Villamar, Caoayan"
"171","Reported 09-Mar-2017",2017,"BAHAMAS","Great Exuma",""
"172","25-Feb-2017",2017,"AUSTRALIA","Western Australia","Mauds Point"
"173","24-Feb-2017",2017,"AUSTRALIA","Western Australia","Falcon Bay Beach, Mandurah"
"174","21-Feb-2017",2017,"REUNION","Saint-Andre",""
"175","17-Feb-2017",2017,"AUSTRALIA","Queensland","Eva Rock"
"176","11-Feb-2017",2017,"USA","Florida","Melbourne Beach, Brevard County"
"177","06-Feb-2017",2017,"BRAZIL","Pernambuco","Fernando de Noronha Marine Park"
"178","06-Feb-2017",2017,"SOUTH AFRICA","KwaZulu-Natal","Eastmoor Crescent Beach"
"179","01-Feb-2017",2017,"USA","South Carolina","16 miles off Hilton Head"
"180","01-Feb-2017",2017,"BAHAMAS","Bimini",""
"181","24-Jan-2017",2017,"BRAZIL","Pernambuco","Boa Viagem, Recife"
"182","22-Jan-2017",2017,"USA","Florida","Vero Beach, Indian River County"
"183","21-Jan-2017",2017,"AUSTRALIA","Queensland","Boot Reef, Torres Strait"
"184","13-Jan-2017",2017,"AUSTRALIA","Queensland","Clairview"
"185","13-Jan-2017",2017,"USA","Florida","Jensen Beach"
"186","09-Jan-2017",2017,"INDONESIA","Bali","Balian Beach"
"187","05-Jan-2017",2017,"USA","Florida","Blockhouse Beach, Brevard County"
"188","03-Jan-2017",2017,"AUSTRALIA","New South Wales","Merimbula"
"189","27-Dec-2016",2016,"USA","Florida","Avalon State Park Beach, North Hutchinson Island, St Lucie County"
"190","24-Dec-2016",2016,"AUSTRALIA","Western Australia","Bundegi Sanctuary Zone, Ningaloo"
"191","19-Dec-2016",2016,"SOUTH AFRICA","Western Cape Province","Keurbooms Lagoon, Plettenberg Bay"
"192","14-Dec-2016",2016,"AUSTRALIA","Western Australia","Trigg Beach"
"193","11-Dec-2016",2016,"FRENCH POLYNESIA","Tuamotos","Takapoto Atoll"
"194","11-Dec-2016",2016,"USA","Florida","New Smyrna Beach, Volusia County"
"195","06-Dec-2016",2016,"AUSTRALIA","New South Wales","Merimbula"
"196","01-Dec-2016",2016,"AUSTRALIA","New South Wales","Booti Booti National Park"
"197","28-Nov-2016",2016,"AUSTRALIA","Victoria","Queenscliff"
"198","14-Nov-2016",2016,"USA","Hawaii","Kamaole Beach Park I, Maui"
"199","30-Oct-2016",2016,"USA","Florida","Mayport Naval Station Beach, Duval County"
"200","29-Oct-2016",2016,"USA","Florida","Mayport Naval Station  Duval County"
"201","24-Oct-2016",2016,"AUSTRALIA","New South Wales","Broken Head Beach"
"202","21-Oct-2016",2016,"USA","Hawaii","Hooipa Beach Park, Maui"
"203","15-Oct-2016",2016,"AUSTRALIA","Queensland","Kings Beach, Caloundra"
"204","14-Oct-2016",2016,"USA","Hawaii","Charlie Young Beach, Kihei, Maui"
"205","13-Oct-2016",2016,"MEXICO","","Guadalupe Island"
"206","12-Oct-2016",2016,"AUSTRALIA","New South Wales","Sharpes Beach, Ballina"
"207","10-Oct-2016",2016,"USA","Oregon","Indian Beach, Ecola State Park, Clatsop County"
"208","02-Oct-2016",2016,"USA","Florida","New Smyrna Beach, Volusia County"
"209","01-Oct-2016",2016,"USA","Florida","New Smyrna Beach, Volusia County"
"210","26-Sep-2016",2016,"AUSTRALIA","New South Wales","Lighthouse Beach, Ballina"
"211","18-Sep-2016",2016,"USA","Florida","New Smyrna Beach, Volusia County"
"212","18-Sep-2016",2016,"USA","Florida","New Smyrna Beach, Volusia County"
"213","18-Sep-2016",2016,"USA","Florida","New Smyrna Beach, Volusia County"
"214","17-Sep-2016",2016,"USA","California","Bunkers, Humboldt Bay, Eureka, Humboldt County"
"215","17-Sep-2016",2016,"AUSTRALIA","Victoria","Thirteenth Beach"
"216","16-Sep-2016",2016,"AUSTRALIA","Victoria","Bells Beach"
"217","15-Sep-2016",2016,"AUSTRALIA","Western Australia","Bunbury"
"218","11-Sep-2016",2016,"USA","Florida","Ponte Vedra, St. Johns County"
"219","07-Sep-2016",2016,"USA","Hawaii","Makaha, Oahu"
"220","06-Sep-2016",2016,"NEW CALEDONIA","North Province","Koumac"
"221","05-Sep-2016",2016,"USA","South Carolina","Kingston Plantation, Myrtle Beach, Horry County"
"222","05-Sep-2016",2016,"AUSTRALIA","Western Australia","Injidup "
"223","04-Sep-2016",2016,"USA","Florida","New Smyrna Beach, Volusia County"
"224","01-Sep-2016",2016,"USA","California","Refugio State Beach, Santa Barbara County"
"225","Sep-2016",2016,"MEXICO","","Guadalupe Island"
"226","29-Aug-2016",2016,"USA","Florida","New Smyrna Beach, Volusia County"
"227","29-Aug-2016",2016,"USA","Florida","New Smyrna Beach, Volusia County"
"228","27-Aug-2016",2016,"REUNION","","Boucan Canot"
"229","25-Aug-2016",2016,"USA","Florida","Ponte Vedra, St. Johns County"
"230","07-Aug-2016",2016,"BAHAMAS","New Providence Island","Nassau"
"231","06-Aug-2016",2016,"USA","Hawaii","Maui"
"232","04-Aug-2016",2016,"USA","Florida","New Smyrna Beach, Volusia County"
"233","29-Jul-2016",2016,"SPAIN","Alicante Province","Arenales del Sol"
"234","28-Jul-2016",2016,"CHINA","Hong Kong",""
"235","28-Jul-2016",2016,"AUSTRALIA","Western Australia","Near Albany"
"236","27-Jul-2016",2016,"USA","Florida","Florida Keys, Monroe County"
"237","26-Jul-2016",2016,"AUSTRALIA","New South Wales","Sharpes Beach, Ballina"
"238","24-Jul-2016",2016,"JAPAN","Kochi Prefecture","Irino Beach"
"239","23-Jul-2016",2016,"AUSTRALIA","Tasmania","Clifton Beach"
"240","23-Jul-2016",2016,"BAHAMAS","Abaco Islands","Green Turtle Cay"
"241","20-Jul-2016",2016,"AUSTRALIA","Queensland","20 k off The Spit, off the Gold Coast"
"242","17-Jul-2016",2016,"USA","Alabama","8 miles off Mobile"
"243","16-Jul-2016",2016,"USA","Florida","New Smyrna Beach, Volusia County"
"244","16-Jul-2016",2016,"USA","Florida","New Smyrna Beach, Volusia County"
"245","15-Jul-2016",2016,"USA","California","Surfside, Orange County"
"246","15-Jul-2016",2016,"USA","South Carolina","North Myrtle Beach, Horry County"
"247","Reported  14-Jul-2016",2016,"BAHAMAS","","Tiger Beach"
"248","Reported 08-Jul-2016",2016,"SPAIN","Canary Islands","Las Teresitas, Tenerife"
"249","08-Jul-2016",2016,"USA","California","Capitola, Santa Cruz County"
"250","07-Jul-2016",2016,"USA","Massachusetts","Off Gloucester, Essec County"
"251","07-Jul-2016",2016,"USA","California","Off Palos Verdes peninsula, Los Angeles County"
"252","06-Jul-2016",2016,"USA","Florida","Melbourne Beach, Brevard County"
"253","04-Jul-2016",2016,"AUSTRALIA","Queensland","Palm Cove "
"254","27-Jun-2016",2016,"USA","South Carolina","Sullivan's Island"
"255","25-Jun-2016",2016,"USA","North Carolina","Atlantic Beach, Emerald Isle, Carteret County"
"256","24-Jun-2016",2016,"COLUMBIA","Isla Provedencia",""
"257","23-Jun-2016",2016,"SOUTH AFRICA","Western Cape Province","Ryspunt"
"258","21-Jun-2016",2016,"USA","South Carolina","North Myrtle Beach, Horry County"
"259","21-Jun-2016",2016,"USA","Florida","Pelican Beach Park, Satellite Beach, Brevard County"
"260","15-Jun-2016",2016,"USA","Hawaii","Kalapaki Beach, Kauai"
"261","15-Jun-2016",2016,"AUSTRALIA","Western Australia","Coral Bay"
"262","14-Jun-2016",2016,"USA","Texas","Pirates Beach, Galveston"
"263","11-Jun-2016",2016,"USA","North Carolina","Atlantic Beach, Emerald Isle, Carteret County"
"264","07-Jun-2016",2016,"USA","South Carolina","Folly Beach, Charleston County"
"265","05-Jun-2016",2016,"USA","Florida","Flagler Beach, Flagler County"
"266","05-Jun-2016",2016,"AUSTRALIA","Western Australia","Mindarie"
"267","04-Jun-2016",2016,"EGYPT","Suez","Ain Sokhna"
"268","02-Jun-2016",2016,"AUSTRALIA","New South Wales","Kingscliff"
"269","02-Jun-2016",2016,"NEW CALEDONIA",""," Côte-Blanche, Nouméa "
"270","31-May-2016",2016,"AUSTRALIA","Western Australia","Falcon Beach, Mandurah"
"271","29-May-2016",2016,"USA","California","Corona Del Mar, Newport, Orange County"
"272","29-May-2016",2016,"USA","Florida","Neptune, Duval County"
"273","22-May-2016",2016,"USA","Florida","Vero Beach, Indian River County"
"274","21-May-2016",2016,"USA","Florida","St. Petersburg, Pinellas County"
"275","21-May-2016",2016,"USA","Florida","Hugenot Beach , Jacksonville, Duval County"
"276","18-May-2016",2016,"USA","Florida","Ponte Vedra, St. Johns County"
"277","15-May-2016",2016,"USA","Florida","Boca Raton, Palm Beach County"
"278","03-May-2016",2016,"USA","Hawaii","Wailea Beach, Maui"
"279","02-May-2016",2016,"NEW ZEALAND","North Island","Cormandel"
"280","25-Apr-2016",2016,"INDONESIA","Bali","Balian"
"281","23-Apr-2016",2016,"USA","Florida","New Smyrna Beach, Volusia County"
"282","22-Apr-2016",2016,"SOUTH AFRICA","Western Cape Province","Robberg Beach, Plettenberg Bay"
"283","19-Apr-2016",2016,"AUSTRALIA","New South Wales","First Sun Beach, Byron Bay"
"284","18-Apr-2016",2016,"FRENCH POLYNESIA","Tuamotos","Makemo Atoll"
"285","18-Apr-2016",2016,"FRENCH POLYNESIA","Tuamotos","Makemo Atoll"
"286","13-Apr-2016",2016,"USA","Florida","Off Singer Island, Palm Beach County"
"287","09-Apr-2016",2016,"NEW CALEDONIA","Grand Terre","Poe Beach"
"288","08-Apr-2016",2016,"CAPE VERDE","Boa Vista Island",""
"289","07-Apr-2016",2016,"USA","Florida","Florida Keys, Monroe County"
"290","07-Apr-2016",2016,"USA","Florida","Corners Beach, Jupiter, Palm Beach County"
"291","31-Mar-2016",2016,"USA","Hawaii","Olowalu, Maui"
"292","30-Mar-2016",2016,"AUSTRALIA","New South Wales","Bombo Beach"
"293","28-Mar-2016",2016,"USA","Florida","Fort Myers Beach, Lee County"
"294","28-Mar-2016",2016,"AUSTRALIA","New South Wales","North Cronulla Beach"
"295","26-Mar-2016",2016,"BAHAMAS","",""
"296","13-Mar-2016",2016,"USA","California","Bolsa Chica State Park, Orange County"
"297","11-Mar-2016",2016,"USA","Florida","Vero Beach, St. Lucie County"
"298","10-Mar-2016",2016,"Fiji","Vanua Levu",""
"299","04-Mar-2016",2016,"USA","Florida","Ocean Reef Park, Singer Island, Palm Beach County"
"300","Reported 03-Mar-2016",2016,"AUSTRALIA","South Australia","Wrights Bay"
"301","02-Mar-2016",2016,"BRAZIL","Santa Catarina State","Escalerio Beach Balneário Camboriú"
"302","22-Feb-2016",2016,"NEW CALEDONIA","South Province","Ricaudy Reef, Noumea"
"303"," 19-Feb-2016",2016,"NEW CALEDONIA","South Province","Yate"
"304","12-Feb-2016",2016,"DOMINICAN REPUBLIC","Altagracia Province","Bavaro Beach, Punta Cana"
"305","Reported 10-Feb-2016",2016,"CAYMAN ISLANDS","Grand Cayman","Stingray City Bar"
"306","10-Feb-2016",2016,"AUSTRALIA","Tasmania","Nettley Bay"
"307","05-Feb-2016",2016,"AUSTRALIA","Queensland","Stradbroke Island"
"308","04-Feb-2016",2016,"AUSTRALIA","New South Wales","Hams Beach"
"309","02-Feb-2016",2016,"BRAZIL","Balneário Camboriú","Estaleirinho beach"
"310","29-Jan-2016",2016,"SOUTH AFRICA","KwaZulu-Natal",""
"311","28-Jan-2016",2016,"USA","Hawaii","Hanalei Bay, Kauai"
"312","25-Jan-2016",2016,"USA","Hawaii","Hanalei Bay, Kauai, "
"313","24-Jan-2016",2016,"USA","Texas","Off Surfside"
"314","24-Jan-2016",2016,"UNITED ARAB EMIRATES","Fujairah Emirate","35 miles off Fujairah"
"315","23-Jan-2016",2016,"USA","Hawaii","Wailea Beach, Maui"
"316","Reported 11-Jan-2016",2016,"AUSTRALIA","Queensland","Happy Valley Beach, Caloundra"
"317","05-Jan-2016",2016,"AUSTRALIA","Queensland","Heron Island"
"318","02-Jan-2016",2016,"AUSTRALIA","Queensland","Miall Island"
"319","26-Dec-2015",2015,"SOUTH AFRICA","KwaZulu-Natal","Westbrook Beach"
"320","25-Dec-2015",2015,"SPAIN","Grand Canary Island","Arinaga Beach, Aguimes, Gran Canaria"
"321","22-Dec-2015",2015,"USA","Hawaii","La'aloa Beach Park"
"322","21-Dec-2015",2015,"AUSTRALIA","New South Wales","Bondi Beach"
"323","21-Dec-2015",2015,"BRAZIL","Pernambuco","Fernano de Noronha"
"324","19-Dec-2015",2015,"ARUBA","","Boat capsized"
"325","13-Dec-2015",2015,"AUSTRALIA","New South Wales","Lake Macquarie"
"326","11-Dec-2015",2015,"BAHAMAS","","Off Andros Island"
"327","08-Dec-2015",2015,"SOUTH AFRICA","Eastern Cape Province","Mpande"
"328","20-Nov-2015",2015,"ECUADOR","Galapagos Islands","Punta Vicente Roca, Isabella Island"
"329","16-Nov-2015",2015,"USA","Florida","Playalinda Beach, Brevard County"
"330","15-Nov-2015",2015,"USA","Florida","Palm Beach, Palm Beach County"
"331","15-Nov-2015",2015,"USA","Florida","Ocean Reef Park, Singer Island, Palm Beach County"
"332","10-Nov-2015",2015,"AUSTRALIA","New South Wales","East Ballina"
"333","07-Nov-2015",2015,"USA","Florida","Paradise Beach, Melbourne, Brevard County"
"334","03-Nov-2015",2015,"USA","Hawaii","Kehena Beach, Hawaii"
"335","01-Nov-2015",2015,"USA","Florida","Cocoa Beach, Brevard  County"
"336","01-Nov-2015",2015,"MOZAMBIQUE","Inhambane Province","Maxixe"
"337","30-Oct-2015",2015,"AUSTRALIA","Western Australia","Bald Island"
"338","28-Oct-2015",2015,"USA","Hawaii","Malaka, Oahu"
"339","25-Oct-2015",2015,"SOUTH AFRICA","Western Cape Province","Stil Bay"
"340","21-Oct-2015",2015,"USA","Florida","Playalinda Beach, Brevard County"
"341","19-Oct-2015",2015,"USA","Florida","Deerfield Beach, Broward County"
"342","17-Oct-2015",2015,"MOZAMBIQUE","Inhambane Province","Nahaduga, Inhambane Bay"
"343","17-Oct-2015",2015,"USA","Hawaii","Waikiki, "
"344","17-Oct-2015",2015,"USA","Hawaii","Lanikai Beach, Kailua, Oahu"
"345","13-Oct-2015",2015,"USA","California","Off Leffingwell Landing, San Luis Obispo County"
"346","09-Oct-2015",2015,"USA","South Carolina","Shipyard Beach Club, Hilton Head Island, Beaufort County"
"347","09-Oct-2015",2015,"USA","Hawaii","Leftovers, Oahu"
"348","08-Oct-2015",2015,"MOZAMBIQUE","Inhambane Province","Maxixe, Inhambane Bay"
"349","07-Oct-2015",2015,"AUSTRALIA","Western Australia","Pyramids Beach"
"350","05-Oct-2015",2015,"USA","Florida","Pepper Park Beach, St. Lucie County"
"351","05-Oct-2015",2015,"USA","Texas","Galveston"
"352","04-Oct-2015",2015,"USA","Florida","New Smyrna Beach, Volusia County"
"353","29-Sep-2015",2015,"USA","Florida","Vilano Beach, St.  Johns County"
"354","26-Sep-2015",2015,"AUSTRALIA","Queensland","Russel Island, Frankland Group"
"355","24-Sep-2015",2015,"USA","California","Horseshoe Rock, Santa Barbara County"
"356","20-Sep-2015",2015,"USA","Florida","New Smyrna Beach, Volusia County"
"357","20-Sep-2015",2015,"USA","Hawaii","Upolu Point, North Kohala, Big Island"
"358","20-Sep-2015",2015,"USA","Florida","Fernandina Beach, Amelia Island, Nassau County"
"359","20-Sep-2015",2015,"USA","Florida","Vilano Beach, St.  Johns County"
"360","19-Sep-2015",2015,"USA","California","Gaviota State Beach, Santa Barbara County"
"361","18-Sep-2015",2015,"USA","Florida","Big Talbot Island, Duval County"
"362","17-Sep-2015",2015,"USA","Florida","Jacksonville Beach, Duval County"
"363","08-Sep-2015",2015,"AUSTRALIA","New South Wales","North Shelly Beach"
"364","06-Sep-2015",2015,"USA","California","El Pescador Beach, Los Angeles County"
"365","05-Sep-2015",2015,"USA","California","Deer Creek Beach, Ventura County"
"366","04-Sep-2015",2015,"AUSTRALIA","New South Wales","Hallidays Point"
"367","03-Sep-2015",2015,"USA","South Carolina","Myrtle Beach, Horry County"
"368","01-Sep-2015",2015,"THAILAND","Phuket","Karon Beach"
"369","Sep-2015",2015,"FIJI","",""
"370","29-Aug-2015",2015,"USA","California","Morro Strand State Beach, San Luis Obispo County"
"371","29-Aug-2015",2015,"USA","California","Morro Bay, San Luis Obispo County"
"372","22-Aug-2015",2015,"USA","Florida","Cocoa Beach, Brevard  County"
"373","22-Aug-2015",2015,"AUSTRALIA","New South Wales","Lighthouse Beach"
"374","20-Aug-2015",2015,"USA","South Carolina","Murrells Inlet, Georgetown County"
"375","19-Aug-2015",2015,"USA","Florida","Jacksonville Beach, Duval County"
"376","18-Aug-2015",2015,"USA","California","Santa Barbara County"
"377","18-Aug-2015",2015,"SPAIN","Alicante","Poniente Beach, Benidorm"
"378","10-Aug-2015",2015,"USA","California","Cortes Bank"
"379","31-Jul-2015",2015,"AUSTRALIA","New South Wales","Evans Head"
"380","28-Jul-2015",2015,"COSTA RICA","Guanacaste","Playa Grande"
"381","27-Jul-2015",2015,"AUSTRALIA","Victoria","Tyrendarra Beach"
"382","26-Jul-2015",2015,"USA","Florida","Daytona Beach, Volusia County"
"383","26-Jul-2015",2015,"USA","South Carolina","Edisto Beach, Colleton County"
"384","25-Jul-2015",2015,"AUSTRALIA","Tasmania","Lachan Island, Mercury Passage"
"385","23-Jul-2015",2015,"USA","California","La Jolla, San Diego County"
"386","23-Jul-2015",2015,"AUSTRALIA","Victoria","Tyrendarra Beach near Portland"
"387","22-Jul-2015",2015,"REUNION","","St. Leu"
"388","19-Jul-2015",2015,"SOUTH AFRICA","Eastern Cape Province","Jeffrey's Bay"
"389","10-Jul-2015",2015,"USA","California","Huntington Beach, Orange County"
"390","08-Jul-2015",2015,"USA","California","Huntington Beach, Orange County"
"391","06-Jul-2015",2015,"FRENCH POLYNESIA","Bora Bora",""
"392","04-Jul-2015",2015,"BAHAMAS","Grand Bahama Island","Port Lucaya, Freeport"
"393","04-Jul-2015",2015,"USA","North Carolina","Off Surf City, Pender County"
"394","03-Jul-2015",2015,"AUSTRALIA","New South Wales","Lennox Head"
"395","02-Jul-2015",2015,"AUSTRALIA","New South Wales","East Ballina"
"396","01-Jul-2015",2015,"USA","North Carolina","Ocracoke, Lifeguard Beach, National Park Service, Hyde County"
"397","30-Jun-2015",2015,"AUSTRALIA","New South Wales","Flat Rock, Yamba"
"398","30-Jun-2015",2015,"USA","South Carolina","Isle of Palms County Park, Isle of Palms, Charleston County"
"399","27-Jun-2015",2015,"USA","North Carolina","Rodanthe, Dare County"
"400","27-Jun-2015",2015,"SOUTH AFRICA","Western Cape Province","Buffels Bay near Knysna"
"401","26-Jun-2015",2015,"USA","Florida","Jacksonville Beach, Duval County"
"402","26-Jun-2015",2015,"SOUTH AFRICA","Western Cape Province","Lookout Beach, Plettenberg Bay"
"403","26-Jun-2015",2015,"USA","South Carolina","South Beach, Hunting Island State Park, Beaufort County"
"404","Reported 25-Jun-2015",2015,"AUSTRALIA","Western Australia","Rottnest Island"
"405","25-Jun-2015",2015,"USA","North Carolina","Avon, Hatteras Island, Outer Banks, Dare County"
"406","24-Jun-2015",2015,"USA","North Carolina","Surf City"
"407","24-Jun-2015",2015,"AUSTRALIA","Western Australia","Denmark"
"408","23-Jun-2015",2015,"USA","South Carolina","St. Helena Island, Beaufort County"
"409","19-Jun-2015",2015,"PUERTO RICO","","Off Cabo Rojo"
"410","17-Jun-2015",2015,"USA","Florida","Daytona Beach Shores"
"411","14-Jun-2015",2015,"USA","North Carolina","Oak Island, Brunswick County"
"412","14-Jun-2015",2015,"USA","North Carolina","Oak Island, Brunswick County"
"413","13-Jun-2015",2015,"USA","California","Off San Diego"
"414","11-Jun-2015",2015,"USA","North Carolina","Ocean Isle, Brunswick County"
"415","07-Jun-2015",2015,"USA","Florida","Lori Wilson Park, Cocoa Beach, Brevard  County"
"416","05-Jun-2015",2015,"USA","Florida","Fort Lauderdale"
"417","01-Jun-2015",2015,"REUNION","Le Port","Folette"
"418","29-May-2015",2015,"USA","Florida","Cocoa Beach, Brevard  County"
"419","29-May-2015",2015,"USA","Florida","New Smyrna Beach, Volusia County"
"420","25-May-2015",2015,"FRENCH POLYNESIA","Rangiroa","Avatoru Pass"
"421","24-May-2015",2015,"USA","Florida","Cocoa Beach, Brevard  County"
"422","20-May2015",2015,"USA","Florida","New Smyrna Beach, Volusia County"
"423","15-May-2015",2015,"USA","South Carolina","Sullivan's Island"
"424","09-May-2015",2015,"NEW CALEDONIA","","Kouare "
"425","07-May-2015",2015,"USA","Florida","Cocoa Beach, Brevard  County"
"426","03-May-2015",2015,"AUSTRALIA","New South Wales","Saltwater Beach"
"427","02-May-2015",2015,"SOUTH AFRICA","Eastern Cape Province","Port St. John's"
"428","29-Apr-2015",2015,"USA","Hawaii","Kanahena Cove "
"429","26-Apr-2015",2015,"USA","Florida","Resident's Beach, Marco Island"
"430","25-Apr-2015",2015,"AUSTRALIA","South Australia","Fishery Bay"
"431","24-Jun-2015",2015,"AUSTRALIA","New South Wales","Belongil Beach, Byron Bay"
"432","13-Apr-2015",2015,"USA","Florida","Florida Keys, Monroe County"
"433","12-Apr-2015",2015,"REUNION","Saint-Gilles-les-Bains","Cap Homard"
"434","11-Apr-2015",2015,"AUSTRALIA","New South Wales","McKenzies Beach"
"435","03-Apr-2015",2015,"USA","Florida","3 miles off Jupiter, Palm Beach County"
"436","29-Mar-2015",2015,"ITALY","Sardinia",""
"437","31-Mar-2015",2015,"BRAZIL","Pernambuco","Praia del Chifre, Olinda"
"438","26-Mar-2015",2015,"SOUTH AFRICA","Eastern Cape Province","Yellow Sands Point"
"439","21-Mar-2015",2015,"EGYPT","","Marsa Alam"
"440","18-Mar-2015",2015,"USA","Hawaii","Hapuna Beach"
"441","16-Mar-2015",2015,"FRENCH POLYNESIA","Bora Bora","Anau"
"442","11-Mar-2015",2015,"AUSTRALIA","New South Wales","Julian Rocks, Byron Bay"
"443","10-Mar-2015",2015,"MEXICO","Sinaloa","Mazlatan"
"444","07-Mar-2015",2015,"FRENCH POLYNESIA","Central Tuamotu","Tupapati, Hikueru Atoll"
"445","15-Feb-2015",2015,"ATLANTIC OCEAN","",""
"446","14-Feb-2015",2015,"REUNION","d’Étang-Salé","Ravine Mula"
"447","09-Feb-2015",2015,"AUSTRALIA","New South Wales","Shelly Beach"
"448","08-Feb-2015",2015,"AUSTRALIA","New South Wales","Seven Mile Beach, Byron Bay"
"449","05-Feb-2015",2015,"AUSTRALIA","New South Wales","Mereweather Beach"
"450","30-Jan-2015",2015,"AUSTRALIA","Queensland","Nerang River, Surfer's  Paradise"
"451","27-Jan-2015",2015,"USA","Hawaii","Lahaina"
"452","24-Jan-2015",2015,"AUSTRALIA","New South Wales","Flat Rock"
"453","23-Jan-2015",2015,"SOUTH AFRICA","Eastern Cape Province","Nahoon Beach"
"454","19-Jan-2015",2015,"USA","Florida","Off Panama City"
"455","19-Jan-2015",2015,"AUSTRALIA","New South Wales","Wategos Beach, Byon Bay"
"456","17-Jan-2015",2015,"AUSTRALIA","New South Wales","Off Blacksmith Beach"
"457","16-Jan-2015",2015,"AUSTRALIA","New South Wales","Mollymook Beach, Bannister Head"
"458","08-Jan-2015",2015,"USA","Florida",""
"459","06-Jan-2015",2015,"BAHAMAS","Abaco Islands","Tahiti Beach, Elbow Cay"
"460","03-Jan-2015",2015,"SOUTH AFRICA","Eastern Cape Province","Chintsa East Beach"
"461","01-Jan-2015",2015,"USA","Florida","Windsor Beach, Indian River County"
"462","29-Dec-2014",2014,"AUSTRALIA","New South Wales","Bherwerre Beach"
"463","29-Dec-2014",2014,"AUSTRALIA","Western Australia","Three Stripes near Cheynes Beach"
"464","28-Dec-2014",2014,"GREECE","","33 nautical miles off Othonoi Island"
"465","28-Dec-2014",2014,"SOUTH AFRICA","KwaZulu-Natal","Durban"
"466","28-Dec-2014",2014,"USA","California","Montaña de Oro State Park, San Luis Obispo County "
"467","28-Dec-2014",2014,"AUSTRALIA","Victoria","Paradise Beach"
"468","Reported 23-Dec-2014",2014,"JAPAN","",""
"469","15-Dec-2014",2014,"AUSTRALIA","Queensland","Rudder Reef"
"470","Reported 03-Dec-2014",2014,"SPAIN","Granada","Off Motril"
"471","29-Nov-2014",2014,"AUSTRALIA","Western Australia","Pyramids Beach, Port Bouvard"
"472","20-Nov-2014",2014,"MAURITIUS","Cargados Carajos Shoals (St. Brandon)",""
"473","19-Nov-2014",2014,"AUSTRALIA","Western Australia","Freo"
"474","Reported 17-Nov-2014",2014,"USA","California","Franklin Point, San Mateo County"
"475","16-Nov-2014",2014,"USA","Florida","Indian Harbor Beach, Brevard County"
"476","13-Nov-2014",2014,"USA","Hawaii","Airplane Beach, Lahina, West Maui"
"477","10-Nov-2014",2014,"AUSTRALIA","New South Wales","Moonee Beach"
"478","08-Nov-2014",2014,"USA","Florida","Fort Pierce Inlet State Park, St. Lucie County"
"479","31-Oct-2014",2014,"USA","Hawaii","North Kohala, Hawaii County"
"480","29-Oct-2014",2014,"AUSTRALIA","New South Wales","Wallabi Point"
"481","22-Oct-2014",2014,"USA","Hawaii","Kihei, Maui"
"482","20-Oct-2014",2014,"USA","Hawaii","Kahului, Maui"
"483","19-Oct-2014",2014,"USA","California","Leadbetter Beach, Santa Barbara County"
"484","18-Oct-2014",2014,"USA","Hawaii","Maalaea, South Maui"
"485","17-Oct-2014",2014,"AUSTRALIA","New South Wales","Avoca Beach"
"486","14-Oct-2014",2014,"USA","South Carolina","Hilton Head Island, Beaufort County"
"487","12-Oct-2014",2014,"USA","Florida","Melbourne Beach, Brevard County"
"488","11-Oct-2014",2014,"AUSTRALIA","Western Australia","Castle Rock, north of Dunsborough"
"489","05-Oct-2014",2014,"USA","Florida","New Smyrna Beach, Volusia County"
"490","07-Oct-2014",2014,"USA","Florida","Cherie Down Park, Brevard County"
"491","05-Oct-2014",2014,"USA","Florida","New Smyrna Beach, Volusia County"
"492","03-Oct-2014",2014,"USA","California","Santa Barbara County"
"493","03-Oct-2014",2014,"USA","California","Santa Barbara County"
"494","02-Oct-2014",2014,"USA","California","Walls Beach, Vandenberg AFB, Santa Barbara County"
"495","02-Oct-2014",2014,"AUSTRALIA","Western Australia","Kelpids Beach, Wylie Bay, Esperance"
"496","21-Sep-2014",2014,"USA","Florida","New Smyrna Beach, Volusia County"
"497","Reported 12-Sep-2014",2014,"FRENCH POLYNESIA","Moorea","Tiahura Lagoon"
"498","13-Sep-2014",2014,"USA","California","Manresa State Beach, Santa Cruz County"
"499","09-Sep-2014",2014,"AUSTRALIA","New South Wales","Clarkes Beach, Byron Bay"
"500","06-Sep-2014",2014,"USA","Alabama","Katrina Cut, Dauphin Island, Mobile County"
"501","03-Sep-2014",2014,"USA","Massachusetts","Manomet Point, Plymouth, Plymouth County"
"502","02-Sep-2014",2014,"USA","Florida","Fletcher Beach, Hutchinson Island, Martin County"
"503","Sep-2014",2014,"SPAIN","Catalonia","Salou"
"504","31-Aug-2014",2014,"USA","Florida","New Smyrna Beach, Volusia County"
"505","29-Aug-2014",2014,"USA","Florida","Ponce Inlet, Volusia County"
"506","29-Aug-2014",2014,"USA","Florida","Atlantic Beach, Duval County"
"507","28-Aug-2014",2014,"USA","Maryland","Assateague National Seashore"
"508","27-Aug-2014",2014,"SPAIN","Alicante","Benidorm"
"509","27-Aug-2014",2014,"USA","North Carolina","Figure Eight Island,  New Hanover County"
"510","27-Aug-2014",2014,"USA","South Carolina","Surfside Beach, Horry  County"
"511","Reported 25-Aug-2014",2014,"USA","Florida","Apalachicola Bay "
"512","24-Aug-2014",2014,"USA","North Carolina","Off Masonboro Island, New Hanover County"
"513","16-Aug-2014",2014,"AUSTRALIA","Western Australia","Gnaraloo"
"514","12-Aug-2014",2014,"USA","Florida","3 to 4 miles west of Indian Pass, Gulf County"
"515","10-Aug-2014",2014,"USA","Florida","Hallandale Beach, Broward County"
"516","09-Aug-2014",2014,"BAHAMAS","",""
"517","09-Aug-2014",2014,"USA","Florida","Lori Wilson Park, Cocoa Beach, Brevard  County"
"518","08-Aug-2014",2014,"USA","Louisiana","Lake Ponchartain off Southshore Harbor, New Orleans"
"519","06-Aug-2014",2014,"USA","South Carolina","Folly Beach, Charleston County"
"520","05-Aug-2014",2014,"USA","Florida","Cocoa Beach, Brevard  County"
"521","02-Aug-2014",2014,"USA","Florida","South of Cocoa Beach, Brevard County"
"522","02-Aug-2014",2014,"USA","Florida","Table Beach, Brevard County"
"523","01-Aug-2014",2014,"SOUTH AFRICA","Western Cape Province","Muizenberg"
"524","27-Jul-2014",2014,"USA","North Carolina","Sunset Beach, Brunswick County"
"525","22-Jul-2014",2014,"REUNION","Saint-Leu",""
"526","21-Jul-2014",2014,"USA","Florida","Indialantic, Brevard County"
"527","20-Jul-2014",2014,"SPAIN","Canary Islands","Teresita, Santa Cruz, Tenerife"
"528","16-Jul-2014",2014,"USA","Hawaii","Paia Bay, Maui"
"529","14-Jul-2014",2014,"USA","Florida","Okaloosa Island"
"530","13-Jul-2014",2014,"BAHAMAS","West End","Tiger Beach"
"531","12-Jul-2014",2014,"USA","North Carolina","Masonboro Island, New Hanover County"
"532","9-Jul-2014",2014,"USA","Florida","New Smyrna Beach, Volusia County"
"533","5-Jul-2014",2014,"USA","California","Manhattan Beach, Los Angeles County"
"534","5-Jul-2014",2014,"USA","California","Oceano Dunes State Beach, San Luis Obispo County"
"535","3-Jul-2014",2014,"USA","South Carolina","Isle of Palms, Charleston County"
"536","Reported 27-Jun-2014",2014,"ST. MARTIN","","20 miles from shore"
"537","25-Jun-2014",2014,"BAHAMAS","Abaco Islands",""
"538","18-Jun-2014",2014,"AUSTRALIA","South Australia","Middleton Point, Fleurieu Peninsula"
"539","18-Jun-2014",2014,"AUSTRALIA","South Australia","Middleton Point, Fleurieu Peninsula"
"540","Reported 17-Jun-2014",2014,"AUSTRALIA","Western Australia","Horizontal Falls"
"541","09-Jun-2014",2014,"BRAZIL","","500 km off the coast of Pernambuco"
"542","09-Jun-2014",2014,"USA","Delaware","Cape Henlopen State Park, Sussex County"
"543","09-Jun-2014",2014,"AUSTRALIA","South Australia","Parsons Beach,  Fleurieu Peninsula"
"544","08-Jun-2014",2014,"JAPAN","Atsumi peninsula","Aichi"
"545","07-Jun-2014",2014,"USA","Texas","West Beach, Galveston"
"546","01-Jun-2014",2014,"USA","Florida","Fort Lauderdale"
"547","01-Jun-2014",2014,"AUSTRALIA","New South Wales","Seven Mile Beach, Gerroa"
"548","01-Jun-2014",2014,"USA","Palmyra Atoll",""
"549","24-May-2014",2014,"AUSTRALIA","Queensland","Nerang River near Chevron Island"
"550","23-May-2014",2014,"FRANCE","Wallis and Futuna","Wallis Island"
"551","22-May-2014",2014,"AUSTRALIA","New South Wales","The Australian Shark and Ray Centre"
"552","15-May-2014",2014,"USA","Florida","Juan Ponce de León Landing, Melbourne Beach, Brevard County"
"553","14-May-2014",2014,"AUSTRALIA","South Australia","Elliston, Eyre Peninsula"
"554","13-May2014",2014,"USA","Florida","Jacksonville Beach, Duval County"
"555","11-May-2014",2014,"USA","Georgia","Tybee Island, Chatham County"
"556","Reported 10-May-2014",2014,"USA","Florida","Bethel Shoals, Indian River County"
"557","06-May-2014",2014,"USA","South Carolina","Coligny Beach, Hilton Head, Beaufort County"
"558","04-May-2014",2014,"SOUTH AFRICA","Western Cape Province","Simonstown"
"559","01-May-2014",2014,"USA","Florida","New Smyrna Beach, Volusia County"
"560","24-Apr-2014",2014,"AUSTRALIA","Western Australia","South Passage, south of Coral Bay"
"561","22-Apr-2014",2014,"USA","Florida","Cocoa Beach, Brevard  County"
"562","15-Apr-2014",2014,"USA","Florida","New Smyrna Beach, Volusia County"
"563","Reported 12-Apr-2014",2014,"SOUTH AFRICA","",""
"564","12-Apr-2014",2014,"SOUTH AFRICA","Eastern Cape Province","Port Alfred"
"565","04-Apr-2014",2014,"USA","Florida","New Smyrna Beach, Volusia County"
"566","04-Apr-2014",2014,"USA","Florida","New Smyrna Beach, Volusia County"
"567","03-Apr-2014",2014,"AUSTRALIA","New South Wales","Tathra"
"568","29-Mar-2014",2014,"AUSTRALIA","Western Australia","Off Dawesville Cut"
"569","22-Mar-2014",2014,"SOUTH AFRICA","Eastern Cape Province","Second Beach, Port St Johns"
"570","22-Mar-2014",2014,"USA","Florida","Delray Beach"
"571","21-Mar-2014",2014,"USA","Florida","Macarthur State Park"
"572","18-Mar-2014",2014,"NEW CALEDONIA","Baie de Sainte-Marie",""
"573","18-Mar-2014",2014,"AUSTRALIA","Victoria","Winkipop Beach"
"574","18-Mar-2014",2014,"AUSTRALIA","New South Wales","Lennox Head"
"575","12-Mar-2014",2014,"AUSTRALIA","New South Wales","Lighthouse Beach"
"576","13-Mar-2014",2014,"CAYMAN ISLANDS","",""
"577","02-Mar-2014",2014,"USA","Florida","Santa Lucea Beach, South Hutchinson Island, St. Lucie County"
"578","20-Feb-2014",2014,"FRENCH POLYNESIA","Society Islands","Huahine"
"579","Reported 17-Feb-2014",2014,"PAPUA NEW GUINEA","",""
"580","08-Feb-2014",2014,"AUSTRALIA","South Australia","Goldsmith Beach, Yorke Peninsula"
"581","07-Feb-2014",2014,"TRINIDAD & TOBAGO","Trinidad",""
"582","07-Feb-2014",2014,"NEW ZEALAND","South Island","Porpoise Bay"
"583","26-Jan-2014",2014,"AUSTRALIA","New South Wales","Umina Beach"
"584","25-Jan-2014",2014,"NEW ZEALAND","South Island","Garden Bay near Cosy Nook"
"585","04-Jan-2014",2014,"JAPAN","Okinawa Prefecture","Off Miyako Island"
"586","2014",2014,"USA","Hawaii",""
"587","2014",2014,"NEW ZEALAND","","Stewart Island"
"588","25-Dec-2013",2013,"NEW CALEDONIA","North Province","Lindéralique, Hienghène"
"589","16-Dec-2013",2013,"SOUTH AFRICA","Western Cape Province","Die Platt"
"590","13-Dec-2013",2013,"KIRIBATI","740 miles SE of Tarawa Atoll",""
"591","11-Dec-2013",2013,"USA","Hawaii","Ninole Bay, Hawaii County"
"592","10-Dec-2013",2013,"USA","Florida","Cocoa Beach, Brevard  County"
"593","05-Dec-2013",2013,"AUSTRALIA","New South Wales","Shelly Beach, near Port Macquarie"
"594","02-Dec-2013",2013,"USA","Hawaii","Between  Makena & Molokini, Maui"
"595","30-Nov-2013",2013,"AUSTRALIA","New South Wales","Riecks Point,  Campbell’s Beach, "
"596","29-Nov2013",2013,"USA","Hawaii","Keawekapu Beach, Kihei, Maui"
"597","23-Nov-2013",2013,"AUSTRALIA","Western Australia","Gracetown"
"598","22-Nov-2013",2013,"USA","Oregon","Gleneden Beach, Lincoln County"
"599","12-Nov-2013",2013,"AUSTRALIA","Western Australia","Trigg Beach, Perth"
"600","10-Nov-2013",2013,"BAHAMAS","","Off Cape Eleuthera"
"601","07-Nov-2013",2013,"USA","New Jersey","Bay Head, Ocean County"
"602","07-Nov-2013",2013,"USA","Florida","Floridana Beach, Brevard County"
"603","31-Oct-2013",2013,"USA","Hawaii","Kanaha Beach, Maui"
"604","28-Oct-2013",2013,"AUSTRALIA","Western Australia","Turquoise Bay"
"605","26-Oct-2013",2013,"REUNION","d’Étang-Salé","Ravine Mula"
"606","26-Oct-2013",2013,"AUSTRALIA","Western Australia","Little Island, near Hillarys"
"607","24-Oct-2013",2013,"AUSTRALIA","New South Wales","South Narrabeen Beach"
"608","23-Oct-2013",2013,"USA","Hawaii","Waiehu, Maui"
"609","20-Oct-2013",2013,"USA","Hawaii","Pila'a Beach, Kaua'i"
"610","19-Oct-2013",2013,"USA","Florida","Miami Beach"
"611","11-Oct-2013",2013,"SOUTH AFRICA","Eastern Cape Province","Albatros Point, near Jeffrey's Bay"
"612","08-Oct-2013",2013,"AUSTRALIA","Western Australia","Off Poison Creek, Cape Arid"
"613","06-Oct-2013",2013,"USA","California","Bunkers, Humboldt Bay, Eureka, Humboldt County"
"614","10-Oct-2013",2013,"USA","Florida","Destin, Okaloosa County"
"615","29-Sep-2013",2013,"USA","Florida","Melbourne Beach, Brevard County"
"616","29-Sep-2013",2013,"ISRAEL","Southern District","Ashdod"
"617"," 25-Sep-2013",2013,"USA","Florida","Panama City, Bay County"
"618"," 21-Sep-2013",2013,"USA","Florida","Ormond Beach, Volusia County"
"619"," 21-Sep-2013",2013,"USA","Florida","Carlin Park, Jupiter, Palm Beach County"
"620"," 14-Sep-2013",2013,"USA","Florida","Casino Beach, Pensacola, Escambia County"
"621"," 12-Sep-2013",2013,"USA","Florida","New Smyrna Beach,  Volusia County"
"622","08-Sep-2013",2013,"USA","South Carolina","St. Helena Island, Beaufort County"
"623"," 07-Sep-2013",2013,"USA","Florida","New Smyrna Beach,  Volusia County"
"624"," 07-Sep-2013",2013,"USA","Florida","New Smyrna Beach,  Volusia County"
"625"," 02-Sep-2013",2013,"USA","Florida","Ormond Beach, Volusia County"
"626"," 01-Sep-2013",2013,"USA","Florida","Key West Aquarium"
"627"," 01-Sep-2013",2013,"BAHAMAS","",""
"628"," 01-Sep-2013",2013,"USA","Florida","St Augustine Beach, St Johns County"
"629","31-Aug-2013",2013,"BAHAMAS","","Freetown Beach"
"630","31-Aug-2013",2013,"USA","California","Butterfly Beach, Montecito, Santa Barbara County"
"631","29-Aug-2013",2013,"USA","California","Catalina Channel"
"632","26-Aug-2013",2013,"FRANCE","Bay of Biscay",""
"633"," 25-Aug-2013",2013,"USA","Florida","Winterhaven Park,           Ponce Inlet, Volusia County"
"634"," 25-Aug-2013",2013,"AUSTRALIA","New South Wales","Smiths"
"635"," 18-Aug-2013",2013,"USA","Hawaii","Pohoiki "
"636","17-Aug-2013",2013,"USA","California","Pillar Point, Half-Moon Bay, San Mateo County"
"637"," 14-Aug-2013",2013,"USA","Hawaii","Makenat, Maui"
"638"," 13-Aug-2013",2013,"USA","Hawaii","Ka'a Point, Maui"
"639","11-Aug-2013",2013,"USA","South Carolina","Folly Beach"
"640","Reported 08-Aug-2013",2013,"SOUTH AFRICA","",""
"641"," 05-Aug-2013",2013,"USA","Florida","Sanibel Island, Lee County"
"642","  31-Jul-2013",2013,"USA","Hawaii","Ulua Beach, Maui"
"643","  30-Jul-2013",2013,"USA","South Carolina","Isle of Palms, Charleston County"
"644","28-Jul-2013",2013,"BAHAMAS","Abaco Islands","Scotland Cay"
"645","  29-Jul-2013",2013,"MEXICO","Quintana Roo",""
"646","  29-Jul-2013",2013,"USA","Hawaii","White Plains Beach, Oahu"
"647","28-Jul-2013",2013,"BAHAMAS","Exuma Islands","Compass Cay"
"648","28-Jul-2013",2013,"BAHAMAS","Abaco Islands","Grand Cay"
"649","    22-Jul-2013",2013,"BRAZIL","Pernambuco","Boa Viagem Beach, Recife"
"650","19-Jul-2013",2013,"USA","Alabama","Gulf Shores, Baldwin County"
"651","Reported 17-Jul-2013",2013,"USA","Florida","Butler Beach, St Augustine,       St. Johns County"
"652","15-Jul-2013",2013,"REUNION","Saint-Paul","Le cimetière marin"
"653","14-Jul-2013",2013,"DIEGO GARCIA","",""
"654","11-Jul-2013",2013,"USA","North Carolina","Holden Beach. Brunswick County"
"655","07-Jul-2013",2013,"SPAIN","Catalonia","Sant Marti d’Empuries Beach, L’Escala"
"656","02-Jul-2013",2013,"AUSTRALIA","Victoria","Flinders, Mornington Penisula"
"657","30-Jun-2013",2013,"TAIWAN","Taitung ",""
"658","27-Jun-2013",2013,"JAMAICA","Kingston Parish","Port Royal"
"659","25-Jun-2013",2013,"USA","California","Pacific State , San Mateo County"
"660","25-Jun-2013",2013,"USA","Florida","Jacksonville, Duval County"
"661","25-Jun-2013",2013,"USA","South Carolina","Kiawah Island, Charleston County"
"662","18-Jun-2013",2013,"USA","Hawaii","Kona Coast State Park"
"663","17-Jun-2013",2013,"USA","Texas","Surfside Beach, Brazoria County"
"664","16-Jun-2013",2013,"SOUTH AFRICA","Eastern Cape Province","Queensberry Bay"
"665","15-Jun-2013",2013,"USA","Florida","Atlantic Beach, Duval County"
"666","Reported 14-Jun-2013",2013,"USA","South Carolina","Myrtle Beach, Horry County"
"667","06-Jun-2013",2013,"USA","Florida","Off Snipe Point, Florida Keys, Monroe County"
"668","06-Jun-2013",2013,"AUSTRALIA","New South Wales","Target Beach"
"669","27-May-2013",2013,"USA","Hawaii","Halewia, Oahu"
"670","27-May-2013",2013,"USA","Florida","Ormond Beach, Volusia County"
"671","23-May-2013",2013,"BRAZIL","Pernambuco","Coral Cove Beach"
"672","23-May-2013",2013,"PALESTINIAN TERRITORIES","","Gaza"
"673","14-May-2014",2013,"ECUADOR","Santa Cruz Island","Playa Brava, Turtle Bay"
"674","08-May-2013",2013,"USA","California","Tourmaline Surf Park, San Diego County"
"675","08-May-2013",2013,"REUNION","Saint-Gilles","Brisant Beach"
"676","04-May-2013",2013,"USA","Florida","Melbourne Beach, Brevard County"
"677","28-Apr-2013",2013,"AUSTRALIA","New South Wales","Emerald Beach"
"678","24-Apr-2013",2013,"MEXICO","Quintana Roo","Seagull Beach, Cancun"
"679","21-Apr-2013",2013,"AUSTRALIA","New South Wales","Crowdy Head"
"680","17-Apr-2013",2013,"USA","Florida","Near Boynton Beach, Palm Beach County"
"681","14-Apr-2013",2013,"SOUTH AFRICA","Western Cape Province","False Bay"
"682","13-Apr-2013",2013,"USA","Florida","New Smyrna Beach, Volusia County"
"683","13-Apr-2013",2013,"GUAM","",""
"684","10-Apr-2013",2013,"FRENCH POLYNESIA","Tuamotus","North Pass, Fakarava"
"685","04-Apr-2013",2013,"USA","Florida","Jensen Beach, Martin County "
"686","Reported 02-Apr-2013",2013,"AUSTRALIA","Western Australia","Perth"
"687","02-Apr-2013",2013,"USA","Hawaii","Ka’anapali Shores"
"688","31-Mar-2013",2013,"AUSTRALIA","New South Wales","Terrigal Beach"
"689","29-Mar-2013",2013,"SEYCHELLES","","Ile Platte"
"690","Reported 21-Mar-2013",2013,"BELIZE","",""
"691","21-Mar-2013",2013,"BAHAMAS","Eleuthera","Savannah Sound"
"692","16-Mar-2013",2013,"SOUTH AFRICA","Western Cape Province","De Mond"
"693","16-Mar-2013",2013,"SOUTH AFRICA","Western Cape Province","Hawston Beach"
"694","12-Mar-2013",2013,"JAMAICA","St. Catherine","Pillikin Red Light area "
"695","10-Mar-2013",2013,"AUSTRALIA","Western Australia","African Reef off Geraldton"
"696","10-Mar-2013",2013,"PHILIPPINES","Palawan","Off Likas Island"
"697","03-Mar-2013",2013,"SOUTH AFRICA","Eastern Cape Province","Port St. John's"
"698","27-Feb-2013",2013,"NEW ZEALAND","North Island","Muriwai"
"699","21-Feb-2013",2013,"USA","Hawaii","Ka'anapali, Honokowai, Maui"
"700","21-Feb-2013",2013,"USA","Hawaii","Paia Bay, Maui"
"701","10-Feb-2013",2013,"USA","Florida","""Stuart Rocks"", Martin County"
"702","09-Feb-2013",2013,"FRENCH POLYNESIA","Society Islands","Tapu, a dive site on the outer reefs of Bora Bora"
"703","01-Feb-2013",2013,"JAMAICA","Kingston Parish","Pedro Cays"
"704","26-Jan-2013",2013,"AUSTRALIA","Victoria","Cape Nelson"
"705","25-Jan-2013",2013,"AUSTRALIA","Queensland","Noosa"
"706","Reported 21-Jan-2013",2013,"AUSTRALIA","Queensland","Bullcock Beach"
"707","16-Jan-2013",2013,"USA","Hawaii","Kiholo Bay"
"708","13-Jan-2013",2013,"NEW ZEALAND","Mercury Islands","Great Mercury Island"
"709","05-Jan-2013",2013,"AUSTRALIA","Western Australia","Near Legendre Island"
"710","31-Dec-2012",2012,"USA","Florida","Jensen Beach, Martin County "
"711","30-Dec-2012",2012,"AUSTRALIA","New South Wales","Between Dee Why and Long Reef"
"712","28-Dec-2012",2012,"AUSTRALIA","New South Wales","Kylie's Beach, Diamond Head"
"713","25-Dec-2012",2012,"SOUTH AFRICA","Eastern Cape Province","Port St. John's"
"714","19-Dec-2012",2012,"AUSTRALIA","Western Australia","Trigg Beach"
"715","05-Dec-2012",2012,"USA","Hawaii","Kauai"
"716","02-Dec-2012",2012,"AUSTRALIA","New South Wales","Green Island"
"717","December 2012",2012,"NEW ZEALAND","South Island","Sunday Cove, Fiordland"
"718","30-Nov-2012",2012,"USA","Hawaii","Kihei, Maui"
"719","27-Nov-2012",2012,"AUSTRALIA","Queensland","Mooloolaba"
"720","22-Nov-2012",2012,"MEXICO","Sinaloa","Nuevo Altata"
"721","19-Nov-2012",2012,"USA","Florida","Melbourne Beach, Brevard County"
"722","04-Nov-2012",2012,"USA","Hawaii","Makena Landing, Maui"
"723","04-Nov-2012",2012,"USA","Hawaii","Davidson's Surf Break, Kekaha, Kaua'i"
"724","30-Oct-2012",2012,"USA","California","Humboldt Bay, Eureka, Humboldt County"
"725","27-Oct-2012",2012,"USA","Hawaii","Makena Landing, Maui"
"726","23-Oct-2012",2012,"USA","California","Surf Beach, Lompoc, Santa Barbara County"
"727","19-Oct-2012",2012,"USA","Florida","Seaport, Brevard County"
"728","18-Oct-2012",2012,"USA","Florida","Ponce Inlet, Volusia County"
"729","18-Oct-2012",2012,"USA","Hawaii","Kanaha Beach, Maui"
"730","16-Oct-2012",2012,"USA","Florida","Hobe Sound"
"731","Reported 11-Oct-2012",2012,"NIGERIA","Delta","Oboro"
"732","10-Oct-2012",2012,"USA","California","Davenport Landing, Santa Cruz County"
"733","02-Oct-2012",2012,"AUSTRALIA","Western Australia","Mullaloo Beach, Perth"
"734","25-Sep-2012",2012,"USA","Florida","Melbourne Beach, Brevard County"
"735","24-Sep-2012",2012,"USA","Florida","Spanish House Beach, Brevard County"
"736","16-Sep-2012",2012,"USA","Florida"," Cocoa Beach, Brevard  County"
"737","10-Sep-2012",2012,"TONGA","Vava'u","Eueiki Island"
"738","09-Sep-2012",2012,"USA","Florida","New Smyrna Beach, Volusia County"
"739","08-Sep-2012",2012,"USA","Florida","Lori Wilson Park, Cocoa Beach, Brevard  County"
"740","08-Sep-2012",2012,"USA","Florida","South Beach, Miami-Dade County"
"741","06-Sep-2012",2012,"USA","Florida","Neptune Beach, Duval County"
"742","06-Sep-2012",2012,"USA","Florida","St. Augustine Beach, St. John's County"
"743","04-Sep-2012",2012,"USA","Florida","Melbourne Beach, Brevard County"
"744","02-Sep-2012",2012,"USA","Florida","New Smyrna Beach, Volusia County"
"745","02-Sep-2012",2012,"USA","Hawaii","Spreckelsville, Maui"
"746","02-Sep-2012",2012,"USA","Florida","New Smyrna Beach, Volusia County"
"747","31-Aug-2012",2012,"SCOTLAND","Inner Hebrides","Off the Isle of Islay"
"748","28-Aug-2012",2012,"AUSTRALIA","Western Australia","Red Bluff near Quobba Station"
"749","26-Aug-2012",2012,"BRAZIL","Pernambuco","Coral Cove, Cabo de Santo Agostinho"
"750","15-Aug-2012",2012,"USA","Alabama","Gulf Shores, Baldwin County"
"751","11-Aug-2012",2012,"AUSTRALIA","Western Australia","Ocean Reef"
"752","08-Aug-2012",2012,"USA","Florida","Key Largo"
"753","06-Aug-2012",2012,"REUNION","Saint Leu",""
"754","04-Aug-2012",2012,"FRENCH POLYNESIA","Tuamotus","Kaukura Atoll"
"755","31-Jul-2012",2012,"USA","California","Topanga Beach, Los Angeles County"
"756","31-Jul-2012",2012,"AUSTRALIA","South Australia","Streaky Bay"
"757","30-Jul-2012",2012,"USA","Hawaii","Maha‘ulepu Beach, Kauai"
"758","30-Jul-2012",2012,"USA","Massachusetts","Ballston Beach, Truro, Cape Cod"
"759","24-Jul-2012",2012,"USA","North Carolina","Ocean Isle, Brunswick County"
"760","23-Jul-2012",2012,"REUNION","Trois-Bassins",""
"761","21-Jul-2012",2012,"TRINIDAD & TOBAGO","Trinidad","Off Radix Village, Mayoro County"
"762","19-Jul-2012",2012,"CANADA","British Colombia","Tofino, Vancouver"
"763","14-Jul-2012",2012,"AUSTRALIA","Western Australia","Off Wedge Island"
"764","08-Jul-2012",2012,"USA","North Carolina","North Topsail Beach, Onslow County"
"765","07-July-2012",2012,"BAHAMAS","Eleuthera",""
"766","07-Jul-2012",2012,"AUSTRALIA","Victoria","Ship's Graveyard off Point Lonsdale"
"767","07-Jul-2012",2012,"USA","California","Pleasure Point, Santa Cruz County"
"768","06-Jul-2012",2012,"SOUTH AFRICA","Western Cape Province","Sandstrand, Jongensfontein"
"769","Reported 28-Jun-2012",2012,"CROATIA","","Buccari Bay"
"770","26-Jun-2012",2012,"USA","Florida","Juno Beach, Palm Beach County"
"771","26-Jun-2012",2012,"USA","Florida","New Smyrna Beach, Volusia County"
"772","26-Jun-2012",2012,"USA","Hawaii","Kahana Beach, Maui"
"773","22-Jun-2012",2012,"AUSTRALIA","Tasmania","South Cape Bay"
"774","22-Jun-2012",2012,"USA","Florida","Bathtub Reef  Beach, Stuart, Martin County"
"775","20-Jun-2012",2012,"AUSTRALIA","Western Australia","Mullaloo Beach, Perth"
"776","19-Jun-2012",2012,"USA","South Carolina","Myrtle Beach, Horry County"
"777","18-Jun-2012",2012,"USA","North Carolina","Ocean Isle, Brunswick County"
"778","15-Jun-2012",2012,"USA","Florida","Summerland Key, Monroe County"
"779","14-Jun-2012",2012,"USA","South Carolina","Myrtle Beach, Horry County"
"780","14-Jun-2012",2012,"USA","South Carolina","Myrtle Beach, Horry County"
"781","14-Jun-2012",2012,"USA","South Carolina","Myrtle Beach, Horry County"
"782","14-Jun-2012",2012,"USA","South Carolina","Myrtle Beach, Horry County"
"783","12-Jun-2012",2012,"AUSTRALIA","Victoria","Port Campbell"
"784","10-Jun-2012",2012,"ITALY","Sardinia","Muravera"
"785","03-Jun-2012",2012,"AUSTRALIA","New South Wales","Redhead Beach, Newcastle"
"786","02-Jun-2012",2012,"USA","Florida","Bethune Beach, Volusia County"
"787","02-Jun-2012",2012,"USA","South Carolina","Myrtle Beach, Horry County"
"788","31-May-2012",2012,"USA","North Carolina","Avon, Hatteras Island, Outer Banks, Dare County"
"789","29-May-2012",2012,"MEXICO","Guerrero"," Boca de la Leña, La Unión"
"790","23-May-2012",2012,"USA","Florida","Jacksonville, Duval County"
"791","20-May-2012",2012,"USA","Hawaii","Iroquiois Point, Oahu"
"792","16-May-2012",2012,"FIJI","","Matacucu Reef "
"793","12-May-2012",2012,"USA","California","Leffingwell Landing, Cambria,  San Luis Obispo County"
"794","09-May-2012",2012,"USA","Florida","Vero Beach, Indian River County"
"795","06-May-2012",2012,"USA","California","Off Catalina Island"
"796","19-Apr-2012",2012,"USA","Florida","Indialantic, Brevard County"
"797","19-Apr-2012",2012,"SOUTH AFRICA","Western Cape Province","Caves near Kogel Bay"
"798","11-Apr-2012",2012,"AUSTRALIA","South Australia","Dolphin Bay, Innes National Park"
"799","03-Apr-2012",2012,"USA","Hawaii","Leftovers near Chun's Reef, Oahu"
"800","Apr-2013",2012,"USA","Florida","Sanibel Island, Lee County"
"801","31-Mar-2012",2012,"AUSTRALIA","Western Australia","Stratham Beach"
"802","24-Mar-2012",2012,"USA","Florida","New Smyrna Beach, Volusia County"
"803","22-Mar-2012",2012,"AUSTRALIA","Western Australia","Kalbarri"
"804","20-Mar-2012",2012,"AUSTRALIA","Queensland","Nobby's Beach"
"805","15-Mar-2012",2012,"USA","Florida","Jensen Beach, Martin County "
"806","14-Mar-2012",2012,"USA","Florida","New Smyrna Beach, Volusia County"
"807","14-Mar-2012",2012,"USA","Florida","New Smyrna Beach, Volusia County"
"808","06-Mar-2012",2012,"NEW ZEALAND","North Island","Opunake, Taranake"
"809","06-Mar-2012",2012,"AUSTRALIA","Victoria","Shipwreck Cove, Melbourne Aquarium"
"810","05-Mar-2012",2012,"REUNION","Saint-Benoit","Port de la Marine"
"811","04-Mar-2012",2012,"USA","Florida","Playalinda Beach, Brevard County"
"812","03-Mar-2012",2012,"SAUDI ARABIA","Tabuk Province","Off Duba"
"813","01-Mar-2012",2012,"CHILE","Antofagasta Province","Antofagasta"
"814","26-Feb-2012",2012,"USA","Florida","Palm Beach Inlet, Palm Beach County"
"815","25-Feb-2012",2012,"AUSTRALIA","New South Wales","Broughton Island"
"816","20-Feb-2012",2012,"SOUTH AFRICA","Western Cape Province","Strandfontein"
"817","06-Feb-2012",2012,"AUSTRALIA","Queensland","Wurtulla"
"818","27-Jan-2012",2012,"USA","Hawaii","Lanai"
"819","19-Jan-2012",2012,"AUSTRALIA","Western Australia","Coral Bay"
"820","Reported 22-Jan-2012",2012,"BAHAMAS","","Cat Island"
"821","18-Jan-2012",2012,"TAIWAN","Taitung ","Taimali"
"822","18-Jan-2012",2012,"AUSTRALIA","New South Wales","Redhead Beach"
"823","15-Jan-2012",2012,"SOUTH AFRICA","Eastern Cape Province","Second Beach, Port St. Johns"
"824","13-Jan-2012",2012,"USA","Oregon","Lincoln City, Lincoln County"
"825","03-Jan-2012",2012,"AUSTRALIA","New South Wales","North Avoca Beach"
"826","02-Jan-2012",2012,"AUSTRALIA","Queensland","Duranbah"
"827","31-Dec-2011",2011,"USA","Florida","Jupiter, Palm Beach County"
"828","Reported 26-Dec-2011",2011,"ANTIGUA","St John's","Fort James Beach"
"829","25-Dec-2011",2011,"ECUADOR","Santa Elena","Barandúa Beach"
"830","23-Dec-2011",2011,"USA","Florida","New Smyrna Beach"
"831","21-Dec-2011",2011,"USA","Hawaii","Makahuena Point, Kauai"
"832","21-Dec-2011",2011,"SOUTH AFRICA","Eastern Cape Province","Noordhoek, Port Elizabeth"
"833","11-Dec-2011",2011,"AUSTRALIA","New South Wales","Angourie"
"834","07-Dec-2011",2011,"SOUTH AFRICA","KwaZulu-Natal","Between Sodwana & Cape Vidal"
"835","07-Dec-2011",2011,"AUSTRALIA","New South Wales","Maroubra"
"836","06-Dec-2011",2011,"USA","Oregon","Seaside Cove"
"837","05-Dec-2011",2011,"AUSTRALIA","Queensland","Bushy Ilet"
"838","02-Dec-2011",2011,"AUSTRALIA","New South Wales","Broken Head"
"839","29-Nov-2011",2011,"INDONESIA","Bali","Tabanan"
"840","28-Nov-2011",2011,"AUSTRALIA","Queensland","Peregian"
"841","22-Nov-2011",2011,"USA","California","Pigeon Point"
"842","Reported 20-Nov-2011",2011,"PAPUA NEW GUINEA","East New Britain","Pigeon Island"
"843","12-Nov-2011",2011,"BRAZIL","Pernambuco","Punta Del Chifre Beach, Olinda"
"844","11-Nov-2011",2011,"REUNION","Bois-Blanc ","Sainte-Rose"
"845","  29-Oct-2011",2011,"USA","California","Marina State Beach, Monterey County"
"846","Reported 28-Oct-2011",2011,"SCOTLAND","Moray","Spey Bay"
"847","  29-Oct-2011",2011,"SOUTH AFRICA","KwaZulu-Natal","uShaka Aquarium, Durban"
"848","22-Oct-2011",2011,"AUSTRALIA","Western Australia","Rottnest Island"
"849","20-Oct-2011",2011,"USA","Oregon","Newport, Lincoln County"
"850","19-Oct-2011",2011,"AUSTRALIA","Victoria","Elwood Beach"
"851","11-Oct-2011",2011,"USA","Florida","Cape Canaveral"
"852","10-Oct-2011",2011,"USA","Oregon","Seaside"
"853","09-Oct-2011",2011,"AUSTRALIA","Western Australia","Cottesloe Beach"
"854","05-Oct-2011",2011,"REUNION","","Cap La Houssaye"
"855","02-Oct-2011",2011,"USA","Florida","Santa Maria Island, Manatee County"
"856","01-Oct-2011",2011,"USA","Alabama","Gulf Shores, Baldwin County"
"857","30-Sep-2011",2011,"USA","Puerto Rico","Hatillo Beach"
"858","28-Sep-2011",2011,"DOMINICAN REPUBLIC","Samaná Province","Playa Jackson "
"859","28-Sep-2011",2011,"SOUTH AFRICA","Western Cape Province","Clovely Beach"
"860","24-Sep-2011",2011,"USA","Florida","Santa Maria Island, Manatee County"
"861","24-Sep-2011",2011,"USA","South Carolina","North Myrtle Beach, Horry County"
"862","20-Sep-2011",2011,"USA","Hawaii","Kauai"
"863","19-Sep-2011",2011,"REUNION","Saint-Gilles","Boucan-Canot"
"864","17-Sep-2011",2011,"KENYA","Coast Province","Mama Ngina Beach, Mombasa "
"865","16-Sep-2011",2011,"USA","Florida","New Smyrna Beach"
"866","11-Sep-2011",2011,"USA","California","Samoa Beach, Humboldt County"
"867","11-Sep-2011",2011,"PAPUA NEW GUINEA","Central Province","Hula, near Port Moresby"
"868","04-Sep-2011",2011,"USA","Hawaii","Nimitz State Beach, Oahu"
"869","04-Sep-2011",2011,"AUSTRALIA","Western Australia"," Bunker Bay"
"870","02-Sep-2011",2011,"USA","Florida","New Smyrna Beach, Volusia County"
"871","31-Aug-2011",2011,"USA","Florida","Crescent Beach St. Johns County"
"872","28-Aug-2011",2011,"AUSTRALIA","Queensland","Fantome Island"
"873","28-Aug-2011",2011,"USA","Texas","Grass Island, Aransas County"
"874","26-Aug-2011",2011,"RUSSIA","Primorsky Krai","Slavyanka"
"875","24-Aug-2011 ",2011,"USA","North Carolina","Buxton Beach, Dare County"
"876","24-Aug-2011 ",2011,"USA","North Carolina","Holden Beach. Brunswick County"
"877","23-Aug-2011",2011,"SOUTH AFRICA","Western Cape Province","Lookout Beach, near the Keurbooms river mouth in Plettenberg Bay"
"878","18-Aug-2011",2011,"RUSSIA","Peter the Great Bay, Khasan, Primorsky Krai (Far East)","Zheltukhin Island"
"879","17-Aug-2011",2011,"USA","North Carolina","Kure Beach, New Hanover County"
"880","17-Aug-2011",2011,"USA","North Carolina","Wrightsville Beach, New Hanover County"
"881","17-Aug-2011",2011,"RUSSIA","Telyakovsky Bay, Khasan,  Primorsky Krai (Far East)","Vityaz"
"882","16-Aug-2011",2011,"FRENCH POLYNESIA","Society Islands","Teahupoo, Tahiti"
"883","16-Aug--2011",2011,"USA","Puerto Rico"," Vieques"
"884","16-Aug-2011",2011,"SEYCHELLES","Praslin","Anse Lazio "
"885","15-Aug-2011",2011,"USA","South Carolina","Myrtle Beach, Horry County"
"886","11-Aug--2011",2011,"USA","North Carolina","Beaufort Inlet"
"887","01-Aug-2011",2011,"SEYCHELLES","Praslin","Anse Lazio "
"888","31-Jul-2011",2011,"BRAZIL","Pernambuco","Praia do Pina"
"889","30-Jul-2011",2011,"PHILIPPINES","",""
"890","25-Jul-2011",2011,"USA","New Jersey","Egg Harbor, Atlantic County"
"891","22-Jul-2011",2011,"SOUTH AFRICA","Eastern Cape Province","Cintza Beach, East London"
"892","19-Jul-2011",2011,"USA","North Carolina","Ocracoke Island, Hyde County"
"893","15-Jul-2011",2011,"REUNION","Saint-Gilles","Brisants. "
"894","13-Jul-2011",2011,"USA","Texas","South Padre Island, Cameron County"
"895","13-Jul-2011",2011,"BAHAMAS","Grand Bahama Island","Off Lucaya"
"896","07-Jul-2011",2011,"USA","Texas","Sunday Beach, Matagorda Island, Calhoun  County"
"897","07-Jul-2011",2011,"USA","Texas","Mustang Island, Nueces County"
"898","06-Jul-2011",2011,"REUNION","Saint-Gilles","Roches Noires"
"899","05-Jul-2011",2011,"COLUMBIA","Sucre","Libertad, San Onofre"
"900","30-Jun-2011",2011,"TURKS & CAICOS","Middle Caicos","Mudjin Harbor"
"901","29-Jun-2011",2011,"BRAZIL","Pernambuco","Praia do Pina"
"902","28-Jun-2011",2011,"SOUTH AFRICA","KwaZulu-Natal","Aliwal Shoal"
"903","26-Jun-2008",2011,"USA","North Carolina","North Topsail Beach, Onslow County"
"904","24-Jun-2011",2011,"USA","California","San Onofre State Beach, San Diego County"
"905","21-Jun-2011",2011,"USA","Florida","Perdido Key, Escambia County"
"906","19-Jun-2011",2011,"TURKS & CAICOS","Caicos Bank","French Cay"
"907","19-Jun-2011",2011,"COSTA RICA","Guanacaste","Playa Grande"
"908","15-Jun-2011",2011,"REUNION","Saint-Gilles-les-Bains","Boucan-Canot"
"909","Reported 14-Jun-2011",2011,"UNITED KINGDOM","Cornwall","St. Ives"
"910","12-Jun-2011",2011,"USA","Florida","Off Jupiter Inlet, Palm Beach County"
"911","Reported 06-Jun-2011",2011,"COLUMBIA","San Andrés archipelago","Albuquerque Cay"
"912","06-Jun-2011",2011,"USA","California","La Jolla, San Diego County"
"913","06-Jun-2011",2011,"USA","Florida","New Smyrna Beach, Volusia County"
"914","01-Jun-2011",2011,"MALAYSIA","Kedah","Palau Payar"
"915","30-May-2011",2011,"USA","Texas","Follett's Island, Brazoria County"
"916","29-May-2011",2011,"SOUTH AFRICA","Western Cape Province","Robberg Beach"
"917","25-May-2011",2011,"USA","Hawaii","Lyman Beach, Kailua-Kona"
"918","22-May-2011",2011,"USA","Hawaii","Lyman Beach, Kailua-Kona"
"919","21-May-2011",2011,"SOUTH AFRICA","KwaZulu-Natal","Levan Point"
"920","13-May-2011",2011,"USA","Florida","Ponte Vedra Beach, St Johns County"
"921","21-May-2011",2011,"NEW CALEDONIA","North Province","Kendec"
"922","13-May-2011",2011,"USA","Florida","Ormond Beach, Volusia County"
"923","10-May-2011",2011,"USA","Florida","Miami"
"924","Reported 07-May-2011",2011,"UNITED ARAB EMIRATES (UAE)","Umm al Qaywayan Province","Khor Fakkan "
"925","04-May-2011",2011,"SOUTH AFRICA","KwaZulu-Natal","Palm Beach"
"926","26-Apr-2011",2011,"USA","Florida","Riviera Beach, Palm Beach County"
"927","23-Apr-2011",2011,"AUSTRALIA","Western Australia","Red Bluffs"
"928","22-Apr-2011",2011,"USA","Florida","New Smyrna Beach, Volusia County"
"929","16-Apr-2011",2011,"NEW ZEALAND","South Island","Snapper Point"
"930","13-Apr-2011",2011,"INDONESIA","Bali","Balian"
"931","08-Apr-2011",2011,"FIJI","Vitu Levu","Malake Island, Ra Province"
"932","Reported 29-Mar-2011",2011,"USA","Texas","Matagorda Beach"
"933","24-Mar-2011",2011,"MEXICO","Quintana Roo","Gaviotas Beach, Cancun"
"934","23-Mar-2011",2011,"AUSTRALIA","New South Wales","Crowdy Head"
"935","21-Mar-2011",2011,"MEXICO","Quintana Roo",""
"936","21-Mar-2011",2011,"FIJI","","Nukudamu "
"937","16-Mar-2011",2011,"AUSTRALIA","New South Wales","Jimmys Beach, Port Stephens"
"938","Reported 10-Mar-2010",2011,"EGYPT","South Sinai Peninsula","Sharm-el-Sheikh"
"939","10-Mar-2011",2011,"AUSTRALIA","New South Wales","Tallow Beach, Byron Bay"
"940","Reported 28-Feb-2011",2011,"AUSTRALIA","Queensland","Between "
"941","23-Feb-2011",2011,"NEW CALEDONIA"," Loyalty Islands","Bay of Bweedro, Ouvéa"
"942","18-Feb-2011",2011,"REUNION","Saint Gilles ","Trois-Roches"
"943","17-Feb-2011",2011,"AUSTRALIA","South Australia","Off Perforated Island near Coffin Bay"
"944","13-Feb-2011",2011,"AUSTRALIA","Queensland","Sunshine Beach"
"945","12-Feb-2011",2011,"AUSTRALIA","Western Australia","Exmouth"
"946","Reported 04-Feb-2011",2011,"MEXICO","Colima","Manzanillo, Revillagigedo Islands"
"947","02-Feb-2011",2011,"SOUTH AFRICA","Eastern Cape Province","Sundays River Mouth, Port Elizabeth"
"948","31-Jan-2011",2011,"MEXICO","Quintana Roo","Cancun"
"949","28-Jan-2011",2011,"MEXICO","Colima","Revillagigedo Islands"
"950","26-Jan-2011",2011,"BAHAMAS","West End","Tiger Beach"
"951","20-Jan-2011",2011,"AUSTRALIA","New South Wales","Cudgen Creek "
"952","15-Jan-2011",2011,"SOUTH AFRICA","Eastern Cape Province","Second Beach, Port St. John's"
"953","Reported 12-Jan 2011",2011,"MEXICO","Quintana Roo","Xcalak "
"954","03-Jan-2011",2011,"AUSTRALIA","Western Australia","Busselton"
"955","26-Dec-2010",2010,"USA","Hawaii"," Kahului, Maui"
"956","17-Dec-2010",2010,"FIJI","Vitu Levu","Sigatoka"
"957","11-Dec-2010",2010,"USA","Hawaii","Tavares Bay, Maui"
"958","05-Dec-2010",2010,"EGYPT","South Sinai Peninsula","Middle Garden, Sharm el-Shiekh"
"959","Reported 03-Dec-2010",2010,"INDONESIA","Bali","Balian"
"960","01-Dec-2010",2010,"EGYPT","South Sinai Peninsula","Ras Nasrani, Sharm el-Sheikh"
"961","01-Dec-2010",2010,"EGYPT","South Sinai Peninsula","Ras Nasrani, Sharm el-Sheikh"
"962","30-Nov-2010",2010,"EGYPT","South Sinai Peninsula","Coral Bay, Sharm el-Sheikh"
"963","30-Nov-2010",2010,"EGYPT","South Sinai Peninsula","Coral Bay, Sharm el-Sheikh"
"964","Reported 27-Nov-2010",2010,"SAMOA","",""
"965","27-Nov-2010",2010,"AUSTRALIA","Western Australia","Native Dog Beach"
"966","19-Nov-2010",2010,"USA","Palmyra Atoll",""
"967","15-Nov-2010",2010,"DOMINICAN REPUBLIC","","Boca Chica"
"968","14-Nov-2010",2010,"INDONESIA","Bali","Balian"
"969","Reported 12-Nov-2010",2010,"AUSTRALIA","Western Australia","Between Carnac and Garden Islands"
"970","30-Oct-2010",2010,"AUSTRALIA","Western Australia","Off Garden Island"
"971","Reported 28-Oct-2010",2010,"AUSTRALIA","Western Australia","Cheynes Beach"
"972","28-Oct-2010",2010,"USA","Oregon","Florence"
"973","25-Oct-2010",2010,"AZORES","","350 miles from Faial Island"
"974","23-Oct-2010",2010,"USA","Maine","Burnt Cove near Eastport, Washington County"
"975","23-Oct-2010",2010,"AUSTRALIA","Western Australia","Wedge Island"
"976","22-Oct-2010",2010,"USA","California","Surf Beach, Vandenberg AFB, Santa Barbara County"
"977","20-Oct-2010",2010,"EGYPT","South Sinai Peninsula","Sharm el-Sheikh "
"978","09-Oct-2010",2010,"AUSTRALIA","New South Wales","Mullaway Headland"
"979","02-Oct-2010",2010,"BAHAMAS","Exuma Islands",""
"980","02-Oct-2010",2010,"BAHAMAS","Abaco Islands","Elbow Cay"
"981","01-Oct-2010",2010,"SOUTH AFRICA","Western Cape Province","Melkbaai, Strand"
"982","27-Sep-2010",2010,"USA","Oregon","Winchester Bay"
"983","24-Sep-2010",2010,"USA","Virginia","Sandridge Beach"
"984","21-Sep-2010",2010,"SOUTH AFRICA","Western Cape Province","Between Dyer Island and Pearly Beach"
"985"," 13-Sep-2010",2010,"AUSTRALIA","New South Wales","Fraser's Reef"
"986","07-Sep-2010",2010,"USA","Florida","St. Augustine, St. John's County"
"987","Reported 06-Sep-2010",2010,"TONGA","Ha'api ",""
"988"," 04-Sep-2010",2010,"USA","Florida","New Smyrna Beach, Volusia County"
"989","03-Sep-2010",2010,"USA","Florida","New Smyrna Beach, Volusia County"
"990","03-Sep-2010",2010,"USA","Florida","New Smyrna Beach, Volusia County"
"991","02-Sep-2010",2010,"SOLOMON ISLANDS","Western Province",""
"992","29-Aug-2010",2010,"BAHAMAS","Exuma Islands","Off Jaws Beach, New Providence Island"
"993","18-Aug-2010",2010,"USA","Florida","Crescent Beach St. Johns County"
"994","17-Aug-2010",2010,"AUSTRALIA","Western Australia","Cowaramup Bay"
"995","14-Aug-2010",2010,"USA","California","Pigeon Point, San Mateo County"
"996","10-Aug-2010",2010,"AUSTRALIA","Queensland","Three Mile Creek, Townsville"
"997","10-Aug-2010",2010,"SOUTH KOREA","Jeju Province","Jeju Island"
"998","08-Aug-2010",2010,"AUSTRALIA","New South Wales","Crescent Head"
"999","07-Aug-2010",2010,"USA","North Carolina","Figure Eight Island, Wilmington, New Hanover County"
"1000","07-Aug-2010",2010,"MALTA","","Off Fort St. Elmo, Valetta"
"1001","05-Aug-2010",2010,"USA","Florida","Bethune Beach, Volusia County"
"1002","02-Aug-2010",2010,"USA","California","Near oil rig Hondo, 5 nm from Gaviota, Santa Barbara County"
"1003","02-Aug-2010",2010,"USA","Florida","Micklers Landing, St. Johns County"
"1004","25-Jul-2010",2010,"USA","South Carolina","Isle of Palms, Charleston County"
"1005","23-Jul-2010",2010,"USA","Florida","Jacksonville Beach, Duval County"
"1006","19-Jul-2010",2010,"USA","South Carolina","Myrtle Beach"
"1007","17-Jul-2010",2010,"USA","North Carolina","Wrightsville Beach, New Hanover County"
"1008","17-Jul-2010",2010,"USA","Florida","New Smyrna Beach"
"1009","16-Jul-2010",2010,"SPAIN","Grand Canary Island","Sardina del Norte, Gáldar"
"1010","16-Jul-2010",2010,"USA","Texas","Galveston"
"1011","11-Jul-2010",2010,"USA","Florida","Lauderdale-by-the-Sea, Broward County"
"1012","04-Jul-2010",2010,"SOUTH AFRICA","KwaZulu-Natal","Two Mile Reef, Sodwana Bay"
"1013","03-Jul-2010",2010,"USA","New York","Off Long Island"
"1014","02-Jul-2010",2010,"USA","California","Pismo Beach, San Luis  Obispo County"
"1015","02-Jul-2010",2010,"USA","California","Dog Patch, San Onofre"
"1016","27-Jun-2010",2010,"USA","Texas","Eight Mile Beach, Galveston"
"1017","25-Jun-2010",2010,"USA","South Carolina","Fripp Island"
"1018","25-Jun-2010",2010,"USA","North Carolina","Topsail Island, Pender County"
"1019","15-Jun-2010",2010,"VIETNAM","Binh Dinh Province","Quy Nhon "
"1020","10-Jun-2010",2010,"USA","Florida","Jacksonville"
"1021","06-Jun-2010",2010,"AUSTRALIA","Western Australia","Conspicuous Beach, near Walpole"
"1022","Jun-2010",2010,"USA","Florida","Ponte Vedra Beach, St Johns County"
"1023","30-May-2010",2010,"USA","Florida","Off Tarpon Springs"
"1024","18-May-2010",2010,"VIETNAM","Binh Dinh Province","Quy Nhon "
"1025","18-May-2010",2010,"VIETNAM","Binh Dinh Province","Quy Nhon "
"1026","18-May-2010",2010,"AUSTRALIA","New South Wales","Point Plomer"
"1027","03-May-2010",2010,"MADAGASCAR","Antsiranana Province"," Ambatolaoka, Nosy Be Island"
"1028","01-May-2010",2010,"USA","Florida","New Smyrna Beach"
"1029","28-Apr-2010",2010,"USA","Florida","Hanalei Bay"
"1030","19-Apr-2010",2010,"USA","Hawaii","Hanalei Bay, Kauai"
"1031","13-Apr-2010",2010,"SOUTH AFRICA","Eastern Cape Province","East Beach, Port Alfred"
"1032","04-Apr-2010",2010,"EGYPT","Sinai Peninsula","Sharm el-Sheikh "
"1033"," 27-Mar-2010",2010,"REUNION","Saint-Benoit","Bittern"
"1034","190Feb-2010",2010,"NEW ZEALAND","South Island","Tahunanui Beach"
"1035","16-Feb-2010",2010,"SOUTH AFRICA","Eastern Cape Province","Yellow Sands Point"
"1036","15-Feb-2010",2010,"FIJI","Off Vanua Levu","Nara Reef"
"1037","13-Feb-2010",2010,"AUSTRALIA","Queensland","Dent Island, Whitsundays"
"1038","11-Feb-2010",2010,"AUSTRALIA","New South Wales","Mona Vale Beach, Sydney"
"1039","Reported 06-Feb-2010",2010,"NEW ZEALAND","South Island","Cosy Nook"
"1040","06-Feb-2010",2010,"AUSTRALIA","New South Wales","Turners' Beach"
"1041","06-Feb-2010",2010,"USA","Florida","Riviera Beach"
"1042","04-Feb-2010",2010,"GUAM","Merizo","Achang Reef"
"1043","03-Feb-2010",2010,"USA","Florida","Stuart, Martin County"
"1044","01-Feb-2010",2010,"NEW ZEALAND","South Island","Oreti Beach"
"1045","31-Jan-2010",2010,"BRAZIL","Rio Grande Do Sul","Atlantis Beach, near Tramandai"
"1046","27-Jan-2010",2010,"AUSTRALIA","Queensland","Archie's Beach"
"1047","22-Jan-2010",2010,"UNITED ARAB EMIRATES (UAE)","Dubai","Umm Suqeim Beach, Dubai"
"1048","22-Jan-2010",2010,"AUSTRALIA","Victoria","Geelong"
"1049","12-Jan-2010",2010,"SOUTH AFRICA","Western Province","Fish Hoek"
"1050","09-Jan-2010",2010,"AUSTRALIA","Torres Strait","Thursday Island"
"1051","09-Jan-2010",2010,"VIETNAM","Binh Dinh Province","Quy Nhon "
"1052","09-Jan-2010",2010,"VIETNAM","Binh Dinh Province","Quy Nhon "
"1053","09-Jan-2010",2010,"VIETNAM","Binh Dinh Province","Quy Nhon "
"1054","06-Jan-2010",2010,"USA","Florida","Elliot Key"
"1055","05-Jan-2010",2010,"SOUTH AFRICA","Eastern Province","Nahoon, East London"
"1056","29-Dec-2009",2009,"SOUTH AFRICA","Eastern Cape  Province","Port Alfred"
"1057","26-Dec-2009",2009,"AUSTRALIA","New South Wales","Avoca Beach"
"1058","22-Dec-2009",2009,"MOZAMBIQUE","Maputo Province","Ponta do Ouro"
"1059","20-Dec-2009",2009,"AUSTRALIA","Queensland","Mudjimba Island"
"1060","20-Dec-2009",2009,"AUSTRALIA","Queensland","Lamont Reef"
"1061","18-Dec-2009",2009,"SOUTH AFRICA","Eastern Cape Province","Second Beach, Port St. Johns"
"1062","18-Dec-2009",2009,"SOUTH AFRICA","KwaZulu-Natal","North Beach, Durban"
"1063","16-Dec-2009",2009,"NEW ZEALAND","South Island","Clark Island"
"1064","13-Dec-2009",2009,"AUSTRALIA","New South Wales","Coffee Head"
"1065","12-Dec-2009",2009,"AUSTRALIA","New South Wales","Hawks Nest Beach"
"1066","05-Dec-2009",2009,"USA","New Jersey","Adventure Aquarium, Camden"
"1067","25-Nov-2009",2009,"USA","California","Huntington Beach, Orange County"
"1068","24-Nov-2009",2009,"USA","Florida","Lori Wilson Park, Cocoa Beach, Brevard County"
"1069","16-Nov-2009",2009,"USA","California","Loch Lomond, Marin County"
"1070","16-Nov-2009",2009,"USA","Florida","Jupiter, Palm Beach County"
"1071","13-Nov-2009",2009,"USA","Florida","Jupiter, Palm Beach County"
"1072","11-Nov-2009",2009,"USA","Florida","New Smyrna Beach, Volusia County"
"1073","08-Nov-2009",2009,"AUSTRALIA","South Australia","Second Valley"
"1074","05-Nov-2009",2009,"USA","California","Davenport, Santa Cruz County"
"1075","30-Oct-2009",2009,"AUSTRALIA","Victoria","Portland"
"1076","Reported 29-Oct-2009",2009,"MOZAMBIQUE","Inhambane Province","Off Vilanculo"
"1077","28-Oct-2009",2009,"AUSTRALIA","New South Wales","Lennox Heads"
"1078","24-Oct-2009",2009,"USA","California","San Onofre, San Diego County "
"1079","19-Oct-2009",2009,"USA","Hawaii","Kalama Park, Maui"
"1080","18-Oct-2009",2009,"PANAMA","Bocas","Playa La Cabaña "
"1081","17-Oct-2009",2009,"SCOTLAND","Fife","Deep Sea World Aquarium"
"1082","Reported 14-Oct-2009",2009,"AUSTRALIA","Western Australia",""
"1083","09-Oct-2009",2009,"USA","California","San Onofre State Beach, San Diego County"
"1084","02-Oct-2009",2009,"UNITED KINGDOM","Devon","Mewstone Rock"
"1085","26-Sep-2009",2009,"USA","Florida","Key Colony Beach, Monroe County"
"1086","18-Sep-2009",2009,"VIETNAM","",""
"1087","15-Sep-2009",2009,"SOMALIA","","300 miles off the coast "
"1088","13-Sep-2009",2009,"BRAZIL","Pernambuco","Piedade, Recife"
"1089","12-Sep-2009",2009,"USA","North Carolina","Corolla, Currituck County"
"1090","07-Sep-2009",2009,"BRAZIL","Pernambuco","Piedade, Recife"
"1091","02-Sep-2009",2009,"NEVIS","","Castle Beach"
"1092","01-Sep-2009",2009,"SOLOMON ISLANDS","Makira-Ulawa Province","Kirakira, Makira Island (formerly San Cristobal)"
"1093","30-Aug-2009",2009,"USA","California","Huntington Beach, Orange County"
"1094","29-Aug-2009",2009,"SOUTH AFRICA","Western Cape Province","Glentana"
"1095","25-Aug-2009",2009,"USA","California","Terramar Beach, Carlsbad, San Diego County"
"1096","11-Aug-2009",2009,"SOUTH AFRICA","KwaZulu-Natal","Alkantstrand "
"1097","10-Aug-2009",2009,"USA","Florida","Ponce, Volusia County"
"1098","06-Aug-2009",2009,"USA","Hawaii","Kawa'a "
"1099","01-Aug-2009",2009,"USA","Louisiana","Curlew Island, Breton Sound"
"1100","31-July-2009",2009,"BAHAMAS","Abaco Islands","Spanish Cay"
"1101","30-Jul-2009",2009,"AUSTRALIA","New South Wales","Broken Head"
"1102","29-Jul-2009",2009,"VIETNAM","Binh Dinh Province","Quy Nhon "
"1103","Reported 24-Jul-2009",2009,"KENYA","Mombasa","Likoni Channel"
"1104","24-Jul-2009",2009,"USA","Texas","South Padre Island"
"1105","24-Jul-2009",2009,"SPAIN","Catalunya","Sant Salvador"
"1106","22-Jul-2009",2009,"USA","North Carolina","Holden Beach. Brunswick County"
"1107","22-Jul-2009",2009,"USA","Florida","Intracoastal Waterway,      St. Petersburg"
"1108","18-Jul-2009",2009,"VIETNAM","Binh Dinh Province","Quy Nhon "
"1109","11-Jul-2009",2009,"BAHAMAS","",""
"1110","11-Jul-2009",2009,"USA","California","San Onofre, San Diego County "
"1111","07-Jul-2009",2009,"SOUTH AFRICA","Western Cape Province","Jogensfontein, Stilbaai"
"1112","05-Jul-2009",2009,"USA","Florida","Daytona Beach, Volusia County"
"1113","04-Jul-2009",2009,"USA","Florida","Biscayne National Park, Miami"
"1114","27-Jun-2009",2009,"AUSTRALIA","New South Wales","Seven Mile Beach, Gerroa"
"1115","21-Jun-2009",2009,"USA","California","Shell Beach, San Luis Obispo County"
"1116","16-Jun-2009",2009,"USA","Florida","Melbourne Beach, Brevard County"
"1117","Reported 14-Jun-2009",2009,"VIETNAM","",""
"1118","02-Jun-2009",2009,"EGYPT","St. Johns Reef","Habili Gafar"
"1119","02-Jun-2009",2009,"EGYPT","St. Johns Reef","Habili Gafar"
"1120","01-Jun-2009",2009,"EGYPT","St. Johns Reef","Habili Gafar"
"1121","31-May-2009",2009,"TAIWAN","Off Green Island","Onboard the fishing vessel Chin Sheng Fa 13  "
"1122","25-May-2009",2009,"USA","Florida","Clearwater Beach, Pinellas County"
"1123","17-May-2009",2009,"USA","Florida","New Smyrna Beach, Volusia County"
"1124","16-May-2009",2009,"USA","Florida","New Smyrna Beach, Volusia County"
"1125","16-May-2009",2009,"USA","Florida","New Smyrna Beach, Volusia County"
"1126","12-May-2009",2009,"GUAM","North Region","Ritidian Point"
"1127","06-Mar-2009",2009,"BAHAMAS","Exuma Islands",""
"1128","28-Apr-2009",2009,"USA","Florida","St. Augustine, St. John's County"
"1129","Reported 25-Apr-2009",2009,"USA","California","San Onofre State Beach, San Diego County"
"1130","21-Apr-2009",2009,"USA","Florida","New Smyrna Beach, Volusia County"
"1131","20-Apr-2009",2009,"PHILIPPINES","Batangas province","Mabini"
"1132","19-Apr-2009",2009,"USA","Florida","Carlin Park, Jupiter Inlet"
"1133","17-Apr-2009",2009,"USA","Florida","Walton Rocks, St Lucie County"
"1134","11-Apr-2009",2009,"USA","Hawaii","Kona"
"1135","12-Apr-2009",2009,"AUSTRALIA","New South Wales","Fingal Bay"
"1136","06-Apr-2009",2009,"SOUTH AFRICA","KwaZulu-Natal","Umtentweni"
"1137","06-Apr-2009",2009,"USA","California","San Diego County"
"1138","03-Apr-2009",2009,"USA","Florida","Sanibel Island, Lee County"
"1139","27-Mar-2009",2009,"SOUTH AFRICA","Eastern Cape Province","2-3 km north of Sunday's River mouth"
"1140","21-Mar-2009",2009,"SOUTH AFRICA","Eastern Cape Province","Second Beach, Port St. John's"
"1141","20-Mar-2009",2009,"AUSTRALIA","New South Wales","Blue Bay"
"1142","19-Mar-2009",2009,"AUSTRALIA","New South Wales","South Broulee"
"1143","19-Mar-2009",2009,"AUSTRALIA","New South Wales","Bateman's Bay"
"1144","18-Mar-2009",2009,"USA","Florida","Ponce Inlet, Volusia County"
"1145","Reported 17-Mar-2009",2009,"MALAYSIA","Strait of Malacca","Pulau Payar Island"
"1146","17-Mar-2009",2009,"USA","Hawaii","Alenuihaha Channel"
"1147","Reported 16-Mar-2009",2009,"AUSTRALIA","Western Australia","The Natural Jetty, Rottnest Island"
"1148","06-Mar-2009",2009,"NEW CALEDONIA","South Province","Bourail"
"1149","02-Mar-2009",2009,"SOUTH AFRICA","Western Cape Province","Off Cape Point"
"1150","01-Mar-2009",2009,"NEW ZEALAND","North Island","Taranaki"
"1151","01-Mar-2009",2009,"AUSTRALIA","New South Wales","Avalon"
"1152","22-Feb-2009",2009,"AUSTRALIA","Queensland","Batt Reef"
"1153","18-Feb-2009",2009,"AUSTRALIA","New South Wales","Shelly Beach, near Port Macquarie"
"1154","12-Feb-2009",2009,"AUSTRALIA","New South Wales","Bondi Beach, Sydney"
"1155","11-Feb-2009",2009,"AUSTRALIA","New South Wales","Garden Point, Woolloomooloo Sydney Harbour"
"1156","08-Feb-2009",2009,"USA","Puerto Rico","Quebradillas"
"1157","07-Feb-2009",2009,"AUSTRALIA","New South Wales","Cellito Beach"
"1158","07-Feb-2009",2009,"AUSTRALIA","New South Wales","Sandon"
"1159","Reported 27-Jan-2009",2009,"AZORES","","Onboard the fishing vessel Nuevo Cedes "
"1160","Reported 26-Jan-2009",2009,"BRAZIL","","Praia do Olho d'Aqua"
"1161","25-Jan-2009",2009,"CUBA","Guantanamo Province","Guantanamo Bay"
"1162","24-Jan-2009",2009,"NEW ZEALAND","North Island","Alderman Islands"
"1163","24-Jan-2009",2009,"AUSTRALIA","New South Wales","Surf Beach, Batemans Bay"
"1164","24-Jan-2009",2009,"SOUTH AFRICA","Eastern Cape Province","Second Beach, Port St. John's"
"1165","23-Jan-2009",2009,"BRAZIL","Maranhão","Olho d'Água "
"1166","18-Jan-2009",2009,"AUSTRALIA","Victoria","Off Tower Hill"
"1167","16-Jan-2009",2009,"NEW ZEALAND","South Island","Karitane Beach"
"1168","Reported 13-Jan-2009",2009,"SOUTH AFRICA","Western Cape Province","Shark Alley, off Gansbaai"
"1169","12-Jan-2009",2009,"AUSTRALIA","New South Wales","Windang,       Lake Illawara"
"1170","11-Jan-2009",2009,"AUSTRALIA","Tasmania","Binalong Bay"
"1171","11-Jan-2009",2009,"AUSTRALIA","New South Wales","Fingal Beach"
"1172","    10-Jan-2009",2009,"NEW ZEALAND","North Island","Hawkes Bay"
"1173","10-Jan-2009",2009,"ECUADOR","Galapagos Islands","Isla Isabella"
"1174","06-Jan-2009",2009,"NEW ZEALAND","North Island","Haumoana "
"1175","Jan-2009",2009,"CUBA","Guantanamo Province","Guantanamo"
"1176","30-Dec-2008",2008,"AUSTRALIA","Western Australia","Port Kennedy Beach"
"1177","27-Dec-2008",2008,"AUSTRALIA","Tasmania","near Schouten Island"
"1178","27-Dec-2008",2008,"AUSTRALIA","New South Wales","Seal Rocks"
"1179","27-Dec-2008",2008,"AUSTRALIA","New South Wales","Long Reef, north of Sydney"
"1180","27-Dec-2008",2008,"AUSTRALIA","Western Australia","Port Kennedy Beach"
"1181","20-Dec-2008",2008,"USA","California","Dillon Beach, Marin County"
"1182","14-Dec-2008",2008,"NEW ZEALAND","North Island","Maraetai"
"1183","10-Dec-2008",2008,"SOUTH AFRICA","Western Cape Province","Plettenberg Bay"
"1184","06-Dec-2006",2008,"AUSTRALIA","New South Wales","Mowarry Point"
"1185","Dec-2008",2008,"MOZAMBIQUE","Inhambane Province","Chidenguele"
"1186","28-Nov-2008",2008,"EGYPT","Red Sea","Elphinstone Reef"
"1187","25-Nov-2008",2008,"PHILIPPINES","Batanes Provine","Luzon Strait"
"1188","24-Nov-2008",2008,"ECUADOR","Galapagos Islands","Santa Cruz"
"1189","09-Nov-2008",2008,"AUSTRALIA","South Australia","North Haven"
"1190","09-Nov-2008",2008,"TAIWAN","","50 miles off Kaohsiung"
"1191","06-Nov-2008",2008,"PHILIPPINES","Luzon","off Paoay, Ilocos Norte Province"
"1192","22-Oct-2008",2008,"AUSTRALIA","New South Wales","Oceanworld, Manley"
"1193","21-Oct-2008",2008,"NEW CALEDONIA","",""
"1194","12-Oct-2008",2008,"AUSTRALIA","Northern Territory","Darwin"
"1195","11-Oct-2008",2008,"AUSTRALIA","New South Wales","Lake Macquarie"
"1196","08-Oct-2008",2008,"USA","Florida","Santa Rosa Beach, Walton County"
"1197","06-Oct-2008",2008,"CROATIA"," Split-Dalmatia Count,","Smokvina Bay, Vis Island"
"1198","28-Sep-2008",2008,"USA","Florida","New Smyrna Beach, Volusia County"
"1199","28-Sep-2008",2008,"USA","Florida","Bethune Beach"
"1200","15-Sep-2008",2008,"AUSTRALIA","Northern Territory","Near Croker Island"
"1201","14-Sep-2008",2008,"USA","Florida","Ormond-by-the-Sea, Volusia County"
"1202","09-Sep-2008",2008,"USA","Hawaii","Ka'a'awa, Oahu"
"1203","08-Sep-2008",2008,"USA","California","Surf Beach, Lompoc, Santa Barbara County"
"1204","07-Sep-2008",2008,"AUSTRALIA","New South Wales","Clarks Beach, Byron Bay"
"1205","06-Sep-2008",2008,"USA","Florida","Ponce Inlet, New Smyrna Beach, Volusia County"
"1206","06-Sep-2008",2008,"USA","Florida","Ponce Inlet, New Smyrna Beach, Volusia County"
"1207","01-Sep-2008",2008,"USA","Florida","New Smyrna Beach, Volusia County"
"1208","Sep-2008",2008,"USA","Florida","Hutchinson Island"
"1209","30-Aug-2008",2008,"AUSTRALIA","New South Wales","Tallow Beach, Byron Bay"
"1210","30-Aug-2008",2008,"USA","Hawaii","McKenzie Beach Park in Pahoa, Hawai'i "
"1211","30-Aug-2008",2008,"ENGLAND","North Devon"," Lundy Island"
"1212","28-Aug-2008",2008,"USA","Florida","New Smyrna Beach, Volusia County"
"1213","27-Aug-2008",2008,"USA","Florida","New Smyrna Beach, Volusia County"
"1214","24-Aug-2008",2008,"USA","Florida","New Smyrna Beach, Volusia County"
"1215","24-Aug-2008",2008,"USA","North Carolina","Surf City, Topsail Island, Pender County"
"1216","20-Aug-2008",2008,"USA","Florida","Sanibel Island, Lee County"
"1217","18-Aug-2008",2008,"USA","South Carolina","North Myrtle Beach, Horry County"
"1218","16-Aug-2008",2008,"USA","US Virgin Islands","Buck Island"
"1219","12-Aug-2008",2008,"USA","Florida","New Smyrna Beach, Volusia County"
"1220","11-Aug-2008",2008,"USA","Hawaii","Ala Moana Beach Park, Oah'u"
"1221","30-Jul-2008",2008,"AUSTRALIA","Victoria","Levys Beach"
"1222","Reported 30-Jul-2008",2008,"SOUTH AFRICA","",""
"1223","27-Jul-2008",2008,"PANAMA","San Carlos","Playa Teta"
"1224","26-Jul-2008",2008,"MEXICO","Cabo San Lucas",""
"1225","26-Jul-2008",2008,"USA","Hawaii","Honokowai, Maui"
"1226","25-Jul-2008",2008,"USA","Florida","New Smyrna Beach, Volusia County"
"1227","25-Jul-2008",2008,"USA","Hawaii","Lahilahi Point, Oahu"
"1228","24-Jul-2008",2008,"USA","North Carolina","Surf City, Topsail Island, Pender County"
"1229","24-Jul-2008",2008,"USA","North Carolina","Topsail Island, Pender County"
"1230","23-Jul-2008",2008,"USA","Florida","New Smyrna Beach, Volusia County"
"1231","19-Jul-2008",2008,"USA","Florida","New Smyrna Beach, Volusia County"
"1232","18-Jul-2008",2008,"EGYPT","","Daedalus Reef"
"1233","13-Jul-2008",2008,"USA","North Carolina","Carolina Beach, New Hanover County"
"1234","11-Jul-2008",2008,"USA","South Carolina","Isle of Palms, Charleston County"
"1235","09-Jul-2008",2008,"USA","North Carolina","Emerald Isle, Carteret County"
"1236","05-Jul-2008",2008,"USA","South Carolina","Litchfield Beach, Georgetown County"
"1237","Late Jul-2008",2008,"UNITED KINGDOM","Sussex","Rock-a-Nore, Hastings"
"1238","28-Jun-2008",2008,"USA","Hawaii","Kamilo Point, Hawai'i"
"1239","28-Jun-2008",2008,"BAHAMAS","Abaco Islands",""
"1240","28-Jun-2008",2008,"SOUTH AFRICA","Western Cape Province","Mossel Bay"
"1241","Reported 26-Jun-2008",2008,"SOUTH AFRICA","Western Cape Province","Struis Bay"
"1242","26-Jun-2008",2008,"USA","Florida","New Smyrna Beach, Volusia County"
"1243","26-Jun-2008",2008,"USA","South Carolina","Isle of Palms, Charleston County"
"1244","24-Jun-2008",2008,"BRAZIL","Bahia","Guarajuba"
"1245","21-Jun-2008",2008,"USA","California","West Cove, Catalina Island"
"1246","20-Jun-2008",2008,"USA","Florida","Fernandina Beach, Nassau County"
"1247","11-Jun-2008",2008,"BRAZIL","Pernambuco","Punta Del Chifre, Olinda"
"1248","07-Jun-2008",2008,"USA","Florida","Cocoa Beach, Brevard  County"
"1249","Reported 02-Jun-2008",2008,"SCOTLAND","Easter Ross","Balintore Bay"
"1250","01-Jun-2008",2008,"USA","South Carolina","Cherry Grove"
"1251","01-Jun-2008",2008,"BRAZIL","Pernambuco","Piedade, Recife"
"1252","26-May-2008",2008,"USA","North Carolina","Hammocks Beach State Park, Bear Island, Onslow County"
"1253","24-May-2008",2008,"BAHAMAS","Grand Bahama Island","Off West End"
"1254","24-May-2008",2008,"MEXICO","Guerro","Playa Linda"
"1255","23-May-2008",2008,"MEXICO","Guerro","Pantla Beach"
"1256","14-May-2008",2008,"FIJI","Yasawa Islands","Turtle Island"
"1257","10-May-2008",2008,"AUSTRALIA","Western Australia","Albany"
"1258","07-May-2008",2008,"NEW CALEDONIA","North Province","Hienghène"
"1259","07-May-2008",2008,"USA","Florida","New Smyrna Beach, Volusia County"
"1260","01-May-2008",2008,"SOUTH AFRICA","",""
"1261","28-Apr-2008",2008,"MEXICO","Guerro","Troncones Beach"
"1262","28-Apr-2008",2008,"USA","Florida","New Smyrna Beach, Volusia County"
"1263","27-Apr-2008",2008,"USA","Florida","New Smyrna Beach, Volusia County"
"1264","26-Apr-2008",2008,"NEW CALEDONIA","North Province","Poindimié"
"1265","26-Apr-2008",2008,"USA","Florida","New Smyrna Beach, Volusia County"
"1266","25-Apr-2008",2008,"USA","California","Solana Beach, San Diego County"
"1267","20-Apr-2008",2008,"USA","Florida","New Smyrna Beach, Volusia County"
"1268","20-Apr-2008",2008,"AUSTRALIA","New South Wales","Crescent Head"
"1269","Reported 19-Apr-2008",2008,"SOUTH AFRICA","KwaZulu-Natal","Aliwal Shoal"
"1270","18-Apr-2008",2008,"MEXICO","Quintana Roo","Delfines Beach, Cancun"
"1271","17-Apr-2008",2008,"AUSTRALIA","Queensland","Duranbah, Greenmount Beach"
"1272","15-Apr-2008",2008,"USA","Florida","Playalinda Beach, Canaveral National Seashore, Brevard County"
"1273","Reported 09-Apr-2008",2008,"FIJI","",""
"1274","25-Mar-2008",2008,"USA","Florida","Palm Beach Shores, Palm Beach County"
"1275","Reported 08-Apr-2008",2008,"USA","Florida","1.4 miles south of Ponce de Leon Jetty, New Smyrna Beach, Volusia County"
"1276","08-Apr-2008",2008,"AUSTRALIA","New South Wales","Lighthouse Beach, Ballina"
"1277","03-Apr-2008",2008,"USA","Florida","South of Ponce de Leon Jetty, New Smyrna Beach, Volusia County"
"1278","28-Mar-2008",2008,"SOUTH AFRICA","KwaZulu-Natal","Scottburgh"
"1279","28-Mar-2008",2008,"USA","Florida","New Smyrna Beach / Ponce Inlet, Volusia County"
"1280","28-Mar-2008",2008,"USA","Florida","Near Cocoa Beach, Brevard  County"
"1281","23-Mar-2008",2008,"USA","Florida","South of Ponce de Leon Jetty, New Smyrna Beach, Volusia County"
"1282","21-Mar-2008",2008,"USA","Florida","Beachway Avenue Approach, New Smyrna Beach, Volusia County"
"1283","15-Mar-2008",2008,"USA","Florida","Lovers Key State Park, Bonita Springs, Lee County"
"1284","07-Mar-2008",2008,"USA","California"," Huntington Beach, Orange County"
"1285","24-Feb-2008",2008,"BAHAMAS","Northern Bahamas","Dive site known as ""The End of the Map"""
"1286","Reported 21-Feb-2008",2008,"FRENCH POLYNESIA","Society Islands","Tahiti"
"1287","15-Feb-2008",2008,"USA","Florida","Ponce Inlet, Volusia County"
"1288","07-Feb-2008",2008,"AUSTRALIA","New South Wales","Horseshoe Bay"
"1289","06-Feb-2008",2008,"USA","Florida","Opposite Patrick Air Force Base, Brevard County"
"1290","2008.01.30",2008,"JAPAN","Tokyo Bay",""
"1291","29-Jan-2008",2008,"SOUTH AFRICA","KwaZulu-Natal","Suncoast Pirates Beach, Durban"
"1292","27-Jan-2008",2008,"AUSTRALIA","Queensland","200 km east of Coolangatta  "
"1293","Reported 19-Jan-2008",2008,"NEW ZEALAND","South Island","Marfells Beach"
"1294","14-Jan-2008",2008,"NEW ZEALAND","North Island","Omaha Beach"
"1295","10-Jan-2008",2008,"USA","Florida","Playalinda Beach, Canaveral National Seashore, Brevard County"
"1296","Fall 2008",2008,"USA","Florida","Off Fort Pierce, St. Lucie County"
"1297","Summer-2008",2008,"MEXICO","Baja California","Playas de Tijuana"
"1298","21-Dec-2007",2007,"ECUADOR","Galapagos Islands","San Cristobal Island"
"1299","19-Dec-2007",2007,"BRITISH VIRGIN ISLANDS","Green Bay",""
"1300","18-Dec-2007",2007,"AUSTRALIA","New South Wales","Jimmy's Beach"
"1301","15-Dec-2007",2007,"AUSTRALIA","Queensland","South Stradbroke Island"
"1302","14-Dec-2007",2007,"AUSTRALIA","New South Wales","Bondi "
"1303","10-Dec-2007",2007,"USA","Hawaii","Waialua Bay, O'ahu"
"1304","09-Dec-2007",2007,"NEW ZEALAND","South Island","Kaikoura"
"1305","07-Dec-2007",2007,"BRAZIL","Pernambuco","Itamaracá"
"1306","18-Nov-2007",2007,"AUSTRALIA","Western Australia","In a tidal creek    5 km from Wickham"
"1307","08-Nov-2007",2007,"AUSTRALIA","New South Wales","Wategos Beach, Byon Bay"
"1308","07-Nov-2007",2007,"SOUTH AFRICA","Western Cape Province","The Strand"
"1309","06-Nov-2007",2007,"USA","Florida","New Smyrna Beach, Volusia County"
"1310","04-Nov-2007",2007,"USA","Florida","Round Island Park, Indian River County"
"1311","03-Nov-2007",2007,"SOUTH AFRICA","Eastern Cape Province","Bonza Bay"
"1312","November 2011",2007,"MEXICO","Baja California","Guadalupe Island"
"1313","29-Oct-2007",2007,"USA","Hawaii","Wailea, Maui"
"1314","15-Oct-2007",2007,"AUSTRALIA","New South Wales","Byron Bay"
"1315","13-Oct-2007",2007,"AUSTRALIA","Queensland","Holmes Reef"
"1316","07-Oct-2007",2007,"USA","California","Venice Pier, Venice, Los Angeles County"
"1317","06-Oct-2007",2007,"USA","Florida","Playalinda Beach, Canaveral National Seashore, Brevard County"
"1318","30-Sep-2007",2007,"USA","California","Santa Monica, Los Angeles County"
"1319","30-Sep-2007",2007,"PHILIPPINES","Palawan","Off Cagayancillo"
"1320","30-Sep-2007",2007,"NEW CALEDONIA","Loyalty Islands","Bay of Luengoni, Lifou Island"
"1321","28-Sep-2007",2007,"BAHAMAS","Grand Bahama Island","Sweetings Cay"
"1322","27-Sep-2007",2007,"USA","California","Moonstone Beach, Humboldt County"
"1323","27-Sep-2007",2007,"EGYPT","Red Sea","Daedalus Reef "
"1324","22-Sep-2007",2007,"USA","Florida","Jupiter Inlet"
"1325","22-Sep-2007",2007,"USA","Florida","Huguenot Park"
"1326","20-Sep-2007",2007,"USA","Florida","New Smyrna Beach, Volusia County"
"1327","17-Sep-2007",2007,"SOLOMON ISLANDS","Marovo Lagoon","Kicha Island"
"1328","16-Sep-2007",2007,"USA","Florida","New Smyrna Beach, Volusia County"
"1329","16-Sep-2007",2007,"USA","Florida","Flagler Beach, Flagler County"
"1330","13-Sep-2007",2007,"USA","Florida","Lauderdale-by-the-Sea, Broward County"
"1331","08-Sep-2007",2007,"USA","Florida","Pepper Park Beach, St. Lucie County"
"1332","05-Sep-2007",2007,"USA","Florida","Daytona Beach, Volusia County"
"1333","04-Sep-2007",2007,"USA","South Carolina","Sullivan's Island"
"1334","03-Sep-2007",2007,"USA","Florida","Daytona Beach, Volusia County"
"1335","03-Sep-2007",2007,"USA","Florida","Fort Lauderdale, Broward County"
"1336","28-Aug-2007",2007,"USA","Hawaii","Ka'a'awa, Oahu"
"1337","28-Aug-2007",2007,"USA","California","Marina State Beach, Monterey County"
"1338","26-Aug-2007",2007,"USA","Florida","New Smyrna Beach, Volusia County"
"1339","25-Aug-2007",2007,"USA","Florida","New Smyrna Beach, Volusia County"
"1340","22-Aug-2007",2007,"USA","North Carolina","North Carolina Aquarium at Fort Fisher"
"1341","20-Aug-2007",2007,"USA","Delaware","Indian River Inlet, Rehoboth Beach"
"1342","19-Aug-2007",2007,"USA","Florida","Islamorada Founder's Park, Plantation Key, Monroe County"
"1343","19-Aug-2007",2007,"USA","Florida","New Smyrna Beach, Volusia County"
"1344","19-Aug-2007",2007,"USA","South Carolina","Lakewood Campground, Grand Strand, Horry County"
"1345","15-Aug-2007",2007,"USA","Florida","Sarasota Bay"
"1346","12-Aug-2007",2007,"USA","Florida","New Smyrna Beach, Volusia County"
"1347","11-Aug-2007",2007,"USA","Florida","Ponce Inlet,  New Smyrna Beach, Volusia County"
"1348","09-Aug-2007",2007,"USA","South Carolina","Isle of Palms, Charleston County"
"1349","09-Aug-2007",2007,"USA","South Carolina","Isle of Palms, Charleston County"
"1350","07-Aug-2007",2007,"USA","Florida","Islamorada, Monroe County"
"1351","29-Jul-2007",2007,"USA","Florida","Ponce Inlet, Volusia County"
"1352","28-Jul-2007",2007,"USA","California","Imperial Beach, San Diego County"
"1353","22-Jul-2007",2007,"USA","California","Malibu, Los Angeles County"
"1354","21-Jul-2007",2007,"USA","California","Bean Hollow State Beach, San Mateo County"
"1355","19-Jul-2007.b",2007,"USA","Hawaii","Bellows Beach near Wailea Point, O’ahu"
"1356","19-Jul-2007.a",2007,"AUSTRALIA","Territory of Cocos (Keeling) Islands","Direction Island"
"1357","18-Jul-2007",2007,"USA","North Carolina","North Topsail Beach, Onslow  County"
"1358","18-Jul-2007",2007,"NORWAY","Oslo Fjord","Sjøstrand"
"1359","17-Jul-2007",2007,"USA","California","Faria Beach, Ventura County"
"1360","17-Jul-2007",2007,"USA","North Carolina","Atlantic Beach, Carteret County"
"1361","10-Jul-2007",2007,"BAHAMAS","Abaco Islands","Allan-Pensacola Cay"
"1362","05-Jul-2007",2007,"USA","Florida","Ponce Inlet, Volusia County"
"1363","04-Jul-2007",2007,"REUNION","","Boucan Canot"
"1364","Jul-2007",2007,"SENEGAL","",""
"1365","30-Jun-2007",2007,"USA","Florida","Marques Island"
"1366","30-Jun-2007",2007,"USA","California","Will Rogers State Beach, Los Angeles County"
"1367","25-Jun-2007",2007,"USA","Florida","New Smyrna Beach, Volusia County"
"1368","24-Jun-2007",2007,"USA","Hawaii","Silva's Channel, Mokuleia, O'ahu"
"1369","17-Jun-2007",2007,"USA","Florida","Vilano Beach, St.  Johns County"
"1370","12-Jun-2007",2007,"USA","Florida","Turtle Beach, Siesta Key, Sarasota County"
"1371","05-Jun-2007",2007,"AUSTRALIA","New South Wales","Shelly Beach, Crescent Head"
"1372","26-May-2007",2007,"USA","South Carolina","Garden City"
"1373","24-May-2007",2007,"USA","Virginia","Virginia Aquarium & Marine Science Center, Virginia Beach "
"1374","Reported 17-May-2007",2007,"ENGLAND","Kent","Folkestone"
"1375","16-May-2007",2007,"AUSTRALIA","Western Australia","Warra Beach, Coral Bay"
"1376","12-May-2007",2007,"AUSTRALIA","Victoria","Warrnambool"
"1377","10-May-2007",2007,"USA","Florida","New Smyrna Beach, Volusia County"
"1378","Reported 09-May-2007",2007,"SEYCHELLES","Bird Island",""
"1379","08-May-2007",2007,"AUSTRALIA","New South Wales","Kingscliff Beach"
"1380","07-May-2007",2007,"USA","Hawaii","Keawakapu Beach, Maui"
"1381","07-May-2007",2007,"USA","Florida","Naples"
"1382","04-May-2007",2007,"TURKS & CAICOS","Providenciales",""
"1383","May-2007",2007,"BAHAMAS","Bimini Islands",""
"1384","26-Apr-2007",2007,"AUSTRALIA","Queensland","Mornington Island, Gulf of Carpentaria"
"1385","22-Apr-2007",2007,"USA","Florida","Hutchinson Island, St. Lucie County"
"1386","20-Apr-2007",2007,"USA","Florida","New Smyrna Beach, Volusia County"
"1387","Reported      13-Apr-2007",2007,"USA","Florida","Florida Keys, Monroe County"
"1388","09-Apr-2007",2007,"NEW CALEDONIA","South Province","Dumbéa"
"1389","01-Apr-2007",2007,"USA","Florida","New Smyrna Beach, Volusia County"
"1390","31-Mar-2007",2007,"USA","Florida","Normandy Beach, Hutchinson Island,  St. Lucie County"
"1391","31-Mar-2007",2007,"USA","Florida","Waveland Beach, Hutchinson Island, St. Lucie County"
"1392","22-Mar-2007",2007,"YEMEN","Muhafazat Hadramawt","Ras-Alkalb"
"1393","21-Mar-2007",2007,"USA","Florida","Jupiter Inlet"
"1394","20-Mar-2007",2007,"AUSTRALIA","New South Wales","South Golden Beach"
"1395","Reported 14-Mar-2007",2007,"USA","Florida","Delray Beach"
"1396","12-Mar-2007",2007,"AUSTRALIA","Queensland","Moore Park, north of Bundaberg"
"1397","11-Mar-2007",2007,"USA","Florida","Tiger Shores Beach, Martin County"
"1398","Reported 05-Mar-2007",2007,"NEW ZEALAND","Cook islans","Penhryn Island"
"1399","04-Feb-2007",2007,"COSTA RICA","",""
"1400","03-Feb-2007",2007,"AUSTRALIA","New South Wales","Shelly Beach"
"1401","Feb-2007",2007,"NEW CALEDONIA","Loyalty Islands","Ouvéa"
"1402","25-Jan-2007",2007,"NEW CALEDONIA","North Province","Kaala-Gomen "
"1403","25-Jan-2007",2007,"USA","Florida","100 miles off Ft. Myers Beach"
"1404","23-Jan-2007",2007,"AUSTRALIA","New South Wales","Cape Howe"
"1405","19-Jan-2007",2007,"AUSTRALIA","New South Wales","Brunswick Heads"
"1406","14-Jan-2007",2007,"SOUTH AFRICA","Eastern Cape Province","Second Beach, Port St. John's"
"1407","09-Jan-2007",2007,"AUSTRALIA","New South Wales","Sandbar Beach"
"1408","07-Jan-2007",2007,"USA","New York","Smith Point, Long Island"
"1409","01-Jan-2007",2007,"USA","Hawaii","Majors Bay, Kaua'i"
"1410","18-Dec-2006",2006,"AUSTRALIA","Victoria","Winki Pop, Bells Beach"
"1411","11-Dec-2006",2006,"NEW ZEALAND","North Island","Raglan, Manu Bay"
"1412","10-Dec-2006",2006,"USA","California","Dillon Beach, Marin County"
"1413","06-Dec-2006",2006,"SOUTH AFRICA","KwaZulu-Natal","Cape Vidal"
"1414","02-Dec-2006",2006,"AUSTRALIA","Western Australia","Wharton Beach"
"1415","25-Nov-2006",2006,"PHILIPPINES","Surigao del Norte","Off Bilisan Point, Hinatuarn Island"
"1416","11-Nov-2006",2006,"USA","Hawaii","Kihei, Maui"
"1417","09-Nov-2006",2006,"SOUTH AFRICA","Eastern Cape Province","Nahoon, East London"
"1418","31-Oct-2006",2006,"USA","Oregon","Siletz River mouth, Lincoln County"
"1419","16-Oct-2006",2006,"USA","Florida","Sebastian Inlet"
"1420","10-Oct-2006",2006,"USA","Florida","Daytona Beach, Volusia County"
"1421","07-Oct-2006",2006,"USA","Texas","Isla Blanca Park, South Padre Island"
"1422","05-Oct-2006",2006,"USA","Florida","New Smyrna Beach, Volusia County"
"1423","Oct-2006",2006,"BAHAMAS","New Providence Island","Nassau"
"1424","Oct-2006",2006,"GULF OF ADEN","Between Somalia & Yemen",""
"1425","30-Sep-2006",2006,"SOUTH AFRICA","Western Cape Province","Miller's Point"
"1426","29-Sep-2006",2006,"USA","Florida","New Smyrna Beach, Volusia County"
"1427","Reported 18-Sep-2006",2006,"USA","Florida","Off Key Largo, Monroe County"
"1428","16-Sep-2006",2006,"USA","North Carolina","Onslow Beach"
"1429","14-Sep-2006",2006,"USA","Florida","Singer Island, Riviera Beach"
"1430","11-Sep-2006",2006,"USA","Florida","New Smyrna Beach, Volusia County"
"1431","04-Sep-2006",2006,"AUSTRALIA","Queensland","Great Barrier Reef  "
"1432","03-Sep-2006",2006,"BRAZIL","",""
"1433","03-Sep-2006",2006,"USA","Florida","New Smyrna Beach, Volusia County"
"1434","02-Sep-2006",2006,"USA","Florida","New Smyrna Beach, Volusia County"
"1435","02-Sep-2006",2006,"SOUTH AFRICA","Western Cape Province","Noordhoek"
"1436","29-Aug-2006",2006,"USA","Oregon","Florence, Lane County"
"1437","29-Aug-2006",2006,"AUSTRALIA","South Australia","Pennington Bay, Kangaroo Island"
"1438","27-Aug-2006",2006,"REUNION","Saint-Gilles-les-Bains","Les Aigrettes, near Boucan-Canot"
"1439","22-Aug-2006",2006,"BRAZIL","Pernambuco","Pina"
"1440","22-Aug-2006",2006,"BELIZE","Ambergris Caye","Near Ramon's Village"
"1441","20-Aug-2006",2006,"ITALY","","Lampedusa Island"
"1442","20-Aug-2006",2006,"REUNION","Saint-Pierre","Pointe du Diable"
"1443","15-Aug-2006",2006,"SOUTH AFRICA","Western Cape Province","Danger Reef"
"1444","13-Aug-2006",2006,"SOUTH AFRICA","Western Cape Province","Sunrise Beach, Muizenberg"
"1445","Aug-2006",2006,"USA","North Carolina","Masonboro Island, New Hanover County"
"1446","Early Aug-2006",2006,"REUNION","","Le Port"
"1447","31-Jul-2006",2006,"USA","Kentucky","Newport Aquarium, Newport"
"1448","31-Jul-2006",2006,"USA","Oregon","Oswald State Park"
"1449","29-Jul-2006",2006,"USA","California","Broad Beach, Malibu, Los Angeles County"
"1450","29-Jul-2006",2006,"USA","Florida","Playalinda Beach, Canaveral National Seashore, Brevard County"
"1451","28-Jul-2006",2006,"SOUTH AFRICA","Western Cape Province","Fish Hoek"
"1452","25-Jul-2006",2006,"USA","Florida","New Smyrna Beach, Volusia County"
"1453","23-Jul-2006",2006,"USA","Texas","Sargent Beach, Matagorda County"
"1454","Reported 17-Jul-2006",2006,"AUSTRALIA","Torres Strait","Western Province"
"1455","17-Jul-2006",2006,"USA","South Carolina","Singleton Beach, Hilton Head Island, Beaufort County"
"1456","13-Jul-2006",2006,"SPAIN","Alicante","San Juan Beach  "
"1457","12-Jul-2006",2006,"USA","South Carolina","Kiawah Island, Charleston County"
"1458","10-Jul-2006",2006,"BRAZIL","Pernambuco","Body recovered at Goiana"
"1459","09-Jul-2006",2006,"USA","Florida","New Smyrna Beach, Volusia County"
"1460","09-Jul-2006.",2006,"USA","Florida","Ponte Vedra Beach, St Johns County"
"1461","08-Jul-2006",2006,"USA","South Carolina","Debordieu Beach, Georgetown County"
"1462","08-Jul-2006",2006,"USA","Florida","Playalinda Beach, Canaveral National Seashore, Brevard County"
"1463","July 2006",2006,"USA","Florida","Florida Keys, Monroe County"
"1464","July 2006",2006,"USA","Florida","Florida Keys, Monroe County"
"1465","27-Jun-2006",2006,"USA","Florida","Hutchinson Island, St. Lucie County"
"1466","26-Jun-2006",2006,"USA","Florida","Fort Myers"
"1467","24-Jun-2006",2006,"BAHAMAS","Andros Islands","Mangrove Cay"
"1468","20-Jun-2006",2006,"USA","Florida","New Smyrna Beach, Volusia County"
"1469","18-Jun-2006",2006,"BRAZIL","Pernambuco","Punta Del Chifre Beach, Olinda"
"1470","17-Jun-2006",2006,"USA","California","Monterey, Monterey County"
"1471","15-Jun-2006",2006,"USA","Florida","New Smyrna Beach, Volusia County"
"1472","07-Jun-2006",2006,"USA","South Carolina","Coligny Beach, Hilton Head, Beaufort County"
"1473","05-Jun-2006",2006,"AUSTRALIA","South Australia","Waitpinga"
"1474","31-May-2006",2006,"USA","Hawaii","O'ahu"
"1475","28-May-2006",2006,"USA","Hawaii","French Frigate Shoals"
"1476","27-May-2006",2006,"USA","Hawaii","North Shore, O'ahu"
"1477","24-May-2006",2006,"USA","Hawaii","Lanai"
"1478","21-May-2006",2006,"BRAZIL","Pernambuco","Boa Viagem Beach, Recife"
"1479","19-May-2006",2006,"USA","Guam","Gun Beach"
"1480","05-May-2006",2006,"USA","Florida","Cocoa Beach, Brevard  County"
"1481","04-May-2006",2006,"USA","Florida","Hutchinson Island, St. Lucie County"
"1482","02-May-2006",2006,"AUSTRALIA","Queensland","Moffat Beach, Caloundra"
"1483","Reported      23-Apr-2006",2006,"USA","Florida","Alligator Reef off Islamorada, Monroe County"
"1484","21-Apr-2006",2006,"USA","Florida","Sebastian Inlet, Brevard County"
"1485","19-Apr-2006",2006,"USA","Florida","Daytona Beach, Volusia County"
"1486","13-Apr-2006",2006,"USA","Florida","Port of the Islands, Collier County"
"1487","11-Apr-2006",2006,"AUSTRALIA","New South Wales","Newcastle Beach"
"1488","09-Apr-2006",2006,"SOUTH AFRICA","Eastern Cape Province","St. Francis Bay"
"1489","09-Apr-2006",2006,"BRAZIL","Pernambuco","Piedade"
"1490","03-Apr-2006",2006,"USA","Florida","Marco Island, Collier County"
"1491","Reported  28-Mar-2006",2006,"Sierra Leone","Western Area","Lumely Beach, Freetown"
"1492","23-Mar-2006",2006,"USA","Hawaii","Leftovers, near Waimea Bay, O'ahu"
"1493","22-Mar-2006",2006,"SOUTH AFRICA","Eastern Cape Province","Port Alfred"
"1494","18-Mar-2006",2006,"FIJI","Vitu Levu","Sigatoka"
"1495","15-Mar-2006",2006,"AUSTRALIA","New South Wales","Bondi, Sydney"
"1496","27-Feb-2006",2006,"USA","Hawaii","Makena, Maui"
"1497","23-Feb-2006",2006,"USA","Hawaii","Makena, Maui"
"1498","13-Feb-2006",2006,"AUSTRALIA","Queensland","Golden Beach, Caloundra"
"1499","12-Feb-2006",2006,"AUSTRALIA","Queensland","Point Vernon, Hervey Bay"
"1500","12-Feb-2006",2006,"AUSTRALIA","South Australia","Brighton Beach, Adelaide"
"1501","08-Feb-2006",2006,"SOUTH AFRICA","Eastern Cape Province","Nahoon, East London"
"1502","01-Feb-2006",2006,"TONGA","Vava'u","Tu’anuku"
"1503","01-Feb-2006",2006,"USA","Hawaii","Off Pu'u Ola'l, Makena, Maui"
"1504","Reported 28-Jan-2006",2006,"ATLANTIC OCEAN","300 miles from Antigua",""
"1505","25-Jan-2006",2006,"SOUTH AFRICA","Eastern Cape Province","Coffee Bay"
"1506","23-Jan-2006",2006,"ATLANTIC OCEAN","800 miles from land",""
"1507","18-Jan-2006",2006,"USA","California","Santa Cruz, Santa Cruz County"
"1508","15-Jan-2006",2006,"AUSTRALIA","Western Australia","Off City Beach, Perth"
"1509","11-Jan-2006",2006,"BAHAMAS","Grand Bahama Island","Sandy Cay"
"1510","07-Jan-2006",2006,"AUSTRALIA","Queensland","Amity Point, North Stradbroke Island"
"1511","04-Jan-2006",2006,"USA","Florida","Round Island Park, Indian River County"
"1512","01-Jan-2006",2006,"SOUTH AFRICA","Western Cape Province","Soetwater"
"1513","24-Dec-2005",2005,"USA","Oregon","Tillamook Head, Clatsop County"
"1514","21-Dec-2005",2005,"USA","Hawaii","Keawakapu Beach, Maui"
"1515","20-Dec-2005",2005,"ATLANTIC OCEAN","600 nm west of the Canary Islands",""
"1516","11-Dec-2005",2005,"AUSTRALIA","Queensland","St. Crispin Reef"
"1517","Reported 06-Dec-2005",2005,"AUSTRALIA","South Australia","Middle Beach, 40 km north of Adelaide"
"1518","Reported 29-Nov-2005",2005,"USA","Florida","Cape San Blas, Gulf County"
"1519","27-Nov-2005",2005,"USA","Florida","Ponce Inlet, New Smyrna Beach, Volusia County"
"1520","25-Nov-2005",2005,"AUSTRALIA","Victoria","6 km off Collendina, south of Melbourne"
"1521","25-Nov-2005",2005,"AUSTRALIA","Victoria","Flinders"
"1522","25-Nov-2005",2005,"SOUTH AFRICA","Eastern Cape Province","Nahoon, East London"
"1523","24-Nov-2005-",2005,"NEW CALEDONIA","Loyalty Islands","Maré"
"1524","21-Nov-2005",2005,"USA","Florida","Jensen Beach, Martin County "
"1525","20-Nov-2005",2005,"USA","Florida","New Smyrna  Beach, Volusia County"
"1526","Reported  16-Nov-2005",2005,"NEW CALEDONIA","",""
"1527","15-Nov-2005",2005,"SOUTH AFRICA","Eastern Cape Province","Aston Bay"
"1528","12-Nov-2005",2005,"USA","Florida","New Smyrna  Beach, Volusia County"
"1529","02-Nov-2005",2005,"USA","California","Mavericks, Half Moon Bay, San Mateo County"
"1530","02-Nov-2005",2005,"USA","California","Ocean Beach, San Francisco, San Francisco County"
"1531","29-Oct-2005",2005,"USA","Florida","Ponce de Leon Inlet, Volusia County "
"1532","25-Oct-2005",2005,"ST. MAARTIN","Simpson Bay","Sunterra Beach"
"1533","22-Oct-2005",2005,"SOUTH AFRICA","Western Cape Province","Uilenkraalsmond (near Gansbaai)"
"1534","21-Oct-2005",2005,"USA","California","Klamath River mouth, Del Norte County"
"1535","19-Oct-2005",2005,"USA","California","Salmon Beach, Sonoma County"
"1536","15-Oct-2005",2005,"USA","Florida","Ponce Inlet, Volusia County"
"1537","13-Oct-2005",2005,"USA","Hawaii","Honokowai, Maui"
"1538","11-Oct-2005",2005,"GRAND CAYMAN","East Wall","Jack McKenney's Canyon"
"1539","06-Oct-2005",2005,"USA","Florida","Ponce Inlet, Volusia County"
"1540","03-Oct-2005",2005,"BAHAMAS","Abaco Islands","Grand Cay"
"1541","01-Oct-2005",2005,"SOUTH AFRICA","Western Cape Province","Sunny Cove, Fish Hoek"
"1542","Reported      27-Sep-2005",2005,"AUSTRALIA","New South Wales","Arakoon's Little Bay"
"1543","24-Sep-2005",2005,"AUSTRALIA","South Australia","Kangaroo Island"
"1544","23-Sep-2005",2005,"AUSTRALIA","Western Australia","Scarborough Beach, Perth"
"1545","22-Sep-2005",2005,"USA","Florida","Tigertail Beach, Collier County"
"1546","20-Sep-2005",2005,"USA","South Carolina","Myrtle Beach, Horry County"
"1547","11-Sep-2005",2005,"USA","South Carolina","Folly Beach"
"1548","07-Sep-2005",2005,"AUSTRALIA","New South Wales","Park Beach, Coff's Harbour"
"1549","05-Sep-2005",2005,"USA","North Carolina","North Topsail Beach, Onslow County"
"1550","04-Sep-2005",2005,"AUSTRALIA","South Australia","Fishery Bay, Eyre Peninsula"
"1551","02-Sep-2005",2005,"USA","Florida","Ponce Inlet, Volusia County"
"1552","02-Sep-2005",2005,"THAILAND","","On deck of fishing trawler 100 nautical miles offshore"
"1553","24-Aug-2005",2005,"AUSTRALIA","South Australia","Glenelg "
"1554","24-Aug-2005",2005,"USA","California","Scripps, LaJolla, San Diego County"
"1555","22-Aug-2005",2005,"USA","South Carolina","6th Avenue North, Myrtle Beach, Horry County"
"1556","21-Aug-2005",2005,"USA","South Carolina","34th Avenue North, Myrtle Beach, Horry County"
"1557","19-Aug-2005",2005,"USA","Texas","Crystal Beach (east of Galveston)"
"1558","14-Aug-2005",2005,"SOUTH AFRICA","Western Cape Province","Milnerton Lagoon, Cape Town"
"1559","12-Aug-2005",2005,"USA","North Carolina","Carolina Beach off Texas Avenue, New Hanover County"
"1560","6-Aug-2005",2005,"USA","South Carolina","Isle of Palms, Charleston County"
"1561","1-Aug-2005",2005,"Seychelles","Inner Islands","Off North Island"
"1562","27-Jul-2005",2005,"USA","Florida","Off Zelda Boulevard, Daytona Beach, Volusia Countyy"
"1563","23-Jul-2005",2005,"USA","Florida","Ormond Beach, Volusia County"
"1564","22-Jul-2005",2005,"USA","Florida","Quarter mile south of Ponce de Leon Inlet, Volusia County"
"1565","17-Jul-2005",2005,"LIBERIA","",""
"1566","17-Jul-2005",2005,"CHINA","Shanghai","Ocean World, Changfeng Park"
"1567","Reported      15-Jul-2005",2005,"AUSTRALIA","",""
"1568","15-Jul-2005",2005,"USA","North Carolina","Holden Beach, Brunswick County"
"1569","13-Jul-2005",2005,"USA","Texas","Port Bolivar, Galveston County"
"1570","1-Jul-2005",2005,"USA","Florida","Boca Grande, Lee County"
"1571","27-Jun-2005",2005,"USA","Florida","Cape San Blas, Gulf County"
"1572","25-Jun-2005",2005,"USA","Florida","Destin, Walton County"
"1573","22-Jun-2005",2005,"VANUATU","Malampa Province","Atchin Island off Malakula"
"1574","20-Jun-2005",2005,"MEXICO ","Baja California","San Luis beach"
"1575","18-Jun-2005",2005,"USA","Hawaii","Maui"
"1576","16-Jun-2005",2005,"USA","Florida","Howard E. Futch Memorial Park at Paradise Beach, Brevard County"
"1577","13-Jun-2005",2005,"SOUTH KOREA","South Ch'ungch'ong Province","Dando/Kaeui Island "
"1578","07-Jun-2005",2005,"USA","South Carolina","Kiawah Island, Charleston County"
"1579","05-Jun-2005",2005,"USA","New Jersey","Surf City, Long Beach Island, Ocean County"
"1580","04-Jun-2005",2005,"SOUTH AFRICA","Western Cape Province","Miller's Point"
"1581","02-Jun-2005",2005,"USA","Texas","Mustang Island, Corpus Christi"
"1582","28-May-2005",2005,"USA","Florida","Daytona Beach Shores"
"1583","27-May-2005",2005,"USA","Florida","Sand Key Beach, Clearwater, Pinellas County"
"1584","25-May-2005",2005,"SOUTH AFRICA","Eastern Cape Province","Kei River Mouth"
"1585","15-May-2005",2005,"AUSTRALIA","Queensland","50 km east of Townsville"
"1586","14-May-2005",2005,"USA","Hawaii","North Kihei, Maui"
"1587","03-May-2005",2005,"MADAGASCAR","",""
"1588","02-May-2005",2005,"USA","South Carolina","Off Sullivans Island"
"1589","02-May-2005",2005,"USA","Hawaii","Noreiga's, Maui"
"1590","25-Apr-2005",2005,"AUSTRALIA","New South Wales","Bermagui"
"1591","17-Apr-2005",2005,"AUSTRALIA","New South Wales","Crookhaven"
"1592","16-Apr-2005",2005,"AUSTRALIA","Northern Territory","Bremer Island"
"1593","16-Apr-2005",2005,"AUSTRALIA","New South Wales","Bronte Beach"
"1594","13-Apr-2005",2005,"USA","Florida","Crescent Beach, Sarasota County"
"1595","09-Apr-2005",2005,"USA","Florida","Central Gulf Coast, St. John County"
"1596","07-Apr-2005",2005,"USA","Texas","Isla Blanca Park, South Padre Island, Cameron County"
"1597","06-Apr-2005",2005,"USA","Florida","Jacksonville Beach, Duval County"
"1598","06-Apr-2005",2005,"HONDURAS","Bay Islands","Utila"
"1599","28-Mar-2005",2005,"SOUTH AFRICA","Western Cape Province","Noordhoek"
"1600","Reported    27-Mar-2005",2005,"AUSTRALIA","New South Wales",""
"1601","25-Mar-2005",2005,"VENEZUELA","","Punta Caracas"
"1602","19-Mar-2005",2005,"AUSTRALIA","Western Australia","Wreck Point, Abrolhos Islands"
"1603","12-Mar-2005",2005,"USA","New Mexico","Albuquerue Aquarium, Albuquerue"
"1604","10-Mar-2005",2005,"SOUTH AFRICA","KwaZulu-Natal","Isipingo"
"1605","09-Mar-2005",2005,"NEW ZEALAND","North Island","Waiapu River mouth , East Cape"
"1606","05-Mar-2005",2005,"SOLOMON ISLANDS","Santa Isabel Province",""
"1607","26-Feb-2005",2005,"AUSTRALIA","Queensland","Brisbane River"
"1608","22-Feb-2005",2005,"USA","Florida","Long Key, Monroe County"
"1609","16-Feb-2005",2005,"USA","Hawaii","Rocky Point, north shore of O'ahu"
"1610","13-Feb-2005",2005,"USA","Florida","Fort Lauderdale"
"1611","04-Feb-2005",2005,"BRAZIL","Bahia","Ilhéus"
"1612","20-Jan-2005",2005,"CUBA","Santiago de Cuba Province","Uvero"
"1613","19-Jan-2005",2005,"AUSTRALIA","Victoria","Port Phillip Bay"
"1614","14-Jan-2005",2005,"AUSTRALIA","Victoria","Blairgowrie"
"1615","08-Jan-2005",2005,"NEW ZEALAND","North Island","Taupiri Bay"
"1616","26-Dec-2004",2004,"SRI LANKA","Eastern Province","Pasikudha"
"1617","16-Dec-2004",2004,"AUSTRALIA","South Australia","West Beach, Adelaide"
"1618","11-Dec-2004",2004,"AUSTRALIA","Queensland","Opal Reef"
"1619","27-Nov-2004",2004,"SOUTH AFRICA","Eastern Cape Province","Nahoon, East London"
"1620","26-Nov-2004",2004,"SOUTH AFRICA","Eastern Cape Province","Gonubie"
"1621","15-Nov-2004",2004,"SOUTH AFRICA","Western Cape Province","Fish Hoek, False Bay"
"1622","11-Nov-2004",2004,"USA","California","Bunkers, Humboldt Bay, Eureka, Humboldt County"
"1623","11-Nov-2004",2004,"VANUATU","Malampa Province","Malakula (Malakula Island)"
"1624","Nov-2004",2004,"NEW CALEDONIA","North Province","Koumac"
"1625","31-Oct-2004",2004,"CUBA","Camaguey Province","Santa Lucia"
"1626","30-Oct-2004",2004,"NEW ZEALAND","North Island","Whangarei"
"1627","30-Oct-2004",2004,"SOUTH AFRICA","Western Cape Province","Gansbaai"
"1628","21-Oct-2004",2004,"AUSTRALIA","New South Wales","Stockton Beach"
"1629","10-Oct-2004",2004,"USA","California","Limantour Beach, Point Reyes National Seashore"
"1630","09-Oct-2004",2004,"USA","Hawaii","Moloka'i"
"1631","09-Oct-2004",2004,"SOUTH AFRICA","Eastern Cape Province","Jeffrey’s Bay"
"1632","06-Oct-2004",2004,"REUNION","Conservatória District","P' tit Paris, Saint-Pierre"
"1633","02-Oct-2004",2004,"USA","California","Pismo Beach, San Luis Obispo County"
"1634","01-Oct-2004",2004,"USA","California","Lifeguard Tower 16, Huntington Beach, Orange County"
"1635","25-Sep-2004",2004,"AUSTRALIA","Queensland","Batt Reef"
"1636","20-Sep-2004",2004,"USA","Oregon","Gold  Beach"
"1637","10-Sep-2004",2004,"USA","Texas","South Padre Island"
"1638","08-Sep-2004",2004,"BRAZIL","Pernambuco","Pina, Recife"
"1639","04-Sep-2004",2004,"USA","South Carolina ","North of Apache Pier, Myrtle Beach, Horry County"
"1640","29-Aug-2004",2004,"USA","Florida","New Smyrna Beach / Cape Canaveral  National Seashore, Brevard County"
"1641","21-Aug-2004",2004,"BRAZIL","Pernambuco","Boa Viagem Beach, Recife"
"1642","20-Aug-2004",2004,"USA","California","204s, San Clemente, Orange County"
"1643","15-Aug-2004",2004,"USA","California","Kibesillah, Mendocino County"
"1644","06-Aug-2004",2004,"USA","Florida","Big Bayou, St. Petersburg, Pinellas County "
"1645","03-Aug-2004",2004,"AUSTRALIA","New South Wales","Byron Bay"
"1646","Aug-2004",2004,"SOUTH AFRICA","KwaZulu-Natal","Park Rynie"
"1647","31-Jul-2004",2004,"USA","Florida","Cocoa  Beach, Brevard County"
"1648","30-Jul-2004",2004,"RUSSIA","Kuril Islands in the Pacific","Kunashir Island, 70 km from northern Japan"
"1649","28-Jul-2004",2004,"USA","North Carolina","Rodanthe, Dare County"
"1650","27-Jul-2004",2004,"USA","North Carolina","Carolina Beach, New Hanover County"
"1651","27-Jul-2004",2004,"USA","Texas","Galveston Island"
"1652","25-Jul-2004",2004,"USA","Texas","Bryan Beach, Brazoria County"
"1653"," 19-Jul-2004 Reported to have happened  ""on the weekend""",2004,"AUSTRALIA","Western Australia","7 km off Trigg surf beach, Perth"
"1654","15-Jul-2004 ",2004,"JAPAN","Wakayama Prefecture","Susami"
"1655","10-Jul-2004",2004,"AUSTRALIA","Western Australia","Lefthanders Beach, Margaret River"
"1656","02-Jul-2004",2004,"EGYPT","Sinai Peninsula","The lagoon at Dahab"
"1657","02-Jul-2004",2004,"USA","Alabama","Gulf Shores Beach, Baldwin County"
"1658","26-Jun-2004",2004,"USA","California","San Onofre State Beach, San Diego County"
"1659","26-Jun-2004",2004,"AUSTRALIA","Western Australia","Floreat Beach"
"1660","14-Jun-2004",2004,"USA","Florida","Disney / Vero Beach, Indian River County"
"1661","10-Jun-2004",2004,"AUSTRALIA","Western Australia","Bunbury"
"1662","10-Jun-2004",2004,"USA","Florida","Daytona Beach Shores, Volusia County"
"1663","02-Jun-2004",2004,"SOUTH AFRICA","Western Cape Province","Dyer Island"
"1664","29-May-2004",2004,"USA","Texas","Pirate's Beach, Galveston Island"
"1665","23-May-2004",2004,"BRAZIL","Pernambuco","Piedade Beach"
"1666","28-May-2004",2004,"USA","California","Salmon Creek, Sonoma County"
"1667","23-May-2004",2004,"USA","Florida","St. Augustine, St. John's County"
"1668","22-May-2004",2004,"USA","Florida","St. Augustine  St. Johns County"
"1669","22-May-2004",2004,"USA","Florida","Jacksonville Beach, Duval County"
"1670","22-May-2004",2004,"BRAZIL","Pernambuco","Piedade Beach, Recife"
"1671","18-May-2004",2004,"BAHAMAS","Abaco Islands","Green Turtle Cay"
"1672","04-May-2004",2004,"USA","Texas","Channel between South Padre Island & Padre Island National Seashore"
"1673","01-May-2004",2004,"BRAZIL","Pernambuco","Piedade "
"1674","26-Apr-2004",2004,"AUSTRALIA","New South Wales","Latitude Reef, near Forster"
"1675","22-Apr-2004",2004,"NEW ZEALAND","North Island","Motunui"
"1676","13-Apr-2004",2004," TONGA","Nuku'alofa","30 nautical miles offshore"
"1677","13-Apr-2004",2004," TONGA","Nuku'alofa","30 nautical miles offshore"
"1678","07-Apr-2004",2004,"USA","Hawaii","Kahana Beach, Maui"
"1679","05-Apr-2004",2004,"SOUTH AFRICA","Western Cape Province","Surfers' Corner, Muizenberg, False Bay"
"1680","04-Apr-2004",2004,"USA","Hawaii","Velzyland"
"1681","31-Mar-2004",2004,"USA","Florida","Ocean Reef Park, Singer Island, Palm Beach County"
"1682","31-Mar-2004",2004,"USA","Florida","Stuart Rocks, Martin County"
"1683","29-Mar-2004",2004,"BRAZIL","Pernambuco","Piedade Beach"
"1684","28-Mar-2004",2004,"USA","Florida","Pelican Beach Park, Satellite Beach, Brevard County"
"1685","27-Mar-2004",2004,"REUNION","Saint-Benoît","Spot de la gare"
"1686","27-Mar-2004",2004,"USA","Florida","Sanibel Island, Lee County"
"1687","14-Mar-2004",2004,"USA","Hawaii","Punaluu"
"1688","22-Mar-2004",2004,"NEW ZEALAND","North Island","Te Arai Point"
"1689","16-Mar-2004",2004,"USA","Hawaii","Kalihiwai Beach, Kauai"
"1690","06-Mar-2004",2004,"AUSTRALIA","Western Australia","5 nm off Cervantes"
"1691","29-Feb-2004",2004,"BRAZIL","Pernambuco","Piedade Beach, Recife"
"1692","26-Feb-2004",2004,"NEW ZEALAND","South Island, near Karitane north of Dunedin","South Beach"
"1693","21-Feb-2004",2004,"AUSTRALIA","New South Wales","Taree, Old Bar Beach"
"1694","16-Feb-2004",2004,"AUSTRALIA","Queensland","Fido's Reef, 300 m east of Cook Island. Cook Island is 2 miles from Tweed Heads, Gold Coast"
"1695","14-Feb-2004",2004,"EGYPT","","Coral Bay, Sharm-el-Sheikh"
"1696","11-Feb-2004",2004,"AUSTRALIA","New South Wales","Caves Beach"
"1697","25-Jan-2004",2004,"AUSTRALIA","Western Australia","Binningup"
"1698","23-Jan-2004",2004,"URUGUAY","Rocha","Ensenada de la Coronilla"
"1699","22-Jan-2004",2004,"NEW ZEALAND","Northlands","90 Mile Beach"
"1700","21-Jan-2004",2004,"VENEZUELA","Anzoategui","Playa Colorada Beach, Mochima National Park, only 200 m west of Santa Cruz Beach"
"1701","21-Jan-2004",2004,"VENEZUELA","Anzoategui","Santa Cruz Beach, Mochima National Park, 250 km from Caracas"
"1702","Reported 15-Jan-2004 ",2004,"SOUTH AFRICA","KwaZulu-Natal","Ballito"
"1703","12-Jan-2004",2004,"AUSTRALIA","New South Wales","Bushrangers Pass at Bass Point"
"1704","07-Jan-2004",2004,"SOUTH AFRICA","Eastern Cape Province","West Beach, Port Alfred"
"1705","03-Jan-2004",2004,"NEW ZEALAND","North Island","Whiritoa, Eastern Cormandel"
"1706","03-Jan-2004",2004,"EGYPT","Sinai Peninsula","Off Sharm El-Sheikh"
"1707","2004",2004,"AUSTRALIA","Western Australia","Redgate Beach"
"1708","31-Dec-2003",2003,"SOUTH AFRICA","KwaZulu-Natal","Salt Rock "
"1709","26-Dec-2003",2003,"USA","Florida","Miami, Dade County"
"1710","13-Dec-2003",2003,"USA","Florida","Melbourne Beach, Brevard County"
"1711","13-Dec-2003",2003,"NEW ZEALAND","Cook Islands","Pukapuka Northern Group"
"1712","08-Dec-2003",2003,"AUSTRALIA","Victoria","Collendina Beach east of Ocean Grove"
"1713","30-Nov-2003",2003,"AUSTRALIA","Western Australia","Perth? (Margaret River District)"
"1714","30-Nov-2003",2003,"AUSTRALIA","Western Australia","Perth? (Margaret River District)"
"1715","27-Nov-2003",2003,"SOUTH AFRICA","KwaZulu-Natal","Sodwana"
"1716","22-Nov-2003",2003,"USA","Florida","Daytona Beach, Volusia County"
"1717","12-Nov-2003 ",2003,"INDIA","Tamil Nadu","Mahabalipuram beach, 37 km south of Chennai"
"1718","12-Nov-2003",2003,"USA","Florida","South Jetty, New Smyrna Beach, Volusia County"
"1719","06-Nov-2003",2003,"EGYPT","Sinai Peninsula","Sha’ab Mahmud, Ras Mohamed Park"
"1720","06-Nov-2003",2003,"SOUTH AFRICA","KwaZulu-Natal","Karridene"
"1721","01-Nov-2003",2003,"AUSTRALIA","New South Wales","Seal Rocks, north of Newcastle"
"1722","Nov-2003",2003,"PANAMA","Pearl Islands",""
"1723","31-Oct-2003",2003,"USA","Florida","Ponte Vedra Beach, St. Johns County"
"1724","31-Oct-2003",2003,"AUSTRALIA","New South Wales","Lighthouse Beach, Seal Rocks"
"1725","31-Oct-2003",2003,"USA","Hawaii","Tunnels surf break off Makua Beach, Kaua'i"
"1726","27-Oct-2003",2003,"USA","Florida","New Smyrna Beach, Volusia County"
"1727","24-Oct-2003",2003,"USA","Hawaii","Honolua Bay"
"1728","14-Oct-2003",2003,"USA","Florida","Near Patrick Air Force Base Brevard County"
"1729","06-Oct-2003",2003,"USA","Florida","Palm Beach?"
"1730","05-Oct-2003",2003,"USA","Florida","Ocean Reef Park, Singer Island, Palm Beach County"
"1731","05-Oct-2003",2003,"USA","Florida","Stuart Park Beach, Martin County"
"1732","05-Oct-2003",2003,"USA","Florida","South Jetty, New Smyrna Beach, Volusia County"
"1733","05-Oct-2003",2003,"USA","Florida","Crawford Road beach approach at New Smyrna Beach, Volusia County"
"1734","05-Oct-2003",2003,"USA","Hawaii","Cove Beach / Kalama Beach, Kihei, Maui"
"1735","29-Sep-2003",2003,"FIJI","Taveuni","Welagi coastal reef off Drekeniwai"
"1736","28-Sep-2003",2003,"USA","Florida","North Hutchinson Island, St. Lucie Couny"
"1737","21-Sep-2003",2003,"USA","Florida","Ponce Inlet, New Smyrna Beach, Volusia County"
"1738","19-Sep-2003",2003,"USA","Florida","Ponce Inlet, New Smyrna Beach, Volusia County"
"1739","17-Sep-2003",2003,"USA","Florida","New Smyrna Beach, Volusia County"
"1740","14-Sep-2003",2003,"USA","Florida","New Smyrna Beach, Volusia County"
"1741","14-Sep-2003",2003,"SOUTH AFRICA","Western Cape Province","Melkbosstrand"
"1742","14-Sep-2003",2003,"USA","Florida","Bathtub Reef Beach, Martin County"
"1743","13-Sep-2003",2003,"USA","Florida","Daytona Beach, Volusia County "
"1744","13-Sep-2003",2003,"USA","South Carolina","Isle of Palms, Charleston County"
"1745","12-Sep-2003",2003,"SOUTH AFRICA","Western Cape Province","Near the wreck of the Kakapo off Noordhoek Beach"
"1746","Sep-2003",2003,"USA","Florida","Boca Grande, Lee County"
"1747","29-Aug-2003",2003,"USA","Texas","1.5 miles off Surfside "
"1748","19-Aug-2003",2003,"USA","California","Avila Beach, San Luis Obispo County"
"1749","12-Aug-2003",2003,"USA","California","Venice Beach, Los Angeles County"
"1750","08-Aug-2003",2003,"SOUTH AFRICA","Eastern Cape Province","Jeffrey’s Bay"
"1751","Reported 26-Jul-2003",2003,"AUSTRALIA","Northern Territory","Nhulunbuy"
"1752","20-Jul-2003",2003,"USA","Florida","Ponce Inlet, New Smyrna Beach, Volusia County"
"1753","15-Jul-2003",2003,"USA","Florida","Daytona Beach, Volusia County"
"1754","10-Jul-2003",2003,"BAHAMAS","Abaco Islands","Bakers Bay"
"1755","05-Jul-2003",2003,"USA","Florida","Near New Smyrna Jetty, Volusia County"
"1756","05-Jul-2003",2003,"USA","Florida","Canova Beach, Brevard County"
"1757","04-Jul-2003",2003,"BAHAMAS","Abaco Islands","10 miles west of Walker’s Cay"
"1758","Jul-2003",2003,"USA","Florida","Fort Lauderdale, Broward County"
"1759","Late Jul-2003",2003,"FRENCH POLYNESIA","Society Islands","Moorea"
"1760","Jul-2003",2003,"NEW ZEALAND","Cook Islands","Beveridge Reef"
"1761","30-Jun-2003",2003,"USA","Florida","New Smyrna Beach, Volusia County"
"1762","26-Jun-2003",2003,"USA","Florida","St Augustine Beach. St. Johns County"
"1763","24-Jun-2003",2003,"BRAZIL","Pernambuco","Piedade, Recife"
"1764","24-Jun-2003",2003,"USA","Florida","Cocoa Beach, Brevard County"
"1765","24-Jun-2003",2003,"USA","Hawaii","Makua Beach, Oahu"
"1766","22-Jun-2003",2003,"USA","Johnston Atoll",""
"1767","19-Jun-2003",2003,"USA","North Carolina","Masonboro Island, New Hanover County"
"1768","08-Jun-2003",2003,"USA","Florida","Ponce Inlet, Volusia County"
"1769","Jun-2003",2003,"USA","South Carolina","Pawleys Island, Georgetown County"
"1770","25-May-2003",2003,"USA","Florida","Coral Cove Park, Jupiter Inlet, Palm Beach County"
"1771","14-May-2003",2003,"USA","Florida","Ponce de Leon Inlet, Volusia County "
"1772","10-May-2003",2003,"USA","Hawaii","Between Magic Sands Beach and Kahaluu Beach on the Kona coast"
"1773","07-May-2003",2003,"USA","Florida","New Smyrna Beach, Volusia County"
"1774","03-May-2003",2003,"USA","Florida","Daytona Beach Shores, Volusia County"
"1775","May-2003",2003,"PHILIPPINES","Baatan","Limay"
"1776","26-Apr-2003",2003,"BRAZIL","Rio de Janeiro","Copacabana Beach, Rio de Janiero"
"1777","25-Apr-2003",2003,"BRAZIL","Rio de Janeiro","Copacabana Beach, Rio de Janiero"
"1778","23-Apr-2003",2003,"BRAZIL","Pernambuco","Pau Amarelo Beach, Paulista District (17 km from Recife)"
"1779","23-Apr-2003",2003,"BRAZIL","Rio de Janeiro","Copacabana Beach, Rio de Janiero"
"1780","21-Apr-2003",2003,"USA","Florida","Melbourne Beach, Brevard County "
"1781","21-Apr-2003",2003,"USA","Florida","Shepard Park, Cocoa Beach, Brevard County "
"1782","20-Apr-2003",2003,"USA","Florida","Playalinda Beach, Brevard County"
"1783","20-Apr-2003",2003,"USA","Florida","Sunglow Pier, Daytona Beach Shores, Volusia County"
"1784","20-Apr-2003",2003,"USA","Florida","New Smyrna Beach, Volusia County"
"1785","19-Apr-2003",2003,"USA","Florida","New Smyrna Beach, Volusia County  "
"1786","18-Apr-2003",2003,"USA","Florida","North Beach, Patrick AFB, Brevard County"
"1787","15-Apr-2003",2003,"USA","Florida","Cocoa Beach, Brevard County"
"1788","11-Apr-2003",2003,"VENEZUELA","Nueva Esparta","El Yaqu, Isla de Margarita"
"1789","09-Apr-2003",2003,"USA","Florida","Melbourne Beach, Brevard County"
"1790","04-Apr-2003",2003,"USA","Florida","New Smyrna Beach, Volusia County"
"1791","10-Mar-2003",2003,"USA","Florida","Petting Tank, Florida Aquarium, Tampa, Hillsborough County"
"1792","27-Feb-2003",2003,"NEW ZEALAND","Southland","East side of Bench Island in the Foveaux Strait"
"1793","15-Feb-2003",2003,"AUSTRALIA","South Australia","Goolwa Beach, Fleurieu Peninsula"
"1794","15-Feb-2003",2003,"USA","Florida","Jupiter, Palm Beach County"
"1795","11-Feb-2003",2003,"AUSTRALIA","New South Wales","Coogee Bay, near Sydney"
"1796","08-Feb-2003",2003,"AUSTRALIA","Queensland","Burleigh Lake on the Gold Coast"
"1797","17-Jan-2003",2003,"SOUTH AFRICA","Western Cape Province","Near the lagoon at Table View, Cape Peninsula"
"1798","03-Jan-2003",2003,"COSTA RICA","North Pacific coast","Playa Tamarindo "
"1799","02-Jan-2003",2003,"AUSTRALIA","Western Australia","Left break at the ‘Hot Spot’ at Sheringa Beach"
"1800","29-Dec-2002",2002,"AUSTRALIA","Queensland","Great Barrier Reef  (near Upolu Bay)"
"1801","24-Dec-2002",2002,"SOUTH AFRICA","Western Cape Province","Scarborough"
"1802","21-Dec-2002",2002,"AUSTRALIA","Queensland","Depth of 40 m on the wreck of the St. Paul off Brisbane"
"1803","20-Dec-2002",2002,"AUSTRALIA","Queensland","Golden Beach"
"1804","16-Dec-2002",2002,"AUSTRALIA","Queensland","Miami Lake"
"1805","01-Dec-2002",2002,"BRAZIL","Pernambuco","Boa Viagem Beach, Recife"
"1806","28-Nov-2002",2002,"MICRONESIA","Caroline Islands","Pision Reef, Truk"
"1807","28-Nov-2002",2002,"USA","California","Salmon Creek, Sonoma County"
"1808","17-Nov-2002",2002,"USA","Hawaii","Ka'anapali"
"1809","14-Nov-2002",2002,"TURKS & CAICOS","Caicos Bank","French Cay"
"1810","11-Nov-2002",2002,"USA","Florida","Ponce Inlet, New Smyrna Beach, Volusia County"
"1811","02-Nov-2002",2002,"USA","Florida","New Smyrna Beach, Volusia County"
"1812","Nov-2002",2002,"FRENCH POLYNESIA","Society Islands","Tetiaroa"
"1813","30-Oct-2002",2002,"USA","Hawaii","Kama'ole Beach Park I, Kihei, Maui"
"1814","14-Oct-2002",2002,"BRAZIL","Pernambuco","Piedade Beach, Jaboatão dos Guararapes City, Recife"
"1815","11-Oct-2002",2002,"USA","Florida","Opposite main gate at Patrick Air Force Base, Cape Canaveral, Brevard County"
"1816","05-Oct-2002",2002,"USA","Florida","New Smyrna Beach, Volusia County"
"1817","05-Oct-2002",2002,"USA","Florida","New Smyrna Beach, Volusia County"
"1818","03-Oct-2002",2002,"USA","Florida","New Smyrna Beach, Volusia County"
"1819","30-Sep-2002",2002,"USA","Florida","Ormond Beach, Volusia County"
"1820","29-Sep-2002",2002,"USA","Florida","Sebastian Inlet, Brevard County"
"1821","27-Sep-2002",2002,"USA","Hawaii","Kahala, O'ahu"
"1822","27-Sep-2002",2002,"USA","Florida","Key Largo, Monroe County"
"1823","27-Sep-2002",2002,"TONGA","Vava'u","Swimming with humpback whales"
"1824","21-Sep-2002",2002,"USA","Oregon","Cape Kiwanda"
"1825","21-Sep-2002",2002,"USA","California","Moonstone Beach, Humboldt County"
"1826","16-Sep-2002",2002,"BRAZIL","Pernambuco","Piedade Beach, Jaboatão dos Guararapes City"
"1827","16-Sep-2002",2002,"USA","Hawaii","Hideaways Beach, Princeville, Kaua'i"
"1828","13-Sep-2002",2002,"SOUTH AFRICA","Western Cape Province","Glencairn, False Bay"
"1829","09-Sep-2002",2002,"USA","Florida","Ponce Inlet, New Smyrna Beach, Volusia County"
"1830","05-Sep-2002",2002,"USA","Florida","Daytona Beach Shores, Volusia County"
"1831","28-Aug-2002",2002,"USA","Hawaii","Kewalo Basin Channel, O'ahu"
"1832","17-Aug-2002",2002,"USA","Alabama","Gulf of Mexico, 65 miles offshore from Mobile"
"1833","14-Aug-2002",2002,"USA","Florida","New Smyrna Beach, Volusia County"
"1834","11-Aug-2002",2002,"USA","Florida","Vero Beach, Indian River County"
"1835","07-Aug-2002",2002,"USA","Florida","Ponce De Leon Inlet, Volusia County"
"1836","Reported 06-Aug-2002",2002,"UNITED KINGDOM","Cheshire","Blue Planet Aquarium, Ellesmere Port"
"1837","05-Aug-2002",2002,"USA","North Carolina","Topsail Beach, Pender County"
"1838","26-Jul-2002",2002,"USA","South Carolina","Myrtle Beach, Horry County"
"1839","20-Jul-2002",2002,"USA","North Carolina","Emerald Isle, Carteret County"
"1840","10-Jul-2002",2002,"USA","Florida","Ponce Inlet, New Smyrna Beach, Volusia County"
"1841","09-Jul-2002",2002,"USA","Maryland","100 miles off Ocean City, Maryland, in 7000' of water"
"1842","10-Jul-2002",2002,"BRAZIL","Pernambuco","Piedade Beach, Recife"
"1843","04-Jul-2002",2002,"USA","North Carolina","Wrightsville Beach, New Hanover County"
"1844","20-Jun-2002",2002,"AUSTRALIA","Queensland","Sunshine Beach"
"1845","20-Jun-2002",2002,"USA","Florida","New Smyrna Beach, Volusia County"
"1846","16-Jun-2002",2002,"INDONESIA","","Shark caught in Indonesia, offloaded to trawler that docked at Samut Prakan, 20 miles south of Bangkok, Thailand"
"1847","Reported 13-Jun-2002",2002,"PAPUA NEW GUINEA","Louisiade Archipelago","Brooker Island , Calvados Chain"
"1848","Reported 13-Jun-2002",2002,"PAPUA NEW GUINEA","Louisiade Archipelago","Gawa Reefs, Sudest Island"
"1849","11-Jun-2002",2002,"USA","Hawaii","Anini Beach, Kaua'i"
"1850","10-Jun-2002",2002,"USA","Florida","St Augustine Beach, St Johns County"
"1851","09-Jun-2002",2002,"USA","Florida","South of Ponce Inlet, New Smyrna Beach, Volusia County"
"1852","09-Jun-2002",2002,"USA","Florida","Jensen Beach, Martin County "
"1853","03-Jun-2002",2002,"SOUTH AFRICA","KwaZulu-Natal between Port Edward and Port St Johns","Off Mkhambati "
"1854","31-May-2002",2002,"USA","California","Stinson Beach, Marin County"
"1855","31-May-2002",2002,"USA","Florida","St. George Island (near Apachicola), Franklin County"
"1856","22-May-2002",2002,"USA","Florida","a pier at the end of Caxambas Drive, Marco Island "
"1857","22-May-2002",2002,"USA","Florida","Atlantic Avenue, Palm Beach County"
"1858","Reported 21-May-2002",2002,"COSTA RICA","Guanacaste","Playa Grande"
"1859","21-May-2002",2002,"PAPUA NEW GUINEA","Milne Bay Province","Tewatewa Island"
"1860","13-May-2002",2002,"USA","Florida","Ten Thousand Islands National Wildlife Refuge, Collier County"
"1861","10-May-2002",2002,"BRAZIL","Pernambuco","Pina, Recife"
"1862","07-May-2002",2002,"AUSTRALIA","Northern Territory","Darwin"
"1863","30-Apr-2002",2002,"AUSTRALIA","South Australia","Smoky Bay, near Ceduna, on the Eyre Peninsula"
"1864","21-Apr-2002",2002,"AUSTRALIA","New South Wales","26 nautical miles out to sea off Lake Macquarie"
"1865","20-Apr-2002",2002,"USA","Florida","St. Augustine Beach, St. Johns County"
"1866","18-Apr-2002",2002,"USA","Florida","New Smyrna Beach, Volusia County"
"1867","12-Apr-2002",2002,"AUSTRALIA","New South Wales","Bar Beach, Newcastle"
"1868","09-Apr-2002",2002,"BAHAMAS","Abaco Islands","Walkers Cay"
"1869","02-Apr-2002",2002,"USA","Florida","New Smyrna Beach, Volusia County"
"1870","01-Apr-2002",2002,"USA","Florida","Lauderdale-By-The-Sea, Broward County"
"1871","25-Mar-2002",2002,"USA","Hawaii","Brenecke Beach, Po'ipu, Kaua'i"
"1872","25-Mar-2002",2002,"USA","Florida","Cocoa Beach, Brevard County"
"1873","24-Mar-2002",2002,"BRAZIL","Pernambuco","Boa Viagem Beach, Recife"
"1874","19-Mar-2002",2002,"USA","Florida","Daytona Beach Shores, Volusia County"
"1875","15-Mar-2002",2002,"USA","Florida","Deerfield Beach (near Boca Raton), Broward County"
"1876","15-Mar-2002",2002,"USA","Florida","New Smyrna Beach, Volusia County"
"1877","03-Mar-2002",2002,"NEW CALEDONIA","Loyalty Islands","Lifou"
"1878","23-Feb-2002",2002,"TURKS & CAICOS","",""
"1879","16-Feb-2002",2002,"AUSTRALIA","Queensland","Sunshine Beach"
"1880","11-Feb-2002",2002,"FIJI","Cikobia Island (north of Vanua Levu)",""
"1881","07-Feb-2002",2002,"AUSTRALIA","New South Wales","Paramatta River (near Sydney)"
"1882","30-Jan-2002",2002,"AUSTRALIA","New South Wales","Just north of Fingal Spit"
"1883","30-Jan-2002",2002,"AUSTRALIA","Western Australia","Collie River "
"1884","04-Jan-2002",2002,"SOUTH AFRICA","KwaZulu-Natal","Durban Harbor"
"1885","03-Jan-2002",2002,"BRAZIL","Pernambuco","Candeias"
"1886","01-Jan-2002",2002,"SOUTH AFRICA","KwaZulu-Natal","Mtunzini"
"1887","01-Jan-2002",2002,"USA","Hawaii","Olowalu, Maui"
"1888","21-Dec-2001",2001,"AUSTRALIA","Western Australia","Honeycombs, 250 km south of Perth"
"1889","23-Nov-2001",2001,"AUSTRALIA","New South Wales","Flat Rock Beach, Lennox Head"
"1890","14-Nov-2001",2001,"USA","Hawaii","Kapalua, Maui"
"1891","07-Nov-2001",2001,"AUSTRALIA","Western Australia","Leighton Beach, south of North Cottesloe"
"1892","07-Oct-2001",2001,"SOUTH AFRICA","KwaZulu-Natal","Salt Rock "
"1893","02-Oct-2001",2001,"AUSTRALIA","Queensland","200 miles offshore"
"1894","30-Sep-2001",2001,"MEXICO","Guerrero","Ixtapa"
"1895","30-Sep-2001",2001,"AUSTRALIA","Queensland","Moreton Bay, NE of Brisbane "
"1896","24-Sep-2001",2001,"USA","Florida","Ponce Inlet, Volusia County"
"1897","18-Sep-2001",2001,"USA","Florida","New Smyrna Beach, Volusia County"
"1898","16-Sep-2001",2001,"USA","Florida","2 miles off Pompano Beach, Broward County"
"1899","15-Sep-2001",2001,"USA","Florida","A quarter mile north of Fort Pierce Inlet"
"1900","15-Sep-2001",2001,"USA","North Carolina","North Topsail Beach, Onslow County"
"1901","13-Sep-2001",2001,"UNITED KINGDOM","Cheshire","Blue Planet Aquarium, Ellesmere Port"
"1902","08-Sep-2001",2001,"USA","Florida","Everglades National Park, Monroe County"
"1903","07-Sep-2001",2001,"USA","Florida","Key Biscayne, Dade County"
"1904","07-Sep-2001",2001,"USA","South Carolina","Waites Island, Horry County"
"1905","03-Sep-2001",2001,"USA","North Carolina","Avon, Hatteras Island, Outer Banks, Dare County"
"1906","03-Sep-2001",2001,"USA","North Carolina","Avon, Hatteras Island, Outer Banks, Dare County"
"1907","02-Sep-2001",2001,"USA","Florida","Mayport Naval Station, Jacksonville, Duval Country"
"1908","01-Sep-2001",2001,"USA","Virginia","Sandbridge Beach, Princess Anne County"
"1909","31-Aug-2001",2001,"BAHAMAS","Abaco Islands","North of Grand Cay"
"1910","29-Aug-2001",2001,"USA","Florida","Coquina Beach, Anna Maria Island, Manatee County"
"1911","27-Aug-2001",2001,"USA","Florida","New Smyrna Beach, Volusia County"
"1912","26-Aug-2001",2001,"USA","Florida","New Smyrna Beach, Volusia County"
"1913","25-Aug-2001",2001,"USA","Florida","New Smyrna Beach, Volusia County"
"1914","22-Aug-2001",2001,"USA","Florida","Daytona, Volusia County "
"1915","21-Aug-2001",2001,"USA","Florida","New Smyrna Beach, Volusia County"
"1916","19-Aug-2001",2001,"USA","Florida","New Smyrna Beach, Volusia County"
"1917","19-Aug-2001",2001,"USA","Florida","New Smyrna Beach, Volusia County"
"1918","19-Aug-2001",2001,"USA","Florida","Wilbur-by-the-Sea, Volusia County"
"1919","18-Aug-2001",2001,"USA","Florida","New Smyrna Beach, Volusia County"
"1920","18-Aug-2001",2001,"USA","Florida","New Smyrna Beach, Volusia County"
"1921","18-Aug-2001",2001,"USA","Florida","New Smyrna Beach, Volusia County"
"1922","16-Aug-2001",2001,"BAHAMAS","Grand Bahama Island","High Rock, 25 to 30 miles east of Freeport"
"1923","12-Aug-2001",2001,"THAILAND","Rayong Province","Laem Mae Pim Beach"
"1924","05-Aug-2001",2001,"USA","South Carolina","Near 70th Avenue, Myrtle Beach, Horry County"
"1925","04-Aug-2001",2001,"BAHAMAS","Grand Bahama Island","Freeport"
"1926","03-Aug-2001",2001,"ITALY","","Rimini"
"1927","26-Jul-2001",2001,"USA","South Carolina","Myrtle Beach, Horry County"
"1928","25-Jul-2001",2001,"USA","Florida","Taverniier, Monroe County"
"1929","24-Jul-2001",2001,"USA","Florida","Marathon , Monroe County"
"1930","21-Jul-2001",2001,"USA","Massachusetts","Chatham Island"
"1931","15-Jul-2001",2001,"USA","Florida","Santa Rosa Island, Escambia County"
"1932","15-Jul-2001",2001,"USA","Florida","Amelia Island, Nassau County"
"1933","06-Jul-2001",2001,"MEXICO","Baja California","Ensenada"
"1934","06-Jul-2001",2001,"USA","Florida","Gulf Islands National Seashore"
"1935","03-Jul-2001",2001,"USA","South Carolina","Isle of Palms, Charleston County "
"1936","Jul-2001",2001,"USA","Georgia","Jekyll Island, Glynn County"
"1937","12-Jun-2001",2001,"USA","Texas","Padre Island National Seashore"
"1938","10-Jun-2001",2001,"USA","California","Catalina Island"
"1939","09-Jun-2001",2001,"AUSTRALIA","New South Wales","Lord Howe Island (island group 440 miles northeast of Sydney)"
"1940","03-Jun-2001",2001,"USA","South Carolina","Off 21st Avenue, Isle of Palms, Charleston County"
"1941","29-May-2001",2001,"USA","Texas","Galveston Island"
"1942","23-May-2001",2001,"USA","South Carolina","Coligny Beach, Hilton Head, Beaufort County"
"1943","20-May-2001",2001,"USA","South Carolina","Fripp Island, Beaufort County"
"1944","18-May-2001",2001,"PHILIPPINES","Zamboanga del Sur Province",""
"1945","11-May-2001",2001,"MADAGASCAR","","Shipwrecked Ferry M/V Samsonnette"
"1946","08-May-2001",2001,"SOUTH AFRICA","Eastern Cape Province","East London"
"1947","04-May-2001",2001,"AUSTRALIA","New South Wales","Noraville"
"1948","03-May-2001",2001,"USA","Florida","Jacksonville, Duval County"
"1949","May-2001",2001,"FIJI","Taveuni",""
"1950","28-Apr-2001",2001,"USA","Florida","New Smyrna Beach, Volusia County"
"1951","13-Apr-2001",2001,"USA","Florida","New Smyrna Beach, Volusia County"
"1952","13-Apr-2001",2001,"USA","Florida","New Smyrna Beach, Volusia County"
"1953","12-Apr-2001",2001,"USA","Florida","Waveland Beach, Hutchinson Island, St Lucie County"
"1954","12-Apr-2001",2001,"USA","Florida","New Smyrna Beach, Volusia County"
"1955","12-Apr-2001",2001,"USA","Florida","New Smyrna Beach, Volusia County"
"1956","12-Apr-2001",2001,"USA","Florida","New Smyrna Beach, Volusia County"
"1957","12-Apr-2001",2001,"USA","Florida","New Smyrna Beach / Waveland, Volusia County"
"1958","11-Apr-2001",2001,"USA","Florida","New Smyrna Beach, Volusia County"
"1959","11-Apr-2001",2001,"USA","Florida","New Smyrna Beach / Waveland, Volusia County"
"1960","11-Apr-2001",2001,"USA","Hawaii","Ewa Beach, O'ahu"
"1961","10-Apr-2001",2001,"USA","Florida","New Smyrna Beach, Volusia County"
"1962","08-Apr-2001",2001,"SOUTH AFRICA","Eastern Cape Province","Cape St. Francis"
"1963","08-Apr-2001",2001,"AUSTRALIA","New South Wales","Bronte Beach"
"1964","05-Apr-2001",2001,"USA","Florida","Bethune Beach, south of New Smyrna Beach, Volusia County"
"1965","02-Ap-2001",2001,"BRAZIL","Rio Grande de Norte","Praia de Camapum, Macau"
"1966","02-Apr-2001",2001,"AUSTRALIA","New South Wales","Nambucca River Entrance"
"1967","23-Mar-2001",2001,"USA","Hawaii","Sandy Beach, Oahu"
"1968","09-Mar-2001",2001,"USA","Florida","Coral Cove Park, Jupiter Island, Martin County"
"1969","08-Mar-2001",2001,"BRAZIL","Bahia","Nova Vicosa"
"1970","03-Mar-2001",2001,"BRAZIL","Pernambuco","Boa Viagem Beach, Recife"
"1971","Mar-2001",2001,"CARIBBEAN SEA","","Between St. Maarten & Anguilla"
"1972","26-Feb-2001",2001,"AUSTRALIA","Western Australia","Albany (incident took place 200 metres from swimmers)"
"1973","11-Feb-2001",2001,"MALAYSIA","Off the western coast of peninsular Malaysia","Pulau Pangkor (Pangkor Island)"
"1974","04-Feb-2001",2001,"AUSTRALIA","New South Wales","Broome Head"
"1975","Reported  24-Jan-2001",2001,"AUSTRALIA","New South Wales","South West Rocks"
"1976","24-Jan-2001",2001,"CUBA","Holquin Province","Off Blau Costa Verde resort"
"1977","21-Jan-2001",2001,"AUSTRALIA","South Australia","Adelaide"
"1978","09-Jan-2001",2001,"USA","California","Sunset Cliffs, San Diego"
"1979","06-Jan-2001",2001,"NEW ZEALAND","North Island","Sandy Bay/Whananaki"
"1980","24-Dec-2000",2000,"AUSTRALIA","Queensland","Flinders Cay"
"1981","12-Dec-2000",2000,"FIJI","Taveuni","Garden Island Resort"
"1982","11-Dec-2000",2000,"AUSTRALIA","South Australia","3 km off Port Victoria, Yorke Peninsula"
"1983","05-Dec-2000",2000,"CANADA","New Brunswick","Bay of Fundy"
"1984","03-Dec-2000",2000,"AUSTRALIA","Queensland","Sykes Reef, Great Barrier Reef"
"1985","Dec-2000",2000,"NEW ZEALAND","Cook Islands","Arorangi, Rarotonga"
"1986","21-Nov-2000",2000,"AUSTRALIA","Queensland","Orpheus Island"
"1987","20-Nov-2000",2000,"AUSTRALIA","South Australia","Ceduna"
"1988","17-Nov-2000",2000,"USA","Florida","Bonita Springs, Lee County"
"1989","10-Nov-2000",2000,"USA","Florida","Vaughn Beach, Flagler County"
"1990","06-Nov-2000",2000,"AUSTRALIA","Western Australia","Cottesloe Beach, Perth"
"1991","06-Nov-2000",2000,"AUSTRALIA","Western Australia","Cottesloe Beach, Perth"
"1992","04-Nov-2000",2000,"USA","California","1/4 to 1/2 m north of the jetty at Bunkers, Eureka, Humboldt County"
"1993","29-Oct-2000",2000,"AUSTRALIA","Queensland","Peel Island"
"1994","20-Oct-2000",2000,"USA","Florida","Fort Pierce Inlet State Park, St Lucie County"
"1995","18-Oct-2000",2000,"USA","Hawaii","Olowalu"
"1996","14-Oct-2000",2000,"USA","Florida","South Beach, Sebastian, Indian River County"
"1997","09-Oct-2000",2000,"USA","Florida","Lake Worth Inlet/West Palm Beach, Palm Beach County"
"1998","06-Oct-2000",2000,"USA","Florida","New Smyrna Beach, Volusia County"
"1999","06-Oct-2000",2000,"USA","Florida","New Smyrna Beach, Volusia County"
"2000","02-Oct-2000",2000,"USA","North Carolina","Wrightsville Beach, New Hanover County"
"2001","29-Sep-2000",2000,"USA","California","Mavericks, Half Moon Bay, San Mateo County"
"2002","25-Sep-2000",2000,"AUSTRALIA","South Australia","Black Point, Eyre Peninsula"
"2003","24-Sep-2000",2000,"AUSTRALIA","South Australia","Cactus Beach near Penong"
"2004","19-Sep-2000",2000,"AUSTRALIA","New South Wales","Wollongong"
"2005","16-Sep-2000",2000,"OKINAWA","Miyako Island","Sunayama Beach"
"2006","16-Sep-2000",2000,"USA","South Carolina","Isle of Palms, Charleston County"
"2007","15-Sep-2000",2000,"USA","Florida","Fort Pierce Inlet, St Lucie County"
"2008","12-Sep-2000",2000,"USA","Florida","Sebastian Inlet, Indian River or Brevard County"
"2009","11-Sep-2000",2000,"USA","Florida","Daytona Beach Shores, Volusia County"
"2010","10-Sep-2000",2000,"USA","Florida","Vero Beach, Indian River County"
"2011","10-Sep-2000",2000,"SOUTH AFRICA","Western Cape Province","Dyer Island"
"2012","08-Sep-2000",2000,"TANZANIA","","Coco Beach, Dar-es-Salaam (Reported as the 5th fatality in 3 months at Coco Beach)"
"2013","08-Sep-2000",2000,"USA","Florida","New Smyrna Beach, Volusia County"
"2014","08-Sep-2000",2000,"REUNION","Saint-Pierre","Pic du Diable "
"2015","Early Sep-2000",2000,"TANZANIA","","Coco Beach, Dar-es-Salaam"
"2016","31-Aug-2000",2000,"USA","Florida","New Smyrna Beach, Volusia County"
"2017","30-Aug-2000",2000,"USA","Florida","Boca Ciega Bay, Tampa, Pinellas County"
"2018","Reported 27-Aug-2000",2000,"USA","Alaska","Prince William Sound"
"2019","21-Aug-2000",2000,"USA","North Carolina","Bouges Bank, Emerald Isle, Carteret County"
"2020","15-Aug-2000",2000,"USA","Hawaii","Kanaha Beach, Maui"
"2021","13-Aug-2000",2000,"USA","Florida","South Jacksonville Beach, Duval County"
"2022","12-Aug-2000",2000,"USA","Florida","St. Augustine, St. Johns County"
"2023","11-Aug-2000",2000,"USA","North Carolina","Emerald Isle, Carteret County"
"2024","10-Aug-2000",2000,"USA","Florida","Florida Keys"
"2025","Aug-2000",2000,"TANZANIA","","Coco Beach, Dar-es-Salaam"
"2026","25-Jul-2000",2000,"USA","Florida","New Smyrna Beach, Volusia County"
"2027","22-Jul-2000",2000,"USA","Florida","Big Pine Key, Monroe County "
"2028","17-Jul-2000",2000,"USA","North Carolina","Oceanic Pier, Wrightsville Beach, New Hanover County"
"2029","16-Jul-2000",2000,"USA","North Carolina","Holden Beach, Brunswick County"
"2030","16-Jul-2000",2000,"SOUTH AFRICA","Eastern Cape Province","Nahoon, East London"
"2031","15-Jul-2000",2000,"SOUTH AFRICA","Eastern Cape Province","Cape Recife"
"2032","15-Jul-2000",2000,"SOUTH AFRICA","KwaZulu-Natal","South of Durban"
"2033","12-Jul-2000",2000," TONGA","Minerva Reef","Treated at Nuku-alofa"
"2034","10-Jul-2000",2000,"USA","Florida","Daytona  Beach, Volusia County"
"2035","09-Jul-2000",2000,"USA","Florida","Neptune Avenue, Ormond Beach, Volusia County"
"2036","07-Jul-2000",2000,"USA","Texas","Mustang Island, Corpus Christi"
"2037","06-Jul-2000",2000,"USA","North Carolina","Pine Island, Corolla, Currituck County"
"2038","04-Jul-2000",2000,"USA","Florida","Daytona Beach, Volusia County"
"2039","04-Jul-2000",2000,"USA","Florida","Artifical reef 3 miles off Manatee Beach, Manatee County"
"2040","02-Jul-2000",2000,"USA","Florida","Smyrna Dunes  Park, New Smyrna Beach, Volusia County"
"2041","02-Jul-2000",2000,"USA","Florida","Smyrna Dunes Park, New Smyrna Beach, Volusia County"
"2042","Jul-2000",2000,"TANZANIA","","Coco Beach, Dar-es-Salaam"
"2043","30-Jun-2000",2000,"PAPUA NEW GUINEA","Madang Province","Long Island near Madang, about 500 km (310 miles) north of the South Pacific nation's capital of Port Moresby"
"2044","29-Jun-2000",2000,"NEW ZEALAND","North Island","Papamoa Beach, Bay of Plenty"
"2045","19-Jun-2000",2000,"USA","Florida","Seminole Avenue, Ormond Beach, Volusia County"
"2046","13-Jun-2000",2000,"USA","Florida","Pensacola Bay, Escambia County"
"2047","10-Jun-2000",2000,"USA","Texas","J.P. Luby Surf Park, Corpus Christi"
"2048","09-Jun-2000",2000,"USA","Alabama","Gulf Shores, Baldwin County"
"2049","09-Jun-2000",2000,"USA","Alabama","Gulf Shores, Baldwin County"
"2050","02-Jun-2000",2000,"USA","Florida","27th Avenue, New Smyrna Beach, Volusia County"
"2051","Early Jun-2000",2000,"TANZANIA","","Coco Beach in Oyster Bay, 7 km north of Dar-es-Salaam"
"2052","13-May-2000",2000,"NEW CALEDONIA","South Province","Mont Dore"
"2053","09-May-2000",2000,"AUSTRALIA","Victoria","Koonya Beach, Melbourne"
"2054","07-May-2000",2000,"PAPUA NEW GUINEA","Madang Province","Long Island near Madang, about 500 km (310 miles) north of the South Pacific nation's capital of Port Moresby"
"2055","07-May-2000",2000,"PAPUA NEW GUINEA","Madang Province","Long Island near Madang, about 500 km (310 miles) north of the South Pacific nation's capital of Port Moresby"
"2056","14-Apr-2000",2000,"USA","Florida","On the south side of Ponce Inlet, Volusia County"
"2057","09-Apr-2000",2000,"USA","Florida","Municipal Beach, Riviera Beach, Palm Beach County"
"2058","31-Mar-2000",2000,"USA","Florida","Santa Rosa Sound Escambia County"
"2059","30-Mar-2000",2000,"AUSTRALIA","Queensland","Main Beach, Gold Coast"
"2060","26-Mar-2000",2000,"USA","Florida","Juno Beach, Palm Beach County"
"2061","24-Mar-2000",2000,"USA","Florida","Floridana Beach, Brevard County"
"2062","15-Mar-2000",2000,"NEW CALEDONIA","North Province","Poum"
"2063","14-Mar-2000",2000,"AUSTRALIA","New South Wales","McMasters Beach, Central Coast"
"2064","10-Mar-2000",2000,"AUSTRALIA","New South Wales","Parramatta River"
"2065","09-Mar-2000",2000,"AUSTRALIA","New South Wales","Parramatta River"
"2066","Reported      03-Mar-2000",2000,"NEW ZEALAND","North Island","Between the Kakanui River and Campbell's Bay"
"2067","02-Mar-2000",2000,"AUSTRALIA","New South Wales","Taronga Wharf, Athol Bay, Sydney Harbor"
"2068","Mar-2000",2000,"USA","Louisiana","Midnight Lump (38 miles offshore)"
"2069","21-Feb-2000",2000,"USA","Florida","Riviera Beach, Palm Beach County"
"2070","19-Feb-2000",2000,"SOUTH AFRICA","Western Cape Province","Struis Bay"
"2071","14-Feb-2000",2000,"ENGLAND","Worcestershire","The Fountain Pub in Tenbury Wells"
"2072","03-Feb-2000",2000,"NEW ZEALAND","South Island","Oreti Beach (reported as the 4th person bitten in NZ in 2000)"
"2073","01-Feb-2000",2000,"AUSTRALIA","South Australia","Point Sinclair, Cactus Beach near Penong"
"2074","Reported 28-Jan-2000",2000,"REUNION","","Saint Pierre"
"2075","05-Jan-2000",2000,"THAILAND","Phang nga Province","Phang nga Island"
"2076","2000",2000,"USA","Florida","Boca Grande, Lee County"
"2077","31-Dec-1999",1999,"NEW ZEALAND","South Island","Oreti Beach"
"2078","31-Dec-1999",1999,"NEW ZEALAND","South Island","Oreti Beach"
"2079","31-Dec-1999",1999,"NEW ZEALAND","South Island","Oreti Beach"
"2080","26-Dec-1999",1999,"BRAZIL","Pernambuco","Boa Viagem Beach, Recife"
"2081","14-Dec-1999",1999,"USA","California","Off Ventura, Anacapa & Santa Cruz Islands"
"2082","06-Dec-1999",1999,"BRAZIL","Rio de Janeiro","Rio de Janeiro, Guanabara Bay"
"2083","02-Dec-1999",1999,"USA","Florida","Boynton Beach, Palm Beach County"
"2084","30-Nov-1999",1999,"USA","Florida","Palm Beach, Palm Beach County"
"2085","23-Nov-1999",1999,"USA","Hawaii","Big Island off Kona Village Resort, North Kona"
"2086","15-Nov-1999",1999,"USA","California","Waddell Reef, Santa Cruz County"
"2087","13 -Nov-1999",1999,"SOUTH AFRICA","KwaZulu-Natal","Umtentweni"
"2088","06-Nov-1999",1999,"BRAZIL","Rio de Janeiro","Rio de Janeiro, Guanabara Bay"
"2089","Nov-1999",1999,"MARSHALL ISLANDS","Alinglaplap Atoll","Island J4H"
"2090","Nov-1999",1999,"MARSHALL ISLANDS","Alinglaplap Atoll","Island J4H"
"2091","30-Oct-1999",1999,"USA","Florida","Daytona Beach, Volusia County"
"2092","30-Oct-1999",1999,"USA","Florida","Gulfstream Park beach, Palm Beach County"
"2093","20-Oct-1999",1999,"USA","Florida","Pet Den, Satellite Beach, Brevard County"
"2094","01-Oct-1999",1999,"USA","Hawaii","Old Kona Airport State Park"
"2095","29-Sep-1999",1999,"USA","Florida","South side of Ponce de Leon Inlet, Volusia County"
"2096","24-Sep-1999",1999,"ITALY","Adriatic Sea","San Benedetto"
"2097","19-Sep-1999",1999,"USA","California","North of Pidgeon Point, San Mateo County"
"2098","Reported 16-Sep-1999",1999,"USA","Florida","Cape Canaveral, Brevard County"
"2099","10-Sep-1999",1999,"USA","South Carolina","Isle of Palms, Charleston County"
"2100","05-Sep-1999",1999,"USA","Florida","Fort Pierce Inlet, St. Lucie County"
"2101","04-Sep-1999",1999,"USA","Florida","World Typhoon Lagoon, Disney Water Park, Orange County"
"2102","04-Sep-1999",1999,"USA","Florida","Ponce Inlet, Volusia County"
"2103","26-Aug-1999",1999,"USA","Florida","Bethune Beach, south of New Smyrna Beach, Volusia County"
"2104","24-Aug-1999",1999,"USA","North Carolina","Fort Fisher, New Hanover County"
"2105","23-Aug-1999",1999,"MARSHALL ISLANDS","Ralik Chain","Kwajalein Atoll"
"2106","21-Aug-1999",1999,"USA","Florida","Ponce Inlet, Volusia County"
"2107","16-Aug-1999",1999,"USA","South Carolina","Grand Strand, Myrtle Beach, Horry County"
"2108","05-Aug-1999",1999,"USA","Florida","New Smyrna Beach, Volusia County"
"2109","05-Aug-1999",1999,"BAHAMAS","Abaco Islands","Grand Cay"
"2110","29-Jul-1999",1999,"SOUTH AFRICA","Western Cape Province","Kogebaai"
"2111","26-Jul-1999",1999,"USA","Florida","Two miles off Key Colony Beach, Monroe County"
"2112","21-Jul-1999",1999,"USA","Hawaii","Honoli'i in Hilo (west side of Big Island)"
"2113","15-Jul-1999",1999,"SOUTH AFRICA","Western Cape Province","Buffels Bay (near Knysna)"
"2114","06-Jul-1999",1999,"USA","South Carolina","Charleston"
"2115","04-Jul-1999",1999,"USA","Florida","Pensacola  Beach, Escambia County"
"2116","03-Jul-1999",1999,"SOUTH AFRICA","Eastern Cape Province","Cintsa East, East London"
"2117","19-Jun-1999",1999,"USA","Florida","11 miles off Dog Island in the Gulf of Mexico, Franklin County"
"2118","17-Jun-1999",1999,"USA","Florida","South of Ponce Inlet, Volusia County"
"2119","12-Jun-1999",1999,"USA","Florida","Atlantiic Beach, Duval County"
"2120","09-Jun-1999",1999,"USA","Florida","Atlantic Dunes Park, Delray Beach, Palm Beach County"
"2121","29-May-1999",1999,"AUSTRALIA","South Australia","Hardwicke Bay, Yorke Peninsula"
"2122","01-May-1999",1999,"BRAZIL","Pernambuco","Boa Viagem Beach, Recife"
"2123","22-Apr-1999",1999,"MAURITIUS","Grand Baie","Pointe aux Canonniers"
"2124","11-Apr-1999",1999,"REUNION","L' Etang Salé-les-Bains","Roche-aux-Oiseaux"
"2125","01-Apr-1999",1999,"USA","Florida","Hobe Sound Beach, Palm Beach County"
"2126","Reported 18-Mar-1999 ",1999,"NEW ZEALAND","South Island","Codfish Island (Whenua Hau) west of Stewart Island"
"2127","18-Mar-1999",1999,"BRAZIL","Rio Grande de Norte","Atol das Rochas"
"2128","18-Mar-1999",1999,"USA","Hawaii","Olowalu side of Lahina, Maui "
"2129","14-Mar-1999",1999,"NEW CALEDONIA","Loyalty Islands","Ouvea"
"2130","14-Mar-1999",1999,"NEW ZEALAND","",""
"2131","08-Mar-1999",1999,"USA","Hawaii","Kealia Beach, Kaua'i"
"2132","05-Mar-1999",1999,"USA","Hawaii","Quarter mile offshore in Kaanapali, West Maui"
"2133","26-Feb-1999",1999,"USA","North Carolina","Frying Pan Shoals"
"2134","23-Feb-1999",1999,"AUSTRALIA","New South Wales","Scotts Head"
"2135","03-Feb-1999",1999,"USA","Florida","Hobe Sound, Martin County"
"2136","29-Jan-1999",1999,"MAURITIUS","","Belle-Mare"
"2137"," 13-Jan-1999",1999,"SOUTH AFRICA","Eastern Cape Province","Bonza Beach"
"2138","01-Jan-1999",1999,"NEW ZEALAND","North Island","Papamoa, near Tauranga, Bay of Plenty"
"2139","Reported 03-Jan-1999",1999,"AUSTRALIA","Northern Territory","Gulf of Carpenteria"
"2140","03-Jan-1999",1999,"REUNION","Saint-Leu","Pointe au Sel"
"2141","1999",1999,"SOUTH AFRICA","Western Cape Province","Hospital Rock, Dyers Island"
"2142","1999",1999,"USA","Virginia","Sandridge Beach, Virginia Beach, Princess Anne County"
"2143","24-Dec-1998",1998,"USA","Florida","Ormond Beach, Volusia County"
"2144","22-Dec-1998",1998,"AUSTRALIA","South Australia","Middleton Beach"
"2145","Reported 20-Dec-1998",1998,"SOUTH AFRICA","Eastern Cape Province","King's Beach, Port Elizabeth"
"2146","18-Dec-1998",1998,"SOUTH AFRICA","Eastern Cape Province","Kei River Mouth"
"2147","15-Dec-1998",1998,"AUSTRALIA","South Australia","Middleton Beach"
"2148","21-Nov-1998",1998,"USA","Florida","Ocean Beach, Jaycee Park, Vero Beach, Indian River County"
"2149","14-Nov-1998",1998,"USA","Florida","New Smyrna Beach, Volusia County"
"2150","11-Nov-1998",1998,"USA","Florida","South Beach Park, Indian River County"
"2151","05-Nov-1998",1998,"USA","Oregon","Winchester Bay"
"2152","02-Nov-1998",1998,"JAPAN","Southern Japan","460 miles off Iwakuni"
"2153","02-Nov-1998",1998,"BRAZIL","Pernambuco"," Boa Viagem Beach, Recife"
"2154","24-Oct-1998",1998,"USA","Florida","Jupiter Beach, Palm Beach County"
"2155","18-Oct-1998",1998,"SOUTH AFRICA","Eastern Cape Province","Glengariff"
"2156","10-Oct-1998",1998,"USA","Florida","Sebastian Inlet, Indian River County"
"2157","04-Oct-1998",1998,"BRAZIL","Pernambuco","Boa Viagem Beach, Recife"
"2158","01-Oct-1998",1998,"REUNION","Saint-Benoît",""
"2159","01-Oct-1998",1998,"USA","Florida","New Smyrna Beach, Volusia County"
"2160","27-Sep-1998",1998,"USA","Florida","The Rocks, Hutchinson Island, Martin County"
"2161","22-Sep-1998",1998,"USA","Florida","New Smyrna Beach, Volusia County"
"2162","Reported 16-Sep-1998",1998,"SOUTH AFRICA","Eastern Cape Province","Kowie River"
"2163","14-Sep-1998",1998,"USA","Florida","Stuart Beach, Martin County"
"2164","Sep-1998",1998,"SENEGAL","Cap Vert Peninsula","Yoff Island"
"2165","30-Aug-1998",1998,"USA","Florida","Ponce Inlet, Volusia County"
"2166","27-Aug-1998",1998,"ITALY","Marches region","12 miles off Senigallia (Adriatic Sea)"
"2167","26-Aug-1998",1998,"USA","California","Stinson Beach, Marin County"
"2168","Reported      23-Aug-1998",1998,"USA","Virginia","Virginia Beach"
"2169","15-Aug-1998",1998,"BAHAMAS","Berry Islands","Ambergris Cay"
"2170","13-Aug-1998",1998,"USA","Florida","Ponce Inlet, Volusia County"
"2171","12-Aug-1998",1998,"SOUTH AFRICA","Transvaal","National Zoological Gardens Aquarium, Pretoria"
"2172","01-Aug-1998",1998,"SOUTH AFRICA","Western Cape Province","Buffalo Bay, near Knysna"
"2173","01-Aug-1998",1998,"SOUTH AFRICA","Western Cape Province","Pringle Bay"
"2174","26-Jul-1998",1998,"BRAZIL","Pernambuco","Boa Viagem, Recife"
"2175","25-Jul-1998",1998,"USA","Florida","New Smyrna Beach, Volusia County"
"2176","06-Jul-1998",1998,"SOUTH AFRICA","Western Cape Province","Plettenberg Bay"
"2177","11-Jul-1998",1998,"SOUTH AFRICA","Eastern Cape Province","St. Francis Bay"
"2178","06-Jul-1998",1998,"SOUTH AFRICA","Western Cape Province","Plettenberg Bay"
"2179","28-Jun-1998",1998,"AUSTRALIA","South Australia","South Neptune Island"
"2180","22-Jun-1998",1998,"SOUTH AFRICA","Eastern Cape Province","Gonubie, 13 km northeast of East London"
"2181","08-Jun-1998",1998,"USA","Florida","Daytona Beach, Volusia County"
"2182","05-Jun-1998",1998,"SOUTH AFRICA","Eastern Cape Province","Jeffrey's Bay"
"2183","30-May-1998",1998,"SOUTH AFRICA","Eastern Cape Province","Pollock Beach"
"2184","29-May-1998",1998,"SOUTH AFRICA","Eastern Cape Province","Sardinia Bay near Port Elizabeth"
"2185","29-May-1998",1998,"SOUTH AFRICA","Eastern Cape Province","Jeffreys Bay"
"2186","25-May-1998",1998,"USA","Florida","New Smyrna Beach, Volusia County"
"2187","16-May-1998",1998,"USA","Florida","Pecks Lake, Martin County"
"2188","16-May-1998",1998,"USA","Florida","Walden Rocks, St. Lucie County"
"2189","16-May-1998",1998,"SOUTH AFRICA","Western Cape Province","Keurbooms"
"2190","26-Apr-1998",1998,"MOZAMBIQUE","Gaza","Bilene Bay, 180 km north of Maputo"
"2191","21-Apr-1998",1998,"USA","Oregon","Gleneden Beach"
"2192","17-Apr-1998",1998,"USA","Florida","Marathon, Monroe County"
"2193","01-Apr-1998",1998,"BRAZIL","Pernambuco","Boa Viagem, Recife"
"2194","Apr-1998",1998,"NEW CALEDONIA","","Île de Sable"
"2195","31-Mar-1998",1998,"USA","Florida","Jensen Beach Park, Martin County"
"2196","15-Mar-1998",1998,"SOUTH AFRICA","Western Cape Province","Saldanha Bay"
"2197","08-Mar-1998",1998,"USA","Florida","Loggerhead Park, Juno Beach, Palm Beach County"
"2198","23-Feb-1998",1998,"USA","Florida","Jensen Beach, Martin County"
"2199","Reported 28-Jan-1998",1998,"AUSTRALIA","New South Wales","Whale Beach"
"2200","Jan-1998",1998,"NEW CALEDONIA","South Province","l'Anse-Vata"
"2201","25-Jan-1998",1998,"REUNION","Grand'Anse",""
"2202","25-Jan-1998",1998,"SOUTH AFRICA","Eastern Cape Province","East London"
"2203","17-Jan-1998",1998,"AUSTRALIA","South Australia","Middleton Beach"
"2204","14-Jan-1998",1998,"MOZAMBIQUE","Maputo Province","Ponta do Ouro"
"2205","1998",1998,"SOUTH AFRICA","Eastern Cape Province","Hole-in-the Wall"
"2206","1998",1998,"REUNION","Beaufonds",""
"2207","1998 ",1998,"USA","Virginia","Wreck of the Navy Barge, 22 miles SE of Rudee "
"2208","28-Dec-1997",1997,"SOUTH AFRICA","Western Cape Province","Pringle Bay, 44 miles southeast of Cape Town"
"2209","28-Dec-1997",1997,"SOUTH AFRICA","Eastern Cape Province","St. Francis Bay"
"2210","25-Dec-1997",1997,"USA","Florida","Fort Lauderdale, Broward County"
"2211","25-Dec-1997",1997,"USA","Florida","Hollywood Beach, Broward County"
"2212","09-Nov-1997",1997,"AUSTRALIA","Western Australia","Albany"
"2213","Reported 05-Nov-1997",1997,"USA","Florida",""
"2214"," 05-Nov-1997",1997,"AUSTRALIA","New South Wales","Botany Bay?"
"2215","28-Oct-1997",1997,"AUSTRALIA","Western Australia","Cottesloe Beach, Perth"
"2216","28-Oct-1997",1997,"USA","Hawaii","Waiokapua Bay/Majors Bay, Brennecke Beach, Poipu, Kaua'i Island"
"2217","24-Oct-1997",1997,"USA","Florida","North Jetty, Fort Pierce Inlet State Park, St. Lucie County"
"2218","21-Oct-1997",1997,"USA","Florida","North Jetty, Fort Pierce Inlet State Park, St. Lucie County"
"2219","Reported 11-Oct-1997",1997,"SOUTH AFRICA","Eastern Cape Province","Off Port Alfred"
"2220","04-Oct-1997",1997,"USA","Florida","Daytona Beach, Volusia County"
"2221","16-Sep-1997",1997,"BRAZIL","Pernambuco","Boa Viagem, Recife"
"2222","09-Sep-1997",1997,"USA","Florida","Volusia County  "
"2223","08-Sep-1997",1997,"USA","Florida","New Smyrna Beach, Volusia County"
"2224","06-Sep-1997",1997,"USA","Florida","New Smyrna Beach, Volusia County"
"2225","30-Aug-1997",1997,"USA","Florida","New Smyrna Beach, Volusia County"
"2226","27-Aug-1997",1997,"USA","Florida","New Smyrna Beach, Volusia County"
"2227","24-Aug-1997",1997,"USA","California","Clam Beach, near Eureka, Humboldt County"
"2228","14-Aug-1997",1997,"MEXICO","Quintana Roo","Santa Rosa, Cozumel"
"2229","14-Aug-1997",1997,"MEXICO","Quintana Roo","Santa Rosa, Cozumel"
"2230","11-Aug-1997",1997,"USA","Florida","New Smyrna Beach, Volusia County"
"2231","11-Aug-1997",1997,"EGYPT","Red Sea","Safaga"
"2232","11-Aug-1997",1997,"EGYPT","Red Sea","Safaga"
"2233","10-Aug-1997",1997,"USA","Florida","New Smyrna Beach, Volusia County"
"2234","09-Aug-1997",1997,"USA","Florida","New Smyrna Beach, Volusia County"
"2235","05-Aug-1997",1997,"USA","Texas","East Beach, Galveston"
"2236","04-Aug-1997",1997,"USA","Florida","Carysfort Lighthouse, Key Largo, Monroe County"
"2237","02-Aug-1997",1997,"USA","Florida","New Smyrna Beach, Volusia County"
"2238","02-Aug-1997",1997,"USA","Florida","New Smyrna Beach, Volusia County"
"2239","27-Jul-1997",1997,"AUSTRALIA","Queensland","Pincushion, north of Maroochydore Beach"
"2240","21-Jul-1997",1997,"SOUTH AFRICA","Eastern Cape Province","Breezy Point, Ntlonyana"
"2241","17-Jul-1997",1997,"BRAZIL","Pernambuco","Boa Viagem, Recife"
"2242","14-Jul-1997",1997,"USA","South Carolina","Myrtle Beach, Horry County"
"2243","12-Jul-1997",1997,"OKINAWA","Miyako","Hirara"
"2244"," 2-Jul-1997",1997,"BRAZIL","Pernambuco","Paiva"
"2245","24-Jun-1997",1997,"USA","Hawaii","Sunset Beach, Oahu"
"2246","15-Jun-1997",1997,"FIJI","Taveuni","Off a small island 5 km from Garden Island Resort"
"2247","09-Jun-1997",1997,"USA","Florida"," Palm Beach County"
"2248","07-Jun-1997",1997,"BRAZIL","Rio de Janeiro","Copacabana, Rio de Janeiro"
"2249","02-Jun-1997",1997,"USA","Florida","Daytona Beach Shores,  Volusia County"
"2250","31-May-1997",1997,"USA","Florida","In Gulf of Mexico 17 miles off Weeki Wachee "
"2251","31-May-1997",1997,"USA","Florida","Flagler Beach, Flagler County"
"2252","31-May-1997",1997,"USA","Florida","Flagler Beach, Flagler County"
"2253","26-May-1997",1997,"BAHAMAS","Abaco Islands","Powell Cay"
"2254","17-May-1997",1997,"BAHAMAS","Abaco Islands","Walkers Cay"
"2255","20-Apr-1997",1997,"BRAZIL","Rio de Janeiro","Manguinhos, Ilha Feia, Búzios"
"2256","28-Feb-1997",1997,"AUSTRALIA","Queensland","Carrara, Nerang River"
"2257","28-Feb-1997",1997,"AUSTRALIA","Queensland","Whitsunday Passage"
"2258","21-Feb-1997",1997,"USA","Hawaii","Sunset Beach, O'ahu"
"2259","20-Feb-1997",1997,"REUNION","L'Etang-Sale",""
"2260","03-Feb-1997",1997,"AUSTRALIA","New South Wales","Iron Cove, Sydney"
"2261","25-Jan-1997",1997,"AUSTRALIA","Queensland","Whitehaven Beach, Whitsundays Island"
"2262","20-Jan-1997",1997,"AUSTRALIA","Western Australia","Geraldton"
"2263","03-Jan-1997",1997,"REUNION","","la Pointe-au-Sel"
"2264","01-Jan-1997",1997,"AUSTRALIA","Victoria","Seal Rocks, Phillip Island"
"2265","29-Dec-1996",1996,"AUSTRALIA","Queensland","Coolum Beach"
"2266","10-Dec-1996",1996,"SOUTH AFRICA","Eastern Cape Province","Duck Pond, Sardina Bay near Port Elizabeth"
"2267","Dec-1996",1996,"NEW CALEDONIA","",""
"2268","Dec-1996",1996,"NEW CALEDONIA","South Province","L'llot Maetre"
"2269","29-Nov-1996",1996,"USA","California","Salmon Creek Beach, Sonoma County"
"2270","18-Nov-1996",1996,"USA","Florida","Coral Cove Park, Palm Beach County"
"2271","28-Oct-1996",1996,"BRAZIL","Pernambuco","Barra de Jangada"
"2272","28-Oct-1996",1996,"BRAZIL","Pernambuco","Barra de Jangada"
"2273","09-Oct-1996",1996,"OKINAWA","Miyako Island","Boragawa Beach"
"2274","05-Oct-1996",1996,"USA","California","Dillon Beach, Marin County"
"2275","03-Oct-1996",1996,"USA","Florida","Cocoa Beach, Brevard County"
"2276","03-Oct-1996",1996,"USA","California","North Salmon Creek Beach, Sonoma County"
"2277","Oct-1996",1996,"BRAZIL","Pernambuco",""
"2278","18-Sep-1996",1996,"USA","Florida","New Smyrna Beach, Volusia County"
"2279","06-Sep-1996",1996,"NEW ZEALAND","Chatham Islands ","Waihere Bay"
"2280","06-Sep-1996",1996,"USA","Florida","New Smyrna Beach, Volusia County"
"2281","02-Sep-1996",1996,"USA","Florida","Behune Beach, Volusia County"
"2282","02-Sep-1996",1996,"USA","Florida","Bethune Beach, Volusia County"
"2283","01-Sep-1996",1996,"USA","South Carolina","Garden City Beach, Horry County"
"2284","01-Sep-1996",1996,"SOUTH AFRICA","KwaZulu-Natal","Hibberdene"
"2285","29-Aug-1996",1996,"USA","Hawaii","Paukukalo, Maui"
"2286","13-Aug-1996",1996,"USA","California","Bird Rock, Tomales Point"
"2287","11-Aug-1996",1996,"USA","Florida","Bayshore Garden, Sarasota Bay, Sarasota County"
"2288","26-Jul-1996",1996,"USA","Florida","Wiggins Pass, Collier County"
"2289","23-Jul-1996",1996,"OKINAWA","Miyako","Hirara City"
"2290","23-Jul-1996",1996,"EGYPT / ISRAEL","South Sinai, Gulf of Aqaba","1 km off the mouth of Marsa Bereika, north of Ras Mohammed"
"2291","21-Jul-1996",1996,"USA","Massachusetts","Truro (Cape Cod), Barnstable County"
"2292","20-Jul-1996",1996,"USA","Florida","New Smyrna Beach, Volusia County"
"2293","14-Jul-1996",1996,"USA","Hawaii","Nakalele Point, Maui"
"2294","10-Jul-1996",1996,"USA","Florida","New Smyrna Beach, Volusia County"
"2295","04-Jul-1996",1996,"USA","Florida","Public Beach, Siesta Key, Sarasota County"
"2296","04-Jul-1996",1996,"BAHAMAS","Cat Cay",""
"2297","25-Jun-1996",1996,"USA","South Carolina","Fripp Island, Beaufort County"
"2298","06-Jun-1996",1996,"AUSTRALIA","Victoria","Suicide Point, Point Leo"
"2299","04-Jun-1996",1996,"SOUTH AFRICA","KwaZulu-Natal","LaMercy"
"2300","28-May-1996",1996,"SOUTH AFRICA","Western Cape Province","The Steps, Wilderness"
"2301","24-May-1996",1996,"AUSTRALIA","New South Wales","Wreck of paddle steamer, Koputai, 6 km off Bondi Beach"
"2302","18-May-1996",1996,"USA","Florida","South of Ponce Inlet, Volusia County"
"2303","10-May-1996",1996,"SOUTH KOREA","",""
"2304","07-May-1996",1996,"USA","Florida","Shark Shallows, Ponce Inlet, Volusia County"
"2305","28-Apr-1996",1996,"USA","Hawaii","La'ie Point, O'ahu"
"2306","25-Apr-1996",1996,"AUSTRALIA","New South Wales","Mona Vale"
"2307","25-Apr-1996",1996,"AUSTRALIA","New South Wales","Mona Vale"
"2308","07-Apr-1996",1996,"BRAZIL","Pernambuco","Boa Viagem, Recife"
"2309","05-Mar-1996",1996,"AUSTRALIA","Queensland","Heron Island"
"2310","Mar-1996",1996,"AUSTRALIA","New South Wales","Lord Howe Island"
"2311","26-Feb-1996",1996,"AUSTRALIA","New South Wales","Charles Street Wharf, Parramatta River"
"2312","Reported      19-Feb-1996",1996,"USA","Missouri","St. Louis"
"2313","09-Feb-1996",1996,"PAPUA NEW GUINEA","Madang Province","Madang"
"2314","09-Feb-1996",1996,"PAPUA NEW GUINEA","Madang Province","Madang"
"2315","09-Feb-1996",1996,"PAPUA NEW GUINEA","Madang Province","Madang"
"2316","05-Feb-1996",1996,"DOMINICAN REPUBLIC","12 miles off the north coast","Boeing 757 enroute from Porta Plata"
"2317","04-Feb-1996",1996,"AUSTRALIA","New South Wales","Ned's Beach, Lord Howe Island"
"2318","23-Jan-1996",1996,"USA","Florida","Florida Keys, Monroe County"
"2319","22-Jan-1996",1996,"AUSTRALIA","Queensland","Brown's Inlet, Broadwater"
"2320","16-Jan-1996",1996,"USA","Hawaii","Ka’eleki’I Point, Maui"
"2321","14-Jan-1996",1996,"AUSTRALIA","Western Australia","Mutton Bird Island, Albany"
"2322","12-Jan-1996",1996,"AUSTRALIA","New South Wales","Eight-mile reef off Port Kembla"
"2323","10-Jan-1996",1996,"REUNION","Saint-Paul ","Embouchure de l'étang de Saint Paul"
"2324","1996",1996,"FIJI","Taveuni",""
"2325","1996",1996,"USA","North Carolina",""
"2326","18-Dec-1995",1995,"USA","Hawaii","Southwest of O'ahu"
"2327","11-Nov-1995",1995,"NEW ZEALAND","Chatham Islands, east of New  Zealand",""
"2328","25-Nov-1995",1995,"USA","Hawaii","Ha'ena, Kaua'i"
"2329","25-Nov-1995",1995,"NORTHERN ARABIAN SEA","",""
"2330","17-Nov-1995",1995,"AUSTRALIA","Queensland","Great Keppel Island"
"2331","Reported 28-Oct-1995",1995,"USA","Florida",""
"2332","21-Oct-1995",1995,"USA","Florida","North Beach, St. Lucie County"
"2333","11-Oct-1995",1995,"AUSTRALIA","Queensland","Pialba, Hervey Bay"
"2334","01-Oct-1995",1995,"USA","Florida","Ormond Beach, Volusia County"
"2335","30-Sep-1995",1995,"USA","Florida","Crescent Beach, St. Augustine, St. Johns County"
"2336","30-Sep-1995",1995,"USA","Florida","North Beach, Hutchinson Island, St. Lucie County"
"2337","28-Sep-1995",1995,"USA","California","Davenport Landing, Santa Cruz County"
"2338","19-Sep-1995",1995,"USA","Florida","Matanzas Bay Inlet, St. Johns County"
"2339","17-Sep-1995",1995,"USA","Florida","Daytona Beach, Volusia County"
"2340","16-Sep-1995",1995,"REUNION","Saint-Denis",""
"2341","13-Sep-1995",1995,"USA","Florida","Alligator Reef, off Islamorada, Monroe County"
"2342","11-Sep-1995",1995,"AUSTRALIA","Western Australia","Honeymoon Island, near Hopetown"
"2343","03-Sep-1995",1995,"USA","California","Shelter Cove, Humboldt County"
"2344","03-Sep-1995",1995,"USA","North Carolina","Bald Head Island, Brunswick County"
"2345","31-Aug-1995",1995,"USA","Florida","North Beach Inlet, St. Lucie County"
"2346","31-Aug-1995",1995,"USA","South Carolina","Myrtle Beach, Horry County"
"2347","27-Aug-1995",1995,"BRAZIL","Pernambuco","Boa Viagem, Recife"
"2348","26-Aug-1995",1995,"USA","Florida","Crescent Beach, St. Johns County"
"2349","26-Aug-1995",1995,"USA","Florida","Ponce de Leon Inlet, Volusia County"
"2350","25-Aug-1995",1995,"USA","North Carolina","Off Masonboro Island, New Hanover County"
"2351","22-Aug-1995",1995,"USA","North Carolina","Wrightsville Beach, New Hanover County"
"2352","22-Aug-1995",1995,"USA","Florida","Ponce de Leon Inlet, Volusia County"
"2353","21-Aug-1995",1995,"USA","North Carolina","Cape Lookout Bight"
"2354","19-Aug-1995",1995,"TONGA","Vava’u","Near Tapana Island"
"2355","15-Aug-1995",1995,"USA","Florida","Daytona Beach, Volusia County "
"2356","13-Aug-1995",1995,"USA","North Carolina","Emerald Isle, Carteret County"
"2357","10-Aug-1995",1995,"USA","Florida","Ponce Inlet, Volusia County"
"2358","10-Aug-1995",1995,"USA","South Carolina","Ocean Lakes Campground, south of Myrtle Beach, Horry County"
"2359","07-Aug-1995",1995,"USA","Florida","Ponce de Leon Inlet, Volusia County "
"2360","01-Aug-1995",1995,"TONGA","Vava’u","Neiafu"
"2361","Aug-1995",1995,"USA","California","Carmel, Monterey County"
"2362","28-Jul-1995",1995,"USA","Florida","New Smyrna Beach, Volusia County"
"2363","28-Jul-1995",1995,"USA","Florida","New Smyrna Beach, Volusia County"
"2364","28-Jul-1995",1995,"USA","Florida","New Smyrna Beach, Volusia County"
"2365","28-Jul-1995",1995,"USA","Florida","New Smyrna Beach, Volusia County"
"2366","28-Jul-1995",1995,"USA","South Carolina","Pawleys Island, Georgetown County"
"2367","24-Jul-1995",1995,"USA","South Carolina","Pawleys Island, Georgetown County"
"2368","23-Jul-1995",1995,"USA","Florida","South Jetty, New Smyrna Beach, Volusia County"
"2369","07-Jul-1995",1995,"BRAZIL","Pernambuco","Candeias"
"2370","08-Nov-1984",1984,"SOUTH AFRICA","Eastern Cape Province","Gonubie River Mouth"
"2371","06-Jul-1995",1995,"USA","Texas","Port Aransas"
"2372","03-Jul-1995",1995,"USA","Mississippi","Cat Island, Harrison County"
"2373","Early Jul-1995",1995,"USA","South Carolina","Off 29th Avenue, Myrtle Beach, Horry County"
"2374","30-Jun-1995",1995,"USA","California","Bluefish Cove, Pt. Lobos State Park, Monterey County"
"2375","24-Jun-1995",1995,"USA","California","LaJolla Shores, San Diego County"
"2376","23-Jun-1995",1995,"USA","Georgia","Tybee Island, Chatham County"
"2377","17-Jun-1995",1995,"USA","South Carolina","Garden City Beach, Horry County"
"2378","17-Jun-1995",1995,"USA","Florida","Jensen Beach Park, Martin County"
"2379","16-Jun-1995",1995,"USA","Florida","Tiger Shores Beach, Martin County"
"2380","14-Jun-1995",1995,"USA","Hawaii","Opposite Grand Wailea Resort, Wailea, Maui"
"2381","13-Jun-1995",1995,"HONG KONG","Clearwater Bay","First Beach"
"2382","02-Jun-1995",1995,"HONG KONG","New Territories","Sheung Sze Wan Beach"
"2383","31-May-1995",1995,"HONG KONG","New Territories","Sai Kung Beach"
"2384","26-May-1995",1995,"USA","Florida","Vero Beach, Indian River County"
"2385","24-May-1995",1995,"FIJI","Yasawa Islands","Waya Island"
"2386","18-May-1995",1995,"AUSTRALIA","Western Australia","Bernier Island, Shark Bay"
"2387","12-May-1995",1995,"SOUTH KOREA","","Jangkodo Island"
"2388","16-Apr-1995",1995,"USA","Florida","New Smyrna Beach, Volusia County"
"2389","13-Apr-1995",1995,"USA","Florida","Ormond Beach, Volusia County"
"2390","09-Apr-1995",1995,"AUSTRALIA","New South Wales","Honeysuckle Point, Eden"
"2391","09-Apr-1995",1995,"JAPAN","Aichi Prefecture","Atsumi Peninsula"
"2392","21-Mar-1995",1995,"AUSTRALIA","New South Wales","Clark Island, Sydney Harbour"
"2393","11-Mar-1995",1995,"AUSTRALIA","South Australia","Cactus Beach"
"2394","05-Mar-1995",1995,"BRAZIL","Maranhão","Praia do Olho D'Água, São Luis"
"2395","19-Feb-1995",1995,"SOUTH AFRICA","Eastern Cape Province","Kidd’s Beach"
"2396","Feb-1995",1995,"VENEZUELA","",""
"2397","24-Jan-1995",1995,"SOUTH AFRICA","KwaZulu-Natal","Isipingo"
"2398","02-Jan-1995",1995,"BRAZIL","Pernambuco","Piedade"
"2399","1995",1995,"SOUTH AFRICA","",""
"2400","1995",1995,"AUSTRALIA","Queensland","Gladstone Reef"
"2401","1995",1995,"USA","North Carolina","Carolina Beach"
"2402","1995",1995,"USA","South Carolina","Pawleys Island, Georgetown County"
"2403","30-Dec-1994",1994,"SOUTH AFRICA","Western Cape Province","Mossel Bay"
"2404","18-Dec-1994",1994,"USA","Hawaii","Kinikini, Mana, Kaua'i"
"2405","13-Dec-1994",1994,"BRAZIL","Pernambuco","Piedade"
"2406","11-Dec-1994",1994,"BRAZIL","Pernambuco","Paiva"
"2407","Reported      10-Dec-1994 ",1994,"VANUATU","Tafea Province","Aniwa Island"
"2408","09-Dec-1994",1994,"AUSTRALIA","Queensland","Hinchinbrook Channel, Queensland"
"2409","09-Dec-1994",1994,"USA","California","San Miguel Island, Santa Barbara County"
"2410","01-Dec-1994",1994,"BRAZIL","Pernambuco","Paiva"
"2411","25-Nov-1994",1994,"SOUTH AFRICA","Western Cape Province","Mossel Bay"
"2412","13-Nov-1994",1994,"USA","Hawaii","Off the Hanalei River, Kaua'i"
"2413","06-Nov-1994",1994,"USA","Hawaii","Kealia Beach, Kaua'i"
"2414","18-Oct-1994",1994,"BRAZIL","Pernambuco","Piedade"
"2415","17-Oct-1994",1994,"BRAZIL","Pernambuco","Piedade"
"2416","09-Oct-1994",1994,"USA","Florida","Bill Baggs Cape Florida State Recreation Area, Miami-Dade County"
"2417","05-Oct-1994",1994,"USA","Florida","Indialantic, Brevard County"
"2418","26-Sep-1994",1994,"USA","South Carolina","North Forest Beach, near Hilton Head, Beaufort County"
"2419","21-Sep-1994",1994,"USA","Oregon","Short Sand Beach, Oswald West State Park"
"2420","Reported 11-Sep-1994",1994,"USA","Florida","Florida Straits"
"2421","05-Sep-1994",1994,"USA","Hawaii","Makaha Surf Beach"
"2422","22-Aug-1994",1994,"JAPAN","Kagoshima Prefecture","Tatsugo-cho"
"2423","24-Jul-1994",1994,"BRAZIL","Pernambuco","Boa Viagem, Recife"
"2424","09-Jul-1994",1994,"BRAZIL","Pernambuco","Boa Viagem, Recife"
"2425","09-Jul-1994",1994,"REUNION","Saint-Denis","Barachois"
"2426","09-Jul-1994",1994,"SOUTH AFRICA","Eastern Cape Province","Nahoon Beach, East London"
"2427","09-Jul-1994",1994,"SOUTH AFRICA","Eastern Cape Province","Nahoon Beach, East London"
"2428","08-Jul-1994",1994,"BRAZIL","Pernambuco","Boa Viagem, Recife"
"2429","08-Jul-1994",1994,"USA","Florida","New Smyrna Beach, Volusia County"
"2430","24-Jun-1994",1994,"BAHAMAS","Grand Bahama Island","Freeport"
"2431","31-May-1994",1994,"USA","Florida","Ponce Inlet, Volusia County"
"2432","31-May-1994",1994,"USA","Florida"," Daytona Beach, Volusia County"
"2433","28-May-1994",1994,"USA","Florida","3 miles east of Jacksonville Beach, Duval County"
"2434","24-May-1994",1994,"USA","Florida","Spessard Holland Park, Melbourne Beach, Brevard County"
"2435","23-May-1994",1994,"USA","Florida","New Smyrna Beach, Volusia County"
"2436","15-May-1994",1994,"USA","Florida","New Smyrna Beach, Volusia County"
"2437","Reported 16-Apr-1994",1994,"USA","California","Sunset Cliffs, San Diego, San Diego County"
"2438","15-Apr-1994",1994,"REUNION","Saint-Joseph","Lieu-dit Cayenne"
"2439","06-Apr-1994",1994,"BAHAMAS","","Rum Cay"
"2440","03-Apr-1994",1994,"USA","Florida","Miami Beach, Dade County"
"2441","02-Apr-1994",1994,"SOUTH AFRICA","Western Cape Province","Arniston"
"2442","23-Mar-1994",1994,"CHILE","","300 miles east of Easter Island"
"2443","23-Mar-1994",1994,"CHILE","","300 miles East of Easter Island"
"2444","07-Mar-1994",1994,"USA","California",""
"2445","01-Mar-1994",1994,"BRAZIL","Pernambuco","Boa Viagem, Recife"
"2446","27-Feb-1994",1994,"SOUTH AFRICA","Western Cape Province","Saxon Reef"
"2447","19-Feb-1994",1994,"USA","Florida","Juno Beach, Palm Beach County"
"2448","13-Feb-1994",1994,"USA","Hawaii","Kailua Bay"
"2449","12-Feb-1994",1994,"SOUTH AFRICA","Eastern Cape Province","Beachview Holiday Resort"
"2450","Feb-1994",1994,"NEW CALEDONIA","South Province","Cap Goulvain"
"2451","31-Jan-1994",1994,"BRAZIL","Pernambuco","Piedade"
"2452","31-Jan-1994",1994,"USA","Hawaii","Velzyland, north shore of O'ahu"
"2453","30-Jan-1994",1994,"SOUTH AFRICA","Eastern Cape Province","Nahoon Beach, East London"
"2454","Reported 12-Jan-1994",1994,"AUSTRALIA","Western Australia","Albany"
"2455","09-Jan-1994",1994,"AUSTRALIA","Queensland","Katana Downs Reach, Brisbane River"
"2456","03-Jan-1994",1994,"SOUTH AFRICA","KwaZulu-Natal","Hibberdene"
"2457","Last incident of 1994 in Hong Kong",1994,"HONG KONG","",""
"2458","1994",1994,"USA","Florida","Flagler Beach, Flagler County"
"2459","Dec-1993",1993,"USA","Hawaii","Waipo"
"2460","28-Nov-1993",1993,"USA","Florida","North Beach Jetty, St Lucie County"
"2461","21-Nov-1993",1993,"AUSTRALIA","Western Australia"," A pearl  farm in Roebuck Bay"
"2462","12-Nov-1993",1993,"USA","Hawaii","Horners, Wailua, Kaua'i"
"2463","Nov-1993",1993,"SOMALIA","Banaadir Region","Mogadishu"
"2464","30-Oct-1993",1993,"USA","California","""Bunkers"" Eureka, Humboldt County"
"2465","26-Oct-1993",1993,"USA","Florida","Treasure Shores Beach, Indian River County"
"2466","10-Oct-1993",1993,"USA","California","Goat Rock, Bodega Bay, Sonoma County?"
"2467","Oct-1993",1993,"USA","Hawaii","Mouth of Wallua River, Kaua'i"
"2468","30-Sep-1993",1993,"SOMALIA","Banaadir Region","Mogadishu"
"2469","26-Sep-1993",1993,"SOUTH AFRICA","Western Cape Province","Danger Point"
"2470","16-Sep-1993",1993,"EL SALVADOR","La Libertad","near El Cocal Beach"
"2471","16-Sep-1993",1993,"EL SALVADOR","La Libertad","El Cocal Beach"
"2472","14-Sep-1993",1993,"USA","Florida","Huguenot Memorial Park, Duval County"
"2473","09-Sep-1993",1993,"USA","Florida","Little Talbot Island, Jacksonville, Duval County"
"2474","03-Sep-1993",1993,"SPAIN","Costa Blanca","Playa de las Arenas, Valencia "
"2475","21-Aug-1993",1993,"BAHAMAS","Walkers Cay","Matinella Reef, 15 to 20 miles west of Walkers Cay"
"2476","Reported      19-Aug-1993",1993,"USA","Florida","Bethune Beach, Volusia County"
"2477"," 19-Aug-1993",1993,"USA","Hawaii","Paukukalo, Maui"
"2478","15-Aug-1993",1993,"USA","California","Between Santa Cruz Island and Santa Barbara"
"2479","15-Aug-1993",1993,"USA","North Carolina","Pamlico Sound"
"2480","14-Aug-1993",1993,"AUSTRALIA","Western Australia","Off Rottnest Island"
"2481","12-Aug-1993",1993,"USA","California","Abalone Point, Westport Union Landing, Mendocino County"
"2482","Aug-1993",1993,"NEW CALEDONIA","South Province","Ile Moro"
"2483","Aug-1993",1993,"EL SALVADOR","La Libertad","La Libertad"
"2484","30-Jul-1993",1993,"SOUTH AFRICA","Eastern Cape Province","Pollock Beach, Port Elizabeth"
"2485","07-Jul-1993",1993,"USA","Florida","Daytona Beach, Volusia County"
"2486","30-Jun-1993",1993,"BRAZIL","Pernambuco","Boa Viagem, Recife"
"2487","29-Jun-1993",1993,"REUNION","Saint-Paul","Cap de la Marianne"
"2488","11-Jun-1993",1993,"HONG KONG","New Territories","Silverstrand"
"2489","11-Jun-1993",1993,"MEXICO","Quintana Roo","Santa Rosa Shallows, Cozumel"
"2490","10-Jun-1993",1993,"USA","Hawaii","Goats Island (Moku’auia Island), Malaekahana State Recreation Area, Laie, O'ahu"
"2491","09-Jun-1993",1993,"AUSTRALIA","New South Wales","Julian Rocks, Byron Bay"
"2492","05-Jun-1993",1993,"AUSTRALIA","Tasmania","Tenth Island (King Island)"
"2493","01-Jun-1993",1993,"HONG KONG","New Territories","Sheung Sz Wan"
"2494","Jun-1993",1993,"USA","North Carolina","Hamstead, Pender County"
"2495","Late May 1993",1993,"HONG KONG","On the Kowloon penisula, south of Sai Kung","Silverstrand"
"2496","May 1993",1993,"SOMALIA","Banaadir Region","Arroyo Beach, Mogadishu"
"2497","Apr-1993",1993,"AUSTRALIA","Tasmania","Barren Joey Island"
"2498","27-Mar-1993",1993,"BRAZIL","Pernambuco","Paiva"
"2499","22-Mar-1993",1993,"USA","Florida","Singer Island, Riviera Beach, Palm Beach County"
"2500","17-Mar-1993",1993,"JAPAN","Ehime Prefecture","Iyo"
"2501","14-Mar-1993",1993,"USA","Hawaii","Paradise Bay (next to Wailua Bay), Maui"
"2502","12-Mar-1993",1993,"USA","California","Linda Mar Beach, Pedro Point, San Mateo County"
"2503","Mar-1993",1993,"NEW CALEDONIA","South Province","Île de Casey"
"2504","19-Feb-1993",1993,"TONGA","Tongapatu Group","Between 'Ata and Tongapatu"
"2505","18-Feb-1993",1993,"TONGA","Tongapatu Group","Between 'Ata and Tongapatu"
"2506","04-Feb 1993",1993,"AUSTRALIA","Queensland","Mooloolaba"
"2507","23-Jan-1993",1993,"BRAZIL","Pernambuco","Piedade"
"2508","05-Jan-1993",1993,"AUSTRALIA","Queensland","Line Reef, northeast of Hamilton Island, Whitsundays"
"2509","04-Jan-1993",1993,"CARIBBEAN SEA","","Off Dominican Republic"
"2510","02-Jan-1993",1993,"USA","Oregon","Bastendorf Beach, Coos County"
"2511","Fall 1993",1993,"ANGOLA","West Africa",""
"2512","Between May & Nov-1993",1993,"SOMALIA","Banaadir Region","Mogadishu"
"2513","1993",1993,"TONGA","Vava’u","Between Ofu & Fafini Islands"
"2514","1993",1993,"USA","Florida","Key West, Monroe County"
"2515","28-Dec-1992",1992,"USA","Hawaii","Honomuni, Moloka'i"
"2516","23-Dec-1992",1992,"USA","Hawaii","Chun's Reef, Laniakea, O'ahu"
"2517","29-Nov-1992",1992,"USA","California","San Onofre, San Diego County "
"2518","25-Nov-1992",1992,"USA","Florida","Brevard County, a mile north of Sebastian Inlet"
"2519","23-Nov-1992",1992,"USA","Florida",""
"2520","14-Nov-1992",1992,"USA","California","Ano Nuevo, San Mateo County"
"2521","Reported 12-Nov-1992",1992,"FIJI","Wakaya Island",""
"2522","11-Nov-1992",1992,"USA","California","San Nicholas Island, Santa Barbara County"
"2523","06-Nov-1992",1992,"USA","Florida","North Jetty Park, Fort Pierce, St Lucie County"
"2524","05-Nov-1992",1992,"USA","Hawaii","Kea'au Beach Park, O'ahu"
"2525","29-Oct-1992",1992,"USA","California","Castle Rock, San Miguel Island, Santa Barbara County"
"2526","22-Oct-1992",1992,"USA","Hawaii","Lanaikea, O'ahu"
"2527","15-Oct-1992",1992,"AUSTRALIA","New South Wales","Avalon Beach"
"2528","11-Oct-1992",1992,"BRAZIL","Maranhão","Praia de São Marcus, Sáo Luiz"
"2529","01-Oct-1992",1992,"AUSTRALIA","Queensland","North Point Beach, Moreton Island"
"2530","18-Sep-1992",1992,"BRAZIL","Pernambuco","Boa Viagem, Recife"
"2531","13-Sep-1992",1992,"USA","Oregon","Gold Beach, Curry County"
"2532","11-Sep-1992",1992,"USA","Florida","South Jetty, New Smyrna Beach, Volusia County"
"2533","10-Sep-1992",1992,"BRAZIL","Pernambuco","Boa Viagem, Recife"
"2534","Sep-1992",1992,"USA","Florida","St Lucie County"
"2535","29-Aug-1992",1992,"BAHAMAS","Abaco Islands","Double Breasted Cays "
"2536","25-Aug-1992",1992,"AUSTRALIA","South Australia","Lipson Cove, Tumby Bay"
"2537","21-Aug-1992",1992,"USA","Hawaii","Twin Arches, Hana Ranch, Maui"
"2538","18-Aug-1992",1992,"USA","California","Klamath River, Del Norte County"
"2539","17-Aug-1992",1992,"USA","Florida","Manalapan, Palm Beach County"
"2540","Aug-1992",1992,"USA","Florida","St. Lucie County"
"2541","23-Jul-1992",1992,"USA","Hawaii","Wai'anae, O'ahu"
"2542","21-Jul-1992",1992,"USA","Florida","Manasota Beach, Sarasota County"
"2543","08-Jul-1992",1992,"BRAZIL","Maranhão","Praia da Marcela, São Marcos Bay"
"2544","08-Jul-1992",1992,"BRAZIL","Maranhão","Praia da Marcela, São Marcos Bay"
"2545","28-Jun-1992",1992,"BRAZIL","Pernambuco","Piedade"
"2546","28-Jun-1992",1992,"REUNION","Saint-Paul","Cap de la Marianne"
"2547","19-Jun-1992",1992,"VANUATU","Malampa Province","Port Sandwich, Malakula"
"2548","17-Jun-1992",1992,"JAPAN","Ehime Prefecture","1.5 km north of Igata-cho, 60 km south of Matsyama"
"2549","Jun-1992",1992,"REUNION","Saint-Paul",""
"2550","31-May-1992",1992,"USA","North Carolina ","Wreck of the U-352 "
"2551","22-May-1992",1992,"REUNION","Saint-Joseph","Lieu-dit Cayenne"
"2552","May 1992",1992,"MEXICO","Mexico / Caribbean Sea","Isla Mujeres"
"2553","24-Apr-1992",1992,"NEW ZEALAND","Antarctic Ocean","Meteorologic Station on Campbell Island, 370 nautical miles south of New Zealand"
"2554","09-Apr-1992",1992,"SOUTH AFRICA","Eastern Cape Province","Nahoon"
"2555","28-Mar-1992",1992,"USA","Hawaii","Cannons, at Ha'ena on the north shore of Kaua'i Island"
"2556","10-Mar-1992",1992,"AUSTRALIA","Victoria","Point Lonsdale"
"2557","08-Mar-1992",1992,"JAPAN","Ehime Prefecture","Matsuyama"
"2558","08-Mar-1992",1992,"JAPAN","Ehime Prefecture","Nagahama-cho, 40 km southwest of Matsuyama "
"2559","08-Mar-1992",1992,"USA","Oregon","Winchester Bay, Douglas County"
"2560","19-Feb-1992",1992,"USA","Hawaii","Leftovers, near Waimea Bay, O'ahu"
"2561","14-Feb-1992",1992,"JAPAN","Ehime Prefecture","Matsuyama"
"2562","09-Feb-1992",1992,"AUSTRALIA","Tasmania","Clifton Beach, southwest of Hobart"
"2563","29-Jan-1992",1992,"REUNION","La Saline-les-Bains","Revine-3-Bassins"
"2564","29-Jan-1992",1992,"AUSTRALIA","New South Wales","Tweed Heads"
"2565","23-Jan-1992",1992,"SOUTH AFRICA","KwaZulu-Natal","Isipingo"
"2566","08-Jan-1992",1992,"SOUTH AFRICA","KwaZulu-Natal","Sheffield Beach"
"2567","06-Jan-1992",1992,"MAURITIUS","","Mahebourg"
"2568","03-Jan-1992",1992,"JAPAN","Ehime Prefecture","Matsuyama"
"2569","Jan-1992",1992,"JAPAN","Sea of Japan","Kanazawa?"
"2570","1992",1992,"FIJI","Tavenui",""
"2571","04-Dec-1991",1991,"USA","California","Shelter Cover, north of Fort Bragg, Shelter Cove, Mendocino County"
"2572","26-Nov-1991",1991,"USA","Hawaii","Olowalu, Maui"
"2573","26-Nov-1991",1991,"USA","Hawaii","Olowalu, Maui"
"2574","19-Nov-1991",1991,"USA","Hawaii","Maliko Point, Maui"
"2575","14-Nov-1991",1991,"USA","Florida","Near Port Canaveral Coast Guard Base"
"2576","Nov-1991",1991,"AUSTRALIA","Western Australia","Backbeach, Halls Head"
"2577","12-Oct-1991",1991,"USA","Florida","Melbourne Beach, Brevard County"
"2578","05-Oct-1991",1991,"USA","California","Horseshoe Reef, Scott Creek, Davenport, Santa Cruz County"
"2579","19-Sep-1991",1991,"BAHAMAS","","Bimini"
"2580","08-Sep-1991",1991,"AUSTRALIA","South Australia","Snapper Point, Aldinga Beach, Adelaide"
"2581","30-Aug-1991",1991,"AUSTRALIA","Queensland","On board the Japanese longline trawler Fukuya No.38, 100 nm northeast of Brisbane"
"2582","26-Aug-1991",1991,"USA","South Carolina","Myrtle Beach, Horry County"
"2583","12-Aug-1991",1991,"USA","Florida","Vero Beach, Indian River County"
"2584","09-Aug-1991",1991,"USA","Florida","Florida Bay"
"2585","30-Jul-1991",1991,"ITALY","Ligurian Sea","Portofino, 20 miles offshore, Tigullio Bay, Santa Margherita Ligure (Liguria)"
"2586","27-Jul-1991",1991,"USA","Florida","John Pennekamp Marine Park, Monroe County"
"2587","18-Jul-1991",1991,"USA","Florida","150 miles from Crystal River"
"2588","07-Jul-1991",1991,"USA","Florida","South Miami Beach, Dade County"
"2589","01-Jul-1991",1991,"REUNION","L'Etang-Salé","Ravine des Sables, Saint Leu"
"2590","01-Jul-1991",1991,"USA","California","8.5 miles south of Ano Nuevo State Reserve, Davenport County"
"2591","July 1991",1991,"USA","Virginia","Croatan Beach, Virginia Beach, "
"2592","29-Jun-1991",1991,"HONG KONG","","Basalt Island, 9km from Silverstrand"
"2593","28-Jun-1991",1991,"HONG KONG","Kowloon Peninsula","Sai Kung"
"2594","26-Jun-1991",1991,"USA","Florida","Jacksonville Beach, Duval County"
"2595","07-Jun-1991",1991,"USA","Florida","Tampa Bay, Hillsborough County"
"2596","07-Jun-1991",1991,"HONG KONG","Port Shelter","Silverstrand Beach, near Hung Hau "
"2597","26-May-1991",1991,"USA","Hawaii","Ma'ili Beach, O'ahu"
"2598","19-May-1991",1991,"SOUTH AFRICA","Western Cape Province","Gordon’s Bay"
"2599","24-Apr-1991",1991,"BRAZIL","Pernambuco","Praia de Pau Amarelo, Recife"
"2600","16-Apr-1991",1991,"USA","Maryland","Baltimore Aquarium"
"2601","16-Apr-1991",1991,"USA","Florida","South of Ponce Inlet, New Smyrna Beach, Volusia County"
"2602","03-Apr-1991",1991,"USA","Hawaii","One'ula Beach Park, 'Ewa Beach, O'ahu"
"2603","03-Mar-1991",1991,"AUSTRALIA","New South Wales","Bass Point"
"2604","24-Feb-1991",1991,"USA","Oregon","Neskowin, Tillamook County"
"2605","12-Feb-1991",1991,"SOUTH AFRICA","Western Cape Province","Miller’s Point"
"2606","19-Jan-1991",1991,"AUSTRALIA","Queensland","Mermaid Waters"
"2607","09-Jan-1991",1991,"AUSTRALIA","Western Australia","Scarborough"
"2608","Jan-1991",1991,"AUSTRALIA","Queensland","Pelican Banks near Gladstone"
"2609","26-Dec-1990",1990,"SOUTH AFRICA","Eastern Cape Province","Port Elizabeth"
"2610","28-Nov-1990",1990,"AUSTRALIA","Queensland","Nerang River"
"2611","03-Nov-1990",1990,"USA","California","Monastery Beach, Carmel Bay, Monterey County"
"2612","01-Nov-1990",1990,"USA","Florida","Spanish River Park Beach, Palm Beach County"
"2613","30-Oct-1990",1990,"USA","Florida","Melbourne Beach, Brevard County"
"2614","30-Oct-1990",1990,"USA","Florida","Indialantic, Brevard County"
"2615","27-Oct-1990",1990,"AUSTRALIA","Queensland","Mermaid Waters"
"2616","25-Oct-1990",1990,"AUSTRALIA","South Australia","Goolwa Beach"
"2617","20-Oct-1990",1990,"USA","Florida","North end of County Beach, Palm Beach County"
"2618","15-Oct-1990",1990,"USA","Hawaii","Hanalei Point, Kaua'i"
"2619","12-Oct-1990",1990,"USA","Florida","Stuart Beach, Martin County"
"2620","15-Sep-1990",1990,"SOUTH AFRICA","Western Cape Province","Oudekraal"
"2621","08-Sep-1990",1990,"USA","California","Russian Gulch, Jenner, Sonoma County"
"2622","05-Sep-1990",1990,"USA","California","Trinidad State Beach, Humboldt County"
"2623","30-Aug-1990",1990,"USA","Florida","Juno Beach / North Palm Beach, Palm Beach County"
"2624","28-Aug-1990",1990,"USA","California","Trinidad Head, Humboldt County"
"2625","19-Aug-1990",1990,"USA","Texas","Mustang Island, Nueces County"
"2626","19-Aug-1990",1990,"USA","Texas","Near Port Aransas, Nueces County"
"2627","22-Jul-1990",1990,"USA","Texas","Mustang Island State Park, Nueces County"
"2628","08-Jul-1990",1990,"USA","Florida","Perdido Key near the Florida Panhandle, Escambia County"
"2629","24-Jun-1990",1990,"SOUTH AFRICA","Western Cape Province","Mossel Bay"
"2630","23-Jun-1990",1990,"BAHAMAS","","Bimini"
"2631","13-May-1990",1990,"SOUTH AFRICA","KwaZulu-Natal","Protea Reef"
"2632","10-May-1990",1990,"AUSTRALIA","Queensland","Outer Barrier Reef near Port Douglas"
"2633","10-May-1990",1990,"AUSTRALIA","Queensland","Outer Barrier Reef near Port Douglas"
"2634","06-May-1990",1990,"SOUTH AFRICA","Eastern Cape Province","Cintsa East"
"2635","14-Apr-1990",1990,"SOUTH AFRICA","Eastern Cape Province","Cape Recife"
"2636","09-Apr-1990",1990,"AUSTRALIA","Queensland","Greenmount Beach"
"2637","08-Apr-1990",1990,"AUSTRALIA","Queensland","Dingo Reef, 80 nm off Townsville"
"2638","07-Apr-1990",1990,"AUSTRALIA","Queensland","Fingal Beach"
"2639","06-Apr-1990",1990,"AUSTRALIA","Queensland","Fingal Beach"
"2640","01-Apr-1990",1990,"USA","Hawaii","Silver (Silva) Channels, Waialua, O'ahu"
"2641","  24-Mar-1990",1990,"FIJI","Laucala Island",""
"2642","05-Mar-1990",1990,"REUNION","Sainte-Marie","Baie de la Mare"
"2643","17-Feb-1990",1990,"USA","Hawaii","Mokapu, Kane'ohe Marine Air Corps Station, O'ahu"
"2644","05-Feb-1990",1990,"USA","Florida","Monster Hole, Sebastian Inlet, Indian River County"
"2645","12-Jan-1990",1990,"USA","California","Montera Beach, San Mateo County"
"2646","1990",1990,"USA","Florida","Pensacola, Escambia County"
"2647","19-Dec-1989",1989,"USA","Hawaii","90 miles east of Hilo, Hawai'i"
"2648","03- Dec-1989",1989,"AUSTRALIA","Northern Territory","Gove Peninsula near Darwin"
"2649","02-Dec-1989",1989,"AUSTRALIA","Queensland","Fraser Island"
"2650","22-Nov-1989",1989,"AUSTRALIA","Victoria","Kilcunda"
"2651","18-Nov-1989",1989,"SOUTH AFRICA","Western Cape Province","Melkbosstrand"
"2652","12-Nov-1989",1989,"USA","Hawaii","Ehukai Beach Park, Sunset Beach, O'ahu"
"2653","02-Nov-1989",1989,"AUSTRALIA","Queensland","Mermaid Waters"
"2654","Reported 29-Oct-1989",1989,"AUSTRALIA","Northern Territory","Edith Falls"
"2655","22-Oct-1989",1989,"AUSTRALIA","Tasmania","Shelly Point "
"2656","14-Oct-1989",1989,"USA","Hawaii","Kahe Point, O'ahu"
"2657","11-Oct-1989",1989,"USA","Texas","Surfside Beach"
"2658","08-Oct-1989",1989,"USA","North Carolina","Between Wrightsville Beach & Carolina Beach, New Hanover County"
"2659","01-Oct-1989",1989,"AUSTRALIA","Victoria","Surfers Point, Phillip Island"
"2660","17-Sep-1989",1989,"SOUTH AFRICA","Western Cape Province","Smitswinkel, False Bay"
"2661","13-Sep-1989",1989,"USA","Florida","Gulf of Mexico, 22 miles from Pensacola"
"2662","10-Sep-1989",1989,"USA","California","Off Palos Verdes Estates, Los Angeles"
"2663","09-Sep-1989",1989,"USA","California","Southeast Farallon Island, Farallon Islands"
"2664","09-Sep-1989",1989,"USA","North Carolina","Salvo, Dare County"
"2665","03-Sep-1989",1989,"USA","California","24 km off Santa Catalina Island in the Channel Islands"
"2666","29-Aug-1989",1989,"AUSTRALIA","Queensland","SeaWorld Theme Park"
"2667","22-Aug-1989",1989,"USA","Florida","St Augustine, St Johns County"
"2668","22-Aug-1989",1989,"SOUTH AFRICA","Western Cape Province","Mossel Bay"
"2669","13-Aug-1989",1989,"AUSTRALIA","New South Wales","Lennox Head"
"2670","09-Aug-1989",1989,"BAHAMAS","Great Exuma Island","Highborn Cay"
"2671","Reported    06-Aug-1989",1989,"AUSTRALIA","Queensland","Moreton Bay"
"2672","27-Jul-1989",1969,"BERMUDA","",""
"2673","20-Jul-1989",1989,"SOUTH AFRICA","Eastern Cape Province","Jeffreys Bay"
"2674","19-Jul-1989",1989,"REUNION","Sainte-Suzanne","Temple Tamoule"
"2675","14-Jul-1989",1989,"USA","Florida","Cocoa Beach, Brevard County"
"2676","07-Jul-1989",1989,"USA","Texas","Sargent Beach, Matagorda County"
"2677","29-Jun-1989",1989,"USA","Hawaii","Anahola, Kaua'i"
"2678","17-Jun-1989",1989,"USA","Louisiana","40 miles off Cocodrie"
"2679","06-Jun-1989",1989,"ITALY","Tuscany","Marinella, between Punta Blanca & Marine del Carrara "
"2680","05-Jun-1989",1989,"SOUTH AFRICA","Eastern Cape Province","Jeffreys Bay"
"2681","03-Jun-1989",1989,"SOUTH AFRICA","Eastern Cape Province","Gonubie"
"2682","Jun-1989",1989,"JAPAN","Sea of Japan",""
"2683","23-Apr-1989",1989,"USA","Florida","Loggerhead Park, Juno Beach, Palm Beach County"
"2684","12-Apr-1989",1989,"USA","Washington","Pacific Beach, Grays Harbor County"
"2685","09-Apr-1989",1989,"USA","California","Monterey Bay, Monterey County"
"2686","03-Apr-1989",1989,"USA","Hawaii","Ho'okipa Beach, Pa'ia, Maui"
"2687","Apr-1989",1989,"USA","Hawaii","Kekaha Beach, Kaua'i"
"2688","09-Mar-1989",1989,"AUSTRALIA","South Australia","Waitpinga Beach, near Victor Harbor, Encounter Bay"
"2689","04-Mar-1989",1989,"AUSTRALIA","Western Australia","Near Broome in Roebuck Bay"
"2690","19-Feb-1989",1989,"SOUTH AFRICA","Western Cape Province",""
"2691","15-Feb-1989",1989,"SOUTH AFRICA","KwaZulu-Natal","Richards Bay"
"2692","02-Feb-1989",1989,"ITALY","Tyrrhenian Sea","Golfo di Baratti, near Piombino (Tuscany)"
"2693","26-Jan-1989",1989,"USA","California","Latigo Point / Paradise Cove, west of Malibu, Los Angeles County"
"2694","26-Jan-1989",1989,"USA","California","Latigo Point / Paradise Cove,west of Malibu, Los Angeles County"
"2695","20-Jan-1989",1989,"USA","Hawaii","Waialua Beach, Moloka'i"
"2696","20-Jan-1989",1989,"SOUTH AFRICA","KwaZulu-Natal","Isipingo"
"2697","08-Jan-1989",1989,"USA","Hawaii","Wailua, Kaua'i"
"2698","03-Jan-1989",1989,"AUSTRALIA","New South Wales","Half Tide Beach, Evans Head"
"2699","1989",1989,"PAPUA NEW GUINEA","New Ireland","Kavieng"
"2700","1989",1989,"USA","Virginia","Coral Gardens Reef, 6 miles SSE of Chicoteague Inlet"
"2701","15-Dec-1988",1988,"CHILE","Valpariso Province","Valpariso"
"2702","08-Nov-1988",1988,"AUSTRALIA","Queensland","Off North Keppel Island, off Yeppoon"
"2703","07-Nov-1988",1988,"AUSTRALIA","Queensland","Off North Keppel Island, off Yeppoon"
"2704","24-Oct-1988",1988,"PHILIPPINES","Viscayan Sea",""
"2705","23-Oct-1988",1988,"USA","Oregon","Indian Beach, Ecola State Park, just north of Cannon Beach, Clatsop County "
"2706","22-Oct-1988",1988,"AUSTRALIA","Victoria","Phillip Island"
"2707","14-Oct-1988",1988,"USA","Florida","Boca Raton, Palm Beach County"
"2708","11-Oct-1988",1988,"USA","Florida","Fort Pierce, St. Lucie County "
"2709","10-Oct-1988",1988,"USA","Florida","Playalinda, Brevard County"
"2710","06-Oct-1988",1988,"AUSTRALIA","South Australia","Moama Beach"
"2711","Oct-1988",1988,"USA","Florida","Sanibel Island, Lee County"
"2712","28-Sep-1988",1988,"USA","Florida","New Smyrna Beach, Volusia County"
"2713","13-Sep-1988",1988,"USA","Florida","Shell Island Panama City Beach, Bay County"
"2714","13-Sep-1988",1988,"USA","Florida","Shell Island Panama City Beach, Bay County"
"2715","22-Aug-1988",1988,"USA","Louisiana","New Orleans"
"2716","22-Aug-1988",1988,"ITALY","Manfredonia ","Ippocampo"
"2717","19-Aug-1988",1988,"JAPAN","Tokyo Prefecture","Ogasawara Islands"
"2718","11-Aug-1988",1988,"USA","California","Klamath River, Del Norte County"
"2719","23-Jul-1988",1988,"BAHAMAS","",""
"2720","19-Jul-1988",1988,"BAHAMAS","",""
"2721","17-Jul-1988",1988,"BAHAMAS","",""
"2722","11-Jul-1988",1988,"USA","Florida","Jensen Beach, Martin County"
"2723","04-Jul-1988",1988,"USA","Florida","New Smyrna Beach, Volusia County"
"2724","04-Jul-1988",1988,"BAHAMAS","",""
"2725","Jul-1988",1988,"BAHAMAS","",""
"2726","16-Jun-1988",1988,"SOUTH AFRICA","Western Cape Province","Sculphoek"
"2727","16-Jun-1988",1988,"USA","North Carolina","Ocracoke, Hyde County"
"2728","09-Jun-1988",1988,"USA","South Carolina","Sea Pines Beach Club, Hilton Head, Beaufort County"
"2729","05-Jun-1988",1988,"USA","Florida","Daytona Beach, Volusia County"
"2730","01-Jun-1988",1988,"USA","Florida","Daytona Beach, Volusia County"
"2731","27-May-1988",1988,"SOUTH KOREA","",""
"2732","10-May-1988",1988,"USA","Florida","Paradise Beach Park, Brevard County"
"2733","04-May-1988",1988,"USA","Florida","Melbourne Beach, Brevard County"
"2734","28-Apr-1988",1988,"REUNION","Saint-Louis","Embouchure de l'étang du Gol"
"2735","24-Apr-1988",1988,"USA","California","North of Morro Rock, San Luis Obispo County"
"2736","15-Apr-1988",1988,"USA","Florida","Singer Island, Riviera Beach, Palm Beach County"
"2737","15-Apr-1988",1988,"USA","Hawaii","Waihe'e, Maui"
"2738","14-Apr-1988",1988,"USA","Florida","Singer Island, Riviera Beach, Palm Beach County"
"2739","14-Apr-1988",1988,"USA","Florida","Singer Island, Riviera Beach, Palm Beach County"
"2740","10-Apr-1988",1988,"SOUTH AFRICA","KwaZulu-Natal","La Lucia"
"2741","31-Mar-1988",1988,"USA","Florida","Singer Island, Riviera Beach, Palm Beach County"
"2742","25-Mar-1988",1988,"USA","Hawaii","Running Waters Beach, Ninini Point, Kaua'i"
"2743","16-Mar-1988",1988,"SOUTH AFRICA","KwaZulu-Natal","Isipingo"
"2744","14-Mar-1988",1988,"REUNION","Saint-Pierre","Pic du Diable"
"2745"," 15-Feb-1988",1988,"SOUTH AFRICA","KwaZulu-Natal","Brighton Beach, Durban"
"2746","14-Feb-1988",1988,"SOUTH AFRICA","Eastern Cape Province","Nahoon"
"2747","13-Feb-1988",1988,"SOUTH AFRICA","KwaZulu-Natal","Mtunzini"
"2748","12-Feb-1988",1988,"AUSTRALIA","Western Australia","18 km west of Bunbury"
"2749","02-Feb-1988",1988,"Fiji","Vanua Levu",""
"2750","27-Jan-1988",1988,"SOUTH AFRICA","KwaZulu-Natal","Durban"
"2751","21-Jan-1988",1988,"AUSTRALIA","Torres Strait",""
"2752","14-Jan-1988",1988,"USA","Louisiana",""
"2753","06-Jan-1988",1988,"SOUTH AFRICA","Western Cape Province","Struisbaai"
"2754","Reported      05-Jan-1988",1988,"SOUTH AFRICA","Western Cape Province","Great Brak River"
"2755","1988",1988,"AUSTRALIA","New South Wales","Sydney"
"2756","20-Dec-1987",1987,"PHILIPPINES","Mindoro","Off Manila"
"2757","17-Dec-1987",1987,"USA","Florida","Palm Beach, Palm Beach County"
"2758","13-Dec-1987",1987,"AUSTRALIA","New South Wales","Shoalhaven"
"2759","21-Nov-1987",1987,"USA","Florida","North of Jupiter Inlet, Palm Beach County"
"2760","Nov-1987",1987,"SOUTH AFRICA","KwaZulu-Natal","St. Lucia"
"2761","26-Oct-1987",1987,"USA","California","Davenport Light, San Mateo County"
"2762","25-Oct-1987",1987,"SOUTH AFRICA","KwaZulu-Natal","Richards Bay"
"2763","11-Oct-1987",1987,"SOUTH AFRICA","Western Cape Province","Seal Island, False Bay"
"2764","06-Oct-1987",1987,"DOMINICAN REPUBLIC","Between DR and Puerto Rico","Mona Passage"
"2765","18-Sep-1987",1987,"AUSTRALIA","South Australia","Merino Rocks, Adelaide"
"2766","13-Sep-1987",1987,"SOUTH AFRICA","Western Cape Province","Still Bay"
"2767","20-Aug-1987",1987,"USA","Florida","Satellite  Beach, Brevard County"
"2768","15-Aug-1987",1987,"USA","California","Tunitas Beach, San Mateo County"
"2769","21-Jul-1987",1987,"USA","Florida","Ponce Inlet, New Smyrna Beach, Volusia County"
"2770","12-Jul-1987",1987,"USA","Texas","Mustang Island, near Port Aransas"
"2771","12-Jul-1987",1987,"USA","Texas","Mustang Island, near Port Aransas"
"2772","11-Jul-1987",1987,"USA","South Carolina","Winyah Bay"
"2773","09-Jul-1987",1987,"BAHAMAS","Exuma Islands","Sampson Cay"
"2774","Jul-1987",1987,"BAHAMAS","",""
"2775","13-Jun-1987",1987,"USA","Florida","Nest Key, Monroe County"
"2776","25-May-1987",1987,"USA","South Carolina","Myrtle Beach, Horry County"
"2777","08-May-1987",1987,"USA","Florida","St Augustine, St. Johns County"
"2778","06-May-1987",1987,"AUSTRALIA","New South Wales",""
"2779","19-Apr-1987",1987,"SOUTH AFRICA","KwaZulu-Natal","Port Shepstone"
"2780","18-Apr-1987",1987,"USA","Texas","Mustang Island, near Port Aransas"
"2781","15-Apr-1987",1987,"USA","Hawaii","Kailua-Kona, Hawai'i"
"2782","01-Apr-1987",1987,"VANUATU","Malampa Province","Vao Island"
"2783","30-Mar-1987",1987,"AUSTRALIA","Western Australia","Fourth Beach / Twilgth Beach"
"2784","30-Mar-1987",1987,"SOUTH AFRICA","Western Cape Province","Muizenberg"
"2785","28-Feb-1987",1987,"USA","Florida","Singer Island, Riviera Beach, Palm Beach County"
"2786","19-Feb-1987",1987,"SOLOMON ISLANDS","Between Honiara & Isabel Island",""
"2787","28-Jan-1987",1987,"SOUTH AFRICA","Eastern Cape Province","Eerste River"
"2788","06-Jan-1987",1987,"AUSTRALIA","Queensland","Lizard Island"
"2789","1987",1987,"MONTENEGRO","Adriatic Sea","Mogren Beach, Budva"
"2790","1987",1987,"ITALY","Tyrrhenian Sea","Marciana Marina, Isola d'Elba"
"2791","31-Dec-1986",1986,"SOUTH AFRICA","Western Cape Province","Agulhas Banks"
"2792","22-Dec-1986",1986,"SOUTH AFRICA","Western Cape Province","SAOU Strand"
"2793","11-Dec-1986",1986,"USA","Florida","Ponce Inlet, New Smyrna Beach, Volusia County"
"2794","06-Dec-1986",1986,"BAHAMAS","Florida Straits","Off Cay Sal  Banks"
"2795","06-Dec-1986",1986,"USA","California","Monastery Beach, Carmel River State Park, Monterey Peninsula, Monterey California"
"2796","04-Dec-1986",1986,"SOUTH AFRICA","Western Cape Province","Platbank"
"2797","Dec-1986",1986,"NEW CALEDONIA","","I'le Ouen"
"2798","30-Nov-1986",1986,"USA","Florida","Daytona Beach, Volusia County"
"2799","19-Nov-1986",1986,"USA","Florida","Indiatlantic, Brevard County"
"2800","04-Nov-1986",1986,"USA","Florida","Tiger Shores Beach, Martin County"
"2801","17-Oct-1986",1986,"SOUTH AFRICA","KwaZulu-Natal","Umhlanga"
"2802","03-Oct-1986",1986,"USA","Florida","Sanibel Island, Lee County"
"2803","05-Oct-1986",1986,"SOUTH AFRICA","KwaZulu-Natal","St. Michaels"
"2804","01-Oct-1986",1986,"AUSTRALIA","Western Australia","Direction Island, Cocos Islands"
"2805","Oct-1986",1986,"USA","Florida","Floridana Beach, Brevard County"
"2806","Reported 22-Sep-1986 ",1986,"USA","Florida","Pinellas Point, Tampa Bay"
"2807","Sep-1986",1986,"USA","Florida","Ormond Beach / Daytona Beach, Volusia County"
"2808","Sep-1986",1986,"USA","Florida","Ponce Inlet, New Smyrna Beach, Volusia County"
"2809","19-Aug-1986",1986,"USA","North Carolina","Masonboro Inlet, New Hanover County"
"2810","10-Aug-1986",1986,"SOUTH AFRICA","Western Cape Province","Reef on seaward side of Geyser Island"
"2811","03-Aug-1986",1986,"AUSTRALIA","New South Wales","North Head, Sydney Harbour"
"2812","Aug-1986",1986,"FRANCE","Gulf of Lyons","Gruissan"
"2813","26-Jul-1986",1986,"AUSTRALIA","Western Australia","3 km west of Rottnest Island"
"2814","09-Jul-1986",1986,"USA","South Carolina","Myrtle Beach, Horry County"
"2815","Jul-1986",1986,"SOUTH AFRICA","KwaZulu-Natal","LaMercy"
"2816","18-May-1986",1986,"AUSTRALIA","New South Wales","North Head, Sydney Harbour"
"2817","15-May-1986",1986,"SOUTH KOREA","",""
"2818","20-Apr-1986",1986,"USA","Hawaii","Kaliiwi, Kauai"
"2819","Apr-1986",1986,"SPAIN","Catalonia","Lloret-de-Mar"
"2820","18-Mar-1986",1986,"SPAIN","Cádiz","Tarifa "
"2821","15-Mar-1986",1986,"SOUTH AFRICA","KwaZulu-Natal","North Beach, Durban"
"2822","5-Mar-1986",1986,"SOUTH AFRICA","Eastern Cape Province","The Fence, King's Beach, Port Elizabeth"
"2823","18-Feb-1986",1986,"SOUTH AFRICA","Eastern Cape Province","East London"
"2824","17-Feb-1986",1986,"SOUTH AFRICA","Eastern Cape Province","Cape Recife"
"2825","07-Feb-1986",1986,"SOUTH AFRICA","Eastern Cape Province","King's Beach, Port Elizabeth"
"2826","06-Feb-1986",1986,"SOUTH AFRICA","Western Cape Province","Arniston"
"2827","01-Feb-1986",1986,"AUSTRALIA","Victoria","Jan Juc Beach"
"2828","12-Jan-1986",1986,"USA","Florida","Singer Island, Riviera Beach, Palm Beach County"
"2829","1986",1986,"USA","California","Linda Mar Beach, Pedro Point, San Mateo County"
"2830","22-Dec-1985",1985,"SOUTH AFRICA","KwaZulu-Natal","Garvies Beach"
"2831","10-Dec-1985",1985,"USA","North Carolina","New Hanover County"
"2832","11-Nov-1985",1985,"AUSTRALIA","Queensland","Gladstone"
"2833","05-Nov-1985",1985,"USA","California","Southeast Farallon Island, Farallon Islands"
"2834","03-Nov-1985",1985,"USA","California","5 miles south of Redondo Beach"
"2835","24-Oct-1985",1985,"SOUTH AFRICA","Eastern Cape Province","East London"
"2836","22-Oct-1985",1985,"USA","California","Point Conception, Santa Barbara County"
"2837","18-Oct-1985",1985,"USA","Hawaii","Little Glass Shacks, Princeville, Kaua'i"
"2838","12-Oct-1985",1985,"USA","Hawaii","Barbers Point, O'ahu"
"2839","  05-Oct-1985",1985,"USA","Alabama","Gulf Shores, Baldwin County"
"2840","28-Sep-1985",1985,"USA","California","Elephant Rock near Tomales Point, Marin County"
"2841","08-Sep-1985",1985,"SOUTH AFRICA","KwaZulu-Natal","T.O. Strand"
"2842","08-Sep-1985",1985,"USA","Florida","Palm Beach, Palm Beach County"
"2843","05-Sep-1985",1985,"USA","Florida","Fort Pierce Inlet, St Lucie County"
"2844","22-Aug-1985",1985,"USA","South Carolina","Palmetto Dunes, Hilton Head, Beaufort County"
"2845","20-Aug-1985",1985,"USA","Florida","New Smyrna Beach, Volusia County"
"2846","17-Aug-1985",1985,"USA","Florida","Bayport, Hernando County"
"2847","25-Jul-1985",1985,"USA","Florida","Daytona Beach, Volusia County"
"2848","25-Jul-1985",1985,"USA","Florida","New Smyrna Beach, Volusia County"
"2849","21-Jul-1985",1985,"USA","California","Off Shelter Cover (between Fort Bragg & Eureka), Humboldt County"
"2850","19-Jul-1985",1985,"USA","South Carolina","Folly Beach, Charleston County"
"2851","Mid Jul-1985 or mid Jul-1986",1985,"ITALY","Sicily","Punta Secca"
"2852","26-May-1985",1985,"USA","California","Long Beach, Los Angeles County"
"2853","08-May-1985",1985,"SOUTH AFRICA","KwaZulu-Natal","Umdhloti"
"2854","16-Mar-1985",1985,"USA","Florida","Palm Beach, Palm Beach County"
"2855","03-Mar-1985",1985,"AUSTRALIA","South Australia","Wiseman’s Beach, Peake Bay, Port Lincoln"
"2856","18-Feb-1985",1985,"USA","California","San Miguel Island, Santa Barbara County"
"2857","03-Feb-1985",1985,"USA","Florida","15 miles north of Sebastian Inlet, Brevard County"
"2858","27-Jan-1985",1985,"SOUTH AFRICA","Western Cape Province","Struisbaai"
"2859","18-Jan-1985",1985,"SOUTH AFRICA","KwaZulu-Natal","Umzimkulu"
"2860","17-Jan-1985",1985,"SOUTH AFRICA","KwaZulu-Natal","Umbogintwini"
"2861","16-Jan-1985",1985,"NEW ZEALAND","South Island","Christchurch"
"2862","04-Jan-1985",1985,"SOUTH AFRICA","Western Cape Province","Buffels Bay, False Bay"
"2863","Jan-1985",1985,"NEW CALEDONIA","South Province","Amedee Island"
"2864","Jan-1985",1985,"SOUTH AFRICA","KwaZulu-Natal","Salt Rock"
"2865","1985",1985,"VANUATU","Malampa Province","Port Sandwich Bay, Lamap, Malakula"
"2866","1985",1985,"IRAN","","Ramin, near Ahvaz"
"2867","03-Dec-1984",1984,"ITALY","Tyrrhenian Sea","Marciana Marina, Isola d'Elba"
"2868","30-Nov-1984",1984,"AUSTRALIA","Queensland","1 km off Black's Beach"
"2869","11-Nov-1984",1984,"USA","Florida","Jupiter Island Beach, Martin County"
"2870","04-Nov-1984",1984,"USA","Florida","Fowey Rock, Key Biscayne"
"2871","21-Oct-1984",1984,"USA","Florida","Wabasso Beach, Indian River County"
"2872","21-Oct-1984",1984,"USA","Florida","3 miles south of Sebastian Inlet State Park, Indian River County"
"2873","17-Oct-1984",1984,"USA","Florida","Boynton Beach, Palm Beach County"
"2874","14-Oct-1984",1984,"USA","Florida","Bob Graham Beach, Martin County"
"2875","30-Sep-1984",1984,"USA","Oregon","""Turnaround"", Cape Kiwanda, Tillamook County"
"2876","30-Sep-1984",1984,"USA","California","Tomales Point, Marin County"
"2877","23-Sep-1984",1984,"USA","Florida","Volusia County"
"2878","22-Sep-1984",1984,"USA","Florida",""
"2879","22-Sep-1984",1984,"USA","Florida","Indiatlantic, Brevard County"
"2880","19-Sep-1984",1984,"USA","Florida","Volusia County"
"2881","17-Sep-1984",1984,"USA","California","Mission Beach, San Diego County"
"2882","15-Sep-1984",1984,"USA","California","Pigeon Point, San Mateo County"
"2883","11-Sep-1984",1984,"MEXICO","Baja California","Guadalupe Island"
"2884","24-Aug-1984",1984,"USA","Florida","Off Crystal River, Citrus County"
"2885","07-Aug-1984",1984,"INDONESIA","","Bali"
"2886","24-Jul-1984",1984,"USA","Texas","South Padre Island"
"2887","24-Jul-1984",1984,"USA","Texas","South Padre Island"
"2888","22-Jul-1984",1984,"SOUTH AFRICA","Western Cape Province","Cape Point"
"2889","01-Jul-1984",1984,"USA","Florida",""
"2890","Jul-1984",1984,"SOUTH AFRICA","KwaZulu-Natal","Sodwana"
"2891","15-Jun-1984",1984,"SOUTH AFRICA","Western Cape Province","Muizenberg, False Bay"
"2892","03-Jun-1984",1984,"USA","Hawaii","Kane'ohe Bay, O'ahu"
"2893","03-Jun-1984",1984,"VANUATU","Malampa Province","Atchin Island, off Malakula"
"2894","31-May-1984",1984,"SOUTH AFRICA","Western Cape Province","Arniston"
"2895","17-Mar-1984",1984,"SOMALIA","",""
"2896","14-Mar-1984",1984,"SOUTH AFRICA","KwaZulu-Natal","Amanzimtoti"
"2897","10-Mar-1984",1984,"SOUTH AFRICA","Eastern Cape Province","Swartkops River mouth"
"2898","01-Mar-1984",1984,"AUSTRALIA","Western Australia","Coral Bay"
"2899","18-Feb-1984",1984,"SOUTH AFRICA","Eastern Cape Province","Paradise Beach, Jeffrey’s Bay"
"2900","17-Feb-1984",1984,"SOUTH AFRICA","KwaZulu-Natal","Shark tank at Oceanographic Research Insitute, Durban"
"2901","12-Feb-1984",1984,"SOUTH AFRICA","Eastern Cape Province","St. George’s Strand"
"2902","11-Feb-1984",1984,"AUSTRALIA","Queensland","Derwent Island"
"2903","05-Jan-1984",1984,"SOUTH AFRICA","Eastern Cape Province","Port Alfred"
"2904","04-Jan-1984",1984,"SOUTH AFRICA","KwaZulu-Natal","Umlaas Canal"
"2905","1984",1984,"USA","California","San Francisco"
"2906","1984",1984,"USA","Florida","Indiatlantic, Brevard County"
"2907","30-Dec-1983",1983,"GREECE","Andikira Fokithes",""
"2908","25-Dec-1983",1983,"USA","Florida","Riviera Beach, Palm Beach County"
"2909","24-Dec-1983",1983,"AUSTRALIA","South Australia","Dangerous Reef, South Neptune Island"
"2910","22-Dec-1983",1983,"SOUTH AFRICA","Eastern Cape Province","Great Fish River"
"2911","21-Dec-1983",1983,"SOUTH AFRICA","Eastern Cape Province","Nahoon"
"2912","07-Dec-1983",1983,"SOUTH AFRICA","KwaZulu-Natal","LaMercy"
"2913","21-Nov-1983",1983,"PHILIPPINES","Central Philippines",""
"2914","Reported      10-Nov-1983",1983,"USA","Florida","Melbourne Beach, Brevard County"
"2915","10-Nov-1983",1983,"SOUTH AFRICA","KwaZulu-Natal","Tongaat"
"2916","17-Oct-1983",1983,"USA","Florida","Stuart Beach, Martin County"
"2917","13-Oct-1983",1983,"USA","Florida","Daytona Beach, Volusia County"
"2918","04-Sep-1983",1983,"USA","Florida","Off Lake Worth, Palm Beach County"
"2919","20-Aug-1983",1983,"USA","Oregon","Cape Kiwanda,Tillamook County"
"2920","20-Aug-1983",1983,"SOUTH AFRICA","Western Cape Province","Seal Island, False Bay"
"2921","15-Aug-1983",1983,"USA","Virginia","Virginia Beach, Princess Anne County"
"2922","13-Aug-1983",1983,"USA","Florida","Riviera Beach, Palm Beach County"
"2923","13-Aug-1983",1983,"USA","Florida","6 miles south of Boca Chica Key, Monroe County "
"2924","06-Aug-1983",1983,"USA","Rhode Island",""
"2925","26-Jul-1983",1983,"AUSTRALIA","Queensland","Off Lodestone Reef, Great Barrier Reef, north of Townsville"
"2926","25-Jul-1983",1983,"AUSTRALIA","Queensland","Off Lodestone Reef, Great Barrier Reef, north of Townsville"
"2927","25-Jul-1983",1983,"AUSTRALIA","Queensland","Off Lodestone Reef, Great Barrier Reef, north of Townsville"
"2928","15-Jul-1983",1983,"SOUTH AFRICA","Eastern Cape Province","Seal Point, Cape St. Francis"
"2929","12-Jul-1983",1983,"USA","Florida","Caloosahatchee River, Lee County"
"2930","08-Jul-1983",1983,"BAHAMAS","Abaco Islands","Green Turtle Cay"
"2931","05-Jul-1983",1983,"USA","Florida","Riviera Beach, Palm Beach County"
"2932","29-Jun-1983",1983,"USA","Florida","Off 12th Street, Miami Beach"
"2933","22-Jun-1983",1983,"BAHAMAS","Abaco Islands","Off Sandy Point, Great Abaco Island"
"2934","20-Jun-1983",1983,"USA","Florida","Cocoa Beach, Brevard County"
"2935","15-Jun-1983",1983,"BAHAMAS","","Carter Cay"
"2936","15-Jun-1983",1983,"ITALY","Northwest Italy","Riomaggiore (Ligura)"
"2937","June 1983",1983,"BAHAMAS","Berry Islands","Whale Cay"
"2938","31-May-1983",1983,"USA","Florida","Intracoastal Waterway, Boca Raton, Palm Beach County"
"2939","24-May 1983",1983,"USA","Florida"," Riviera Beach, Palm Beach County"
"2940","21-May-1983",1983,"USA","Florida","Haulover Inlet, Dade County"
"2941","19-Apr-1983",1983,"USA","Florida",""
"2942","12-Apr-1983",1983,"SOUTH AFRICA","Eastern Cape Province","Bonza Bay"
"2943","02-Apr-1983",1983,"USA","Florida","Lake Worth Beach, Palm Beach County"
"2944","02-Apr-1983",1983,"SOUTH AFRICA","KwaZulu-Natal","Mpande"
"2945","30-Mar-1983",1983,"SOUTH AFRICA","KwaZulu-Natal","Scottburgh"
"2946","22-Mar-1983",1983,"SOUTH AFRICA","Eastern Cape Province","Nahoon"
"2947","10-Mar-1983",1983,"USA","Florida","Juno Beach, Palm Beach County"
"2948","Mar-1983",1983,"NEW CALEDONIA","Loyalty Islands","We, Lifou"
"2949","20-Feb-1983",1983,"SOUTH AFRICA","KwaZulu-Natal","Mtunzini"
"2950","24-Jan-1983",1983,"USA","South Carolina","60 miles southeast of Beaufort"
"2951","15-Jan-1983",1983,"SOUTH AFRICA","KwaZulu-Natal","Amanzimtoti"
"2952","10-Jan-1983",1983,"SOUTH AFRICA","Western Cape Province","Muizenberg"
"2953","08-Jan-1983",1983,"SOUTH AFRICA","Western Cape Province","Holbaai"
"2954","1983",1983,"VANUATU","Malampa Province","Off the beach opposite Atchin Island, Malakula"
"2955","1983",1983,"USA","North & South Carolina",""
"2956","Nov-1982",1982,"USA","South Carolina","Isle of Palms, Charleston County"
"2957","13-Oct-1982",1982,"USA","Florida","North Dade- Interama area of Biscayne Bay"
"2958","30-Sep-1982",1982,"SOUTH AFRICA","Eastern Cape Province","Nahoon, East London"
"2959","30-Sep-1982",1982,"SOUTH AFRICA","Eastern Cape Province","Nahoon, East London"
"2960","27-Sep-1982",1982,"USA","Florida","Patrick Air Force Base, Brevard County"
"2961","25-Sep-1982",1982,"USA","California","Monastery Beach, Carmel Bay, Monterey County"
"2962","19-Sep-1982",1982,"USA","California","Bear Harbor, Mendocino County"
"2963","04-Sep-1982",1982,"USA","Florida","Hollywood Beach, Broward County"
"2964","29-Aug-1982",1982,"JAPAN","Kumamoto Prefecture","Ariake Bay"
"2965","29-Aug-1982",1982,"USA","California","Morro Rock, Morro Bay, San Obispo County"
"2966","29-Aug-1982",1982,"SOUTH AFRICA","Western Cape Province","Langebaan"
"2967","Late Aug-1982",1982,"TUNISIA","","Skanes, near Monaster"
"2968","31-Jul-1982",1982,"SOUTH AFRICA","KwaZulu-Natal","Amanzimtoti"
"2969","24-Jul-1982",1982,"SOUTH AFRICA","Eastern Cape Province","Nahoon, East London"
"2970","24-Jul-1982",1982,"USA","California","Point Buchon, San Luis Obispo County"
"2971","19-Jul-1982",1982,"USA","Florida","Stuart Beach, Martin County "
"2972"," 11-Jul-1982",1982,"USA","California","Malibu, Los Angeles County"
"2973","01-Jul-1982",1982,"USA","Florida","Daytona Beach, Volusia County"
"2974","Jul-1982",1982,"NEW CALEDONIA","South Province","Sarcelle, Isle of Pines"
"2975","29-Jun-1982",1982,"SOUTH AFRICA","Eastern Cape Province","Ntlonyana Bay"
"2976","26-Jun-1982",1982,"USA","South Carolina","Isle of Palms, Charleston County"
"2977","26-Jun-1982",1982,"BAHAMAS","Andros Islands","North Rat Cay Reef"
"2978","  25-Jun-1982",1982,"USA","Florida","Ormond Beach / Daytona Beach, Volusia County"
"2979","13-Jun-1982",1982,"USA","Hawaii","Ho'okipa Beach, Pa'ia, Maui"
"2980","May 1982",1982,"USA","South Carolina","Daws Island, Broad River (near Beaufort)"
"2981","10-Mar-1982",1982,"USA","Florida","Palm Beach, Palm Beach County"
"2982","07-Mar-1982",1982,"AUSTRALIA","New South Wales","Tallow Beach, Byron Bay"
"2983","Mar-1982",1982,"NEW CALEDONIA","",""
"2984","28-Feb-1982",1982,"AUSTRALIA","Tasmania","South Cape Bay"
"2985","27-Feb-1982",1982,"USA","Florida","Hobe Sound, Palm Beach County"
"2986","17-Feb-1982",1982,"SOUTH AFRICA","Western Cape Province","Mossel Bay"
"2987","14-Feb-1982",1982,"USA","Hawaii","White Plains Beach, Barbers Point, O'ahu"
"2988","14-Feb-1982",1982,"USA","Hawaii","White Plains Beach, Barbers Point, O'ahu"
"2989","13-Feb-1982",1982,"USA","Florida","Palm Beach, Palm Beach County"
"2990","07-Feb-1982",1982,"USA","California","Stillwater Cove, Sonoma County"
"2991","07-Feb-1982",1982,"USA","Florida","Elliot Key"
"2992","29-Jan-1982",1982,"SOUTH AFRICA","Eastern Cape Province","Mpekeweni"
"2993","1982",1982,"ITALY","Tyrrhenian Sea","Lacona, Isola d'Elba"
"2994","1982",1982,"ITALY","Tyrrhenian Sea","Biodola, Isola d'Elba"
"2995","1982",1982,"TUNISIA","Biserta","Bechateur"
"2996","19-Dec-1981",1981,"USA","California","South Moss Beach, Spanish Bay, Monterey Peninsula"
"2997","13-Dec-1981",1981,"AUSTRALIA","Queensland","Green Island"
"2998","13-Dec-1981",1981,"USA","Hawaii","Nimitz Beach, Barbers Point, O'ahu"
"2999","30-Nov-1981",1981,"REUNION","Saint-Philippe","Vicendo"
"3000","19-Oct-1981",1981,"SOUTH AFRICA","Western Cape Province","Mossel Bay"
"3001","09-Nov-1981",1981,"USA","Hawaii","La'au Point, Moloka'i"
"3002","19-Oct-1981",1981,"USA","Florida","Jupiter Island, Brevard County"
"3003","17-Oct-1981",1981,"USA","Florida","Palm Beach, Palm Beach County"
"3004","16-Oct-1981",1981,"USA","Florida","Cocoa Beach, Brevard County"
"3005","01-Oct-1981",1981,"USA","Florida","Playalinda Beach, Brevard County"
"3006","28-Sep-1981",1981,"USA","Florida","Cocoa Beach, Brevard County"
"3007","27-Sep-1981",1981,"USA","Florida","Melbourne Beach, Brevard County"
"3008","15-Sep-1981",1981,"USA","Florida","Tampa Bay, Manatee County"
"3009","03-Sep-1981",1981,"USA","Florida","Patrick Air Force Base, Brevard County"
"3010","03-Sep-1981",1981,"USA","Florida","Cocoa Beach, Brevard County"
"3011","29-Aug-1981",1981,"USA","Florida","New Smyrna Beach, Volusia County"
"3012","24-Aug-1981",1981,"USA","Florida","Gulf Island National Seashore Park"
"3013","24-Aug-1981",1981,"USA","Hawaii","Keaukaha, Hilo, Hawai'i"
"3014","10-Aug-1981",1981,"USA","Florida","Marathon, Monroe County"
"3015","10-Aug-1981",1981,"USA","Florida","Ormond Beach / Daytona Beach, Volusia County"
"3016","07-Aug-1981",1981,"BAHAMAS","Grand Bahama Island","Gingerbread Reef, east of Little Isaac Island "
"3017","20-Jul-1981",1981,"USA","Florida","St. Petersburg Beach, Pinellas County"
"3018","18-Jul-1981",1981,"SOUTH AFRICA","Eastern Cape Province","Nahoon"
"3019","07-Jul-1981",1981,"USA","Florida","Carter Cay"
"3020","01-Jul-1981",1981,"SOUTH AFRICA","KwaZulu-Natal","Clansthal"
"3021","Reported 15-Jun-1981",1981,"ENGLAND","","Isle of Wight"
"3022","12-Jun-1981",1981,"USA","Hawaii","Honoli'i Pali, Hilo Bay ('Alae Point), Hawai'i"
"3023","24-May-1981",1981,"USA","Hawaii","Ha'ena Beach Park, Kaua'i"
"3024","23-May-1981",1981,"SOUTH KOREA","Chungnam","Wae-yeon Island"
"3025","20-May-1981",1981,"SOUTH AFRICA","Eastern Cape Province","Nahoon"
"3026","19-May-1981",1981,"USA","Florida","Sands Cut, Elliot Key"
"3027","16-May-1981",1981,"USA","Florida","Jacksonville, Duval County"
"3028","10-May-1981",1981,"SOUTH AFRICA","Eastern Cape Province","King’s Beach"
"3029","07-May-1981",1981,"NAMIBIA","Eronogo Region","Walvis Bay"
"3030","08-Mar-1981",1981,"BERMUDA","",""
"3031","05-May-1981",1981,"SOUTH AFRICA","Eastern Cape Province","Ntlonyane Bay"
"3032","25-Mar-1981",1981,"USA","Florida","Singer Island, Riviera Beach, Palm Beach County"
"3033","24-Mar-1981",1981,"USA","Florida","Singer Island, Riviera Beach, Palm Beach County"
"3034","04-Mar-1981",1981,"CHILE","Coquimbo","Bahia Totoralillo, 80  km north of Coquimbo"
"3035","Mar-1981",1981,"BRAZIL","Rio de Janeiro","Cabo Frio"
"3036","19-Feb-1981",1981,"SOUTH AFRICA","KwaZulu-Natal","Umtentweni"
"3037","16-Feb-1981",1981,"AUSTRALIA","Western Australia","Leighton Beach, north of Freemantle"
"3038","07-Feb-1981",1981,"AUSTRALIA","Western Australia","Parker's Point, Rottnest Island"
"3039","02-Feb-1981",1981,"USA","Florida","Juno Beach, Palm Beach County"
"3040","Feb-1981",1981,"BRAZIL","Rio de Janeiro","Cabo Frio"
"3041","30-Jan-1981",1981,"USA","Florida","20 miles from Mayport"
"3042","01-Jan-1981",1981,"SOUTH AFRICA","KwaZulu-Natal","Widenham"
"3043","1981",1981,"AUSTRALIA","New South Wales","Byron Bay"
"3044","Summer of 1981",1981,"GREECE","Pagasitikos Gulf",""
"3045","12-30-1980",1980,"SOUTH AFRICA","Eastern Cape Province","Nahoon"
"3046","26-Dec-1980",1980,"SOUTH AFRICA","Eastern Cape Province","Port Elizabeth"
"3047","24-Nov-1980",1980,"REUNION","Grand'Anse","Petite-Ile"
"3048","18-Nov-1980",1980,"AUSTRALIA","Western Australia","Lancelin"
"3049","17-Nov-1980",1980,"SOUTH AFRICA","KwaZulu-Natal","Mnini"
"3050","11-Nov-1980",1980,"BRAZIL","Pernambuco","Piedade"
"3051","27-Oct-1980",1980,"USA","Oregon","Off Umpqua River"
"3052","17-Oct-1980",1980,"USA","California","Moonstone Beach, Humboldt County"
"3053","Reported 22-Aug-1980",1980,"MEXICO","",""
"3054","10-Aug-1980",1980,"USA","North Carolina","Ocean Isle, Brunswick County"
"3055","04-Aug-1980",1980,"USA","Hawaii","Puamana, Lahaina, Maui"
"3056","26-Jul-1980",1980,"SPAIN","Canary Islands","San Juan de la Rambla, Tenerife"
"3057","27-Jul-1980",1980,"USA","New Jersey","Ocean City, Cape May County"
"3058","23-Jul-1980",1980,"USA","Delaware","Dewey Beach"
"3059","Late Jul-1980",1980,"USA","North Carolina","Emerald Isle Pier (near Morehead City), Carteret County"
"3060","Early Jul-1980",1980,"USA","Florida","New Smyrna Beach, Volusia County"
"3061","26-Jun-1980",1980,"USA","California","Off San Clemente Island, Los Angeles County"
"3062","15-May-1980",1980,"SOUTH AFRICA","Eastern Cape Province","Fuller’s Bay"
"3063","25-Apr-1980",1980,"JAMAICA","St. Mary's Parish","Priestman's River area, East Portland"
"3064","22-Apr-1980",1980,"PHILIPPINES","Romblon Province","Maestre de Campo Island, 120 miles south of Manila"
"3065","Apr-1980",1980,"MEXICO","Sinaloa","Mazatlán"
"3066","29-Mar-1980",1980,"SOUTH AFRICA","KwaZulu-Natal","Umdhloti"
"3067","28-Mar-1980",1980,"BRAZIL","Rio de Janeiro","Copacabana Beach, Rio de Janiero"
"3068","15-Mar-1980",1980,"PHILIPPINES","","250 miles southwest of Manila"
"3069","11-Mar-1980",1980,"SOUTH AFRICA","Western Cape Province","Velddrif"
"3070","31-Jan-1980",1980,"SOUTH AFRICA","KwaZulu-Natal","Ballito"
"3071","25-Jan-1980",1980,"KENYA","Lamu Archipelago","South of Lamu Island"
"3072","15-Jan-1980",1980,"SOUTH AFRICA","KwaZulu-Natal","Anstey’s"
"3073","13-Jan-1980",1980,"SOUTH AFRICA","Eastern Cape Province","Sardinia Bay"
"3074","10-Jan-1980",1980,"SOUTH AFRICA","Eastern Cape Province","King’s Beach"
"3075","05-Jan-1980",1980,"CHILE","Los Vilos","Punta Negra, Pichidangui"
"3076","Summer 1980",1980,"NORTH ATLANTIC OCEAN","","Onboard swordfish trawler"
"3077","1980s ",1980,"GREECE","Island of Kos",""
"3078","1980",1980,"SOUTH AFRICA","Eastern Cape Province","Bonza Bay"
"3079","1980s ",1980,"TONGA","Ha'api","Ha'ano Island"
"3080","21-Dec-1979",1979,"SOUTH AFRICA","Eastern Cape Province","Kenton-on-Sea"
"3081","05-Dec-1979",1979,"PORTUGAL","Madeira Islands","Sao Jorge, Madeira Island"
"3082"," 01-Dec-1979",1979,"SOUTH CHINA SEA","",""
"3083","27-Nov-1979",1979,"USA","Oregon","Haystack Rock, Cannon Beach, Clatsop County"
"3084","12-Nov-1979",1979,"SOUTH AFRICA","Western Cape Province","Macassar"
"3085","22-Oct-1979",1979,"SOUTH AFRICA","Eastern Cape Province","Algoa Bay"
"3086","14-Sep-1979",1979,"AUSTRALIA","New South Wales","Byron Bay"
"3087","28-Aug-1979",1979,"HONG KONG","","Mirs Bay"
"3088","26-Aug-1979",1979,"HONG KONG","Ho Ha Wan Marine Park",""
"3089","05-Aug-1979",1979,"USA","Florida","Daytona Beach, Volusia County"
"3090","03-Aug-1979",1979,"THAILAND","Southern Thailand",""
"3091","19-Jun-1979",1979,"USA","Florida","10 miles off Cape Canaveral"
"3092","27-May-1979",1979,"USA","Florida","Fort Walton Beach, Okaloosa County"
"3093","05 May 1979",1979,"SOUTH AFRICA","Western Cape Province","Hangklip, False Bay"
"3094","03-May-1979",1979,"SOUTH AFRICA","KwaZulu-Natal","Mbibi"
"3095","May 1979",1979,"NEW CALEDONIA","North Province","Ile Yandé (between Poum and Bélep)"
"3096","May 1979",1979,"NEW CALEDONIA","North Province","Balade"
"3097","08-Apr-1979",1979,"USA","Florida","Public Beach (Carlin Park), Jupiter, Palm Beach County"
"3098","08-Apr-1979",1979,"USA","Florida","Municipal Beach, Boyton Beach, Palm Beach County"
"3099","24-Mar-1979",1979,"USA","Florida","Singer Island, Riviera Beach, Palm Beach County"
"3100","11-Mar-1979",1979,"USA","California","Ano Nuevo Island, San Mateo, County"
"3101","01-Mar-1979",1979,"SOUTH AFRICA","Western Cape Province","Seal Island"
"3102","Mar-1979",1979,"NEW CALEDONIA","Grand Terre","Five Mile Beach, I'le Ouen"
"3103","21-Feb-1979",1979,"SOUTH AFRICA","Eastern Cape Province","Port Alfred"
"3104","1979",1979,"USA","Hawaii","South Kohala, Hawai'i"
"3105","29-Dec-1978",1978,"AUSTRALIA","Queensland","Bribie Island"
"3106","12-Dec-1978",1978,"SOUTH AFRICA","KwaZulu-Natal","Sodwana"
"3107","26-Nov-1978",1978,"USA","Hawaii","Ewa, O'ahu"
"3108","23-Nov-1978",1978,"USA","Florida","Jupiter, Palm Beach County"
"3109","21-Oct-1978",1978,"SOUTH AFRICA","KwaZulu-Natal","Fishing camp, St. Lucia Estuary"
"3110","27-Sep-1978",1978,"SOUTH AFRICA","Western Cape Province","Miller's Point, False Bay"
"3111","16-Sep-1978",1978,"ITALY","Tyrrhenian Sea","Capo d'Anzio"
"3112","Reported 02-Sep-1978",1978,"AUSTRALIA","Tasmania","Cape Pillar, Storm Bay"
"3113","05-Aug-1978",1978,"USA","California","Pajaro Dunes, Santa Cruz County"
"3114","Reported 01-Aug-1978",1978,"USA","Florida","Florida Straits"
"3115","27-Jul-1978",1978,"USA","South Carolina",""
"3116","19-Jul-1978",1978,"USA","California","Newport Beach, Orange County"
"3117","21-Jun-1978",1978,"USA","Florida","South of Neptune Beach, Duval County"
"3118","21-Jun-1978",1978,"USA","Florida","Neptune Beach, Duval County"
"3119","07-Jun-1978",1978,"ITALY","Golfo de Venezia","Acqua alta research platform"
"3120","02-Apr-1978",1978,"MARSHALL ISLANDS","Ralik Archipelago","Enewetak Atoll"
"3121","02-Apr-1978",1978,"MARSHALL ISLANDS","Ralik Archipelago","Enewetak Atoll"
"3122","Apr-1978`",1978,"AUSTRALIA","Tasmania","Beechford"
"3123","05-Mar-1978",1978,"SOUTH AFRICA","Eastern Cape Province","Gulu Deep, East London"
"3124","28-Feb-1978",1978,"SOUTH AFRICA","Western Cape Province","Seal Island, False Bay"
"3125","19-Feb-1978",1978,"SOUTH AFRICA","Western Cape Province","Miller's Point, False Bay"
"3126","07-Jan-1978",1978,"SOUTH AFRICA","KwaZulu-Natal","Glenashley"
"3127","06-Jan-1978",1978,"SOUTH AFRICA","KwaZulu-Natal","Cape Vidal"
"3128","1978",1978,"USA","Florida","Cocoa Beach, Brevard County"
"3129","1978",1978,"VANUATU","Malampa Province","Ranon, Ambryn"
"3130","31-Dec-1977",1977,"USA","Hawaii","2 miles off Keahole Airport"
"3131","19-Dec-1977",1977,"USA","Florida","Hobe Sound, Palm Beach County"
"3132","19-Dec-1977",1977,"SOUTH AFRICA","Eastern Cape Province","Qolera River"
"3133","Dec-1977",1977,"SOUTH AFRICA","Western Cape Province","Macassar, False Bay"
"3134","12-Nov-1977",1977,"SOUTH AFRICA","Western Cape Province","Klein River Lagoon"
"3135","30-Oct-1977",1977,"SOUTH AFRICA","Western Cape Province","Bluegums Rock, Partridge Point"
"3136","31-Aug-1977",1977,"AUSTRALIA","South Australia","Cactus Beach, near Ceduna"
"3137","23-Aug-1977",1977,"AUSTRALIA","Queensland","Buddina Beach, south of Noosa"
"3138","19-Aug-1977",1977,"SOUTH AFRICA","Western Cape Province","Off Macassar Beach"
"3139","14-Aug-1977",1977,"USA","California","McClure Beach, near Tomales Point, Marin County"
"3140","05-Aug-1977",1977,"USA","Florida","St. Petersburg, Pinellas County"
"3141","02-Jul-1977",1977,"USA","California","Off San Diego, San Diego County"
"3142","26-Jun-1977",1977,"USA","Florida","12 miles northeast of Mayport,  Duval County"
"3143","06-Jun-1977",1977,"USA","Texas","Padre Island"
"3144","26-May-1977",1977,"SOUTH AFRICA","Western Cape Province","13 km off Knysna "
"3145","16-May-1977",1977,"AUSTRALIA","Queensland","Southport"
"3146","26-Apr-1977",1977,"AUSTRALIA","Queensland","Tallebudgera"
"3147","21-Apr-1977",1977,"USA","Hawaii","Ka'anapali, Maui"
"3148","17-Mar-1977",1977,"SOUTH AFRICA","Western Cape Province","Lappiesbaai Beach, Stilbaai"
"3149","13-Mar-1977",1977,"AUSTRALIA","Queensland","Near Moreton Island in Moreton Bay"
"3150","13-Mar-1977",1977,"AUSTRALIA","Queensland","Near Moreton Island in Moreton Bay"
"3151","13-Mar-1977",1977,"AUSTRALIA","Queensland","Near Moreton Island in Moreton Bay"
"3152","26-Feb-1977",1977,"AUSTRALIA","New South Wales","Kingscliffe Beach, south of Tweed Heads"
"3153","04-Feb-1977",1977,"AUSTRALIA","Victoria","Sorrento Back Beach"
"3154","Feb-1977",1977,"NEW CALEDONIA","","I'le Ouen"
"3155","Jan-1977",1977,"MEXICO","Guerrero","La Playa Hornos (near Acapulco)"
"3156","29-Dec-1976",1976,"AUSTRALIA","Queensland","Caloundra"
"3157","18-Dec-1976",1976,"USA","California","San Miguel Island, Santa Barbara County"
"3158","27-Nov-1976",1976,"SOUTH AFRICA","Western Cape Province","Clifton"
"3159","26-Nov-1976",1976,"AUSTRALIA","Queensland","Southport Bar"
"3160","25-Nov-1976",1976,"USA","Florida","Delray Beach, Palm Beach County"
"3161","23-Nov-1976",1976,"SOUTH AFRICA","KwaZulu-Natal","Warner Beach"
"3162","Nov-1976",1976,"SOUTH AFRICA","Western Cape Province","Macassar"
"3163","27-Oct-1976",1976,"SOUTH AFRICA","Western Cape Province","Gordon’s Bay"
"3164","18-Oct-1976",1976,"USA","California","Moonstone Beach, Humboldt County"
"3165","06-Oct-1976",1976,"SOUTH AFRICA","Eastern Cape Province","Cape St. Francis"
"3166","22-Sep-1976",1976,"NEW CALEDONIA","","Sarcelle"
"3167","19-Sep-1976",1976,"AUSTRALIA","South Australia","Point Lowly, north of Whyalla"
"3168","17-Sep-1976",1976,"HONG KONG","South China Sea 200 miles from Hong Kong",""
"3169","12-Sep-1976",1976,"USA","Florida","Jacksonville, Duval County"
"3170","12-Sep-1976",1976,"USA","Florida","Jacksonville, Duval County"
"3171","06-Sep-1976",1976,"USA","Florida","Sebastian, Indian River County"
"3172","26-Aug-1976",1976,"USA","North Carolina","Emerald Isle Pier (near Morehead City), Carteret County"
"3173","24-Aug-1976",1976,"USA","Oregon","Winchester Bay"
"3174","24-Jul-1976",1976,"USA","Florida","St. Lucie County"
"3175","21-Jul-1976",1976,"USA","Louisiana","Scofield - Sandy Point"
"3176","16-Jul-1976",1976,"USA","Hawaii","Maha'ulepu, Koloa, Kaua'i"
"3177","12-Jul-1976",1976,"USA","Florida","St. Lucie County"
"3178","23-Jun-1976",1976,"USA","Florida","St. Andrews State Park, Bay County"
"3179","10-Jun-1976",1976,"USA","Hawaii","Kama'ole Beach, Park No. 1, Kihei, Maui"
"3180","Reported 02-Jun-1976",1976,"ITALY","Reggio Calabria Province","Bovalino"
"3181","01-Jun-1976",1976,"AUSTRALIA","Queensland","Off Stradbroke Island"
"3182","02-May-1976",1976,"SOUTH AFRICA","Western Cape Province","40 km off Cape Point"
"3183","28-Apr-1976",1976,"USA","Texas","Galveston Island"
"3184","12-Mar-1976",1976,"USA","Florida","New Smyrna Beach, Volusia County"
"3185","12-Mar-1976",1976,"SOUTH AFRICA","Western Cape Province","Robberg Point"
"3186","09-Mar-1976",1976,"SOUTH AFRICA","Western Cape Province","2 km from Macassar, False Bay"
"3187","02-Mar-1976",1976,"SOUTH AFRICA","Western Cape Province","2 km from Macassar, False Bay"
"3188","03-Feb-1976",1976,"SOUTH AFRICA","Western Cape Province","False Bay"
"3189","13-Jan-1976",1976,"SOUTH AFRICA","Western Cape Province","Hartenbos"
"3190","12-Jan-1976",1976,"AUSTRALIA","Queensland","Harvey Bay"
"3191","11-Jan-1976",1976,"SOUTH AFRICA","Western Cape Province","Kalk Bay"
"3192","08-Jan-1976",1976,"USA","Florida","Off Fort Pierce, St Lucie County"
"3193","02-Jan-1976",1976,"NEW ZEALAND","North Island","Te Kaha, East coast"
"3194","1976",1976,"USA","Hawaii","Off Lahaina, Maui"
"3195","29-Dec-1975",1975,"AUSTRALIA","South Australia","Glenelg"
"3196","06-Dec-1975",1975,"USA","California","Farallon Islands"
"3197","02-Dec-1975",1975,"AUSTRALIA","New South Wales","Porpoise Pool, Tweed Heads"
"3198","19-Nov-1975",1975,"AUSTRALIA","New South Wales","Queenscliff, Sydney"
"3199","19-Nov-1975",1975,"SOUTH AFRICA","KwaZulu-Natal","South Beach, Durban"
"3200","07-Nov-1975",1975,"AUSTRALIA","Queensland","Lookout Point"
"3201","02-Nov-1975",1975,"USA","Florida","Crescent Beach, St. Johns County"
"3202","21-Oct-1975",1975,"USA","New Jersey","Sandy Hook, Monmouth County"
"3203","12-Oct-1975",1975,"AUSTRALIA","New South Wales","Lennox Head, Ballina"
"3204","04-Oct-1975",1975,"USA","California","Seal Beach, Orange County"
"3205","Sep-1975",1975,"SOUTH AFRICA","KwaZulu-Natal","Richards Bay"
"3206","17-Aug-1975",1975,"SOUTH AFRICA","Eastern Cape Province","Cape St. Francis"
"3207","12-Aug-1975",1975,"USA","Florida","Daytona Beach, Volusia County"
"3208","09-Aug-1975",1975,"USA","California","Usal Creek, Bear Harbor, Mendocino County"
"3209","04-Aug-1975",1975,"HONG KONG","Mirs Bay ",""
"3210","30-Jul-1975",1975,"USA","Oregon",""
"3211","30-Jul-1975",1975,"AUSTRALIA","Tasmania","Fluted Cape, Bruny Island"
"3212","26-Jul-1975.b",1975,"USA","Florida","Off Hutchinson Island, St Lucie County"
"3213","26-Jul-1975",1975,"AUSTRALIA","Queensland","Maroochydore"
"3214","23-Jul-1975",1975,"USA","California","Perch Rock, Point Conception, Santa Barbara County"
"3215","19-Jul-1975",1975,"USA","California","Point Conception, Santa Barbara County"
"3216","15-Jul-1975",1975,"USA","Florida","New Smyrna Beach, Volusia County"
"3217","5-Jul-1975",1975,"AUSTRALIA","Western Australia","15 km north of Lancelin, north of Perth"
"3218","04-Jul-1975",1975,"USA","Florida","Indiatlantic, Brevard County"
"3219","23-Jun-1975",1975,"USA","South Carolina","Windy Hill, near Myrtle Beach, Horry County"
"3220","23-Jun-1975",1975,"USA","South Carolina","North Myrtle Beach, Horry County"
"3221","15-Jun-1975",1975,"USA","Alabama","5 miles off the coast"
"3222","Reported 02-Jun-1975",1975,"USA","Florida","Daytona Beach, Volusia County"
"3223","Jun-1975",1975,"USA","Florida"," New Smyrna Beach, Volusia County"
"3224","25-May-1975",1975,"USA","Florida","New Smyrna Beach, Volusia County"
"3225","20-May 1975",1975,"USA","Florida","Daytona Beach, Volusia County"
"3226","25-Apr-1975",1975,"ITALY","Genoa Province","Cervara"
"3227","18-Apr-1975",1975,"SOUTH AFRICA","KwaZulu-Natal","Durban"
"3228","05-Apr-1975",1975,"SOUTH AFRICA","Western Cape Province","Millers Point"
"3229","29-Mar-1975",1975,"SOUTH AFRICA","KwaZulu-Natal","Tongaat"
"3230","18-Mar-1975",1975,"AUSTRALIA","Queensland","Mornington Island"
"3231","16-Mar-1975",1975,"USA","Florida","Clearwater Beach, Pinellas County"
"3232","13-Mar-1975",1975,"AUSTRALIA","Queensland","Southport Aquarium"
"3233","09-Mar-1975",1975,"SOUTH AFRICA","Western Cape Province","Boggomsbaai, Mossel Bay"
"3234","Mar-1975",1975,"BANGLADESH","Ganges-Brahmaputra delta",""
"3235","23-Feb-1975",1975,"SOUTH AFRICA","KwaZulu-Natal","Inyoni Rocks, Amanzimtoti"
"3236","Reported 14-Feb-1975",1975,"SOUTH AFRICA","Western Cape Province","Plettenberg Bay"
"3237","10-Feb-1975",1975,"AUSTRALIA","South Australia","(Point Sinclair) Penong"
"3238","09-Feb-1975",1975,"AUSTRALIA","Victoria","Anglesea"
"3239","07-Feb-1975",1975,"AUSTRALIA","Queensland","Currumbin Rock"
"3240","01-Feb-1975",1975,"SOUTH AFRICA","Western Cape Province","Beespens, False Bay"
"3241","19-Jan-1975",1975,"AUSTRALIA","South Australia","Coffin Bay"
"3242","1975",1975,"BERMUDA","",""
"3243","1975",1975,"REUNION","",""
"3244","12-Dec-1974",1974,"AUSTRALIA","Western Australia","Geographe Bay"
"3245","01-Nov-1974",1974,"USA","Florida","Daytona Beach, Volusia County"
"3246","28-Sep-1974",1974,"USA","California","North of Point Sur, Monterey County"
"3247","14-Sep-1974",1974,"USA","California","North Farallon Island, Farallon Islands"
"3248","07-Sep-1974",1974,"ISRAEL","Red Sea","North Beach, Eilat"
"3249","02-Sep-1974",1974,"USA","California","Franklin Point, San Mateo County"
"3250","02-Sep-1974",1974,"USA","California","Franklin Point, San Mateo County"
"3251","01-Sep-1974",1974,"AUSTRALIA","Queensland","Junpinpin, off Stradbroke Island"
"3252","Sep-1974",1974,"USA","Oregon","Myers Creek"
"3253","23-Aug-1974",1974,"HONG KONG","Mirs Bay ",""
"3254","16-Aug-1974",1974,"HONG KONG","Mirs Bay ",""
"3255","16-Aug-1974",1974,"HONG KONG","Mirs Bay ",""
"3256","16-Aug-1974",1974,"HONG KONG","Mirs Bay ",""
"3257","10-Aug-1974",1974,"CROATIA"," Split-Dalmatia County"," Lokva Rogoznica, Omis"
"3258","05-Aug-1974",1974,"USA","California","San Gregorio Beach, San Mateo County"
"3259","26-Jul-1974",1974,"USA","California","Albion Cove, Albion, Mendocino County"
"3260","20-Jul-1974",1974,"USA","Georgia","Back River, Savannah Beach, Chatham County"
"3261","02-Jul-1974",1974,"USA","Florida ","Gulf of Mexico"
"3262","20-Jun-1974",1974,"USA","Florida","New Smyrna Beach, Volusia County"
"3263","26-May-1974",1974,"USA","California","Tomales Point, Marin County"
"3264","Reported 25-Apr-1974",1974,"BRAZIL","",""
"3265","20-Apr-1974",1974,"SOUTH AFRICA","Western Cape Province","Arniston"
"3266","14-Apr-1974",1974,"SOUTH AFRICA","Eastern Cape Province","Glengariff"
"3267","12-Apr-1974",1974,"USA","Florida","Haulover Beach, Miami-Dade County"
"3268","04-Apr-1974",1974,"SOUTH AFRICA","KwaZulu-Natal","Inyoni Rocks, Amanzimtoti"
"3269","21-Mar-1974",1974,"SOUTH AFRICA","KwaZulu-Natal","Amanzimtoti"
"3270","Mar-1974",1974,"SOUTH AFRICA","Western Cape Province","Macassar"
"3271","13-Feb-1974",1974,"SOUTH AFRICA","KwaZulu-Natal","Inyoni Rocks, Amanzimtoti"
"3272","13-Feb-1974",1974,"SOUTH AFRICA","KwaZulu-Natal","Inyoni Rocks, Amanzimtoti"
"3273","Feb-1974",1974,"SOUTH AFRICA","Western Cape Province","Macassar"
"3274","Early Feb-1974",1974,"SOUTH AFRICA","Western Cape Province","Macassar"
"3275","13-Jan-1974",1974,"SOUTH AFRICA","KwaZulu-Natal","Cape Vidal"
"3276","09-Jan-1974",1974,"AUSTRALIA","South Australia","Streaky Bay"
"3277","07-Jan-1974",1974,"SOUTH AFRICA","KwaZulu-Natal","Amanzimtoti"
"3278","07-Jan-1974",1974,"MOZAMBIQUE","Gaza","Xai Xai"
"3279","07-Jan-1974",1974,"MOZAMBIQUE","Gaza","Xai Xai"
"3280","Summer 1974",1974,"AUSTRALIA","Western Australia","Emu Channel"
"3281","1974",1974,"CROATIA","Primorje-Gorski Kotar County ","Preluka Harbour"
"3282","25-Dec-1973",1973,"MOZAMBIQUE","Gaza","Xai Xai"
"3283","21-Dec-1973",1973,"MOZAMBIQUE","Gaza","Xai Xai"
"3284","Reported 18-Dec-1973",1973,"PHILIPPINES","Luzon",""
"3285","18-Dec-1973",1973,"USA","Hawaii","Kalama Beach, Kihei, Maui"
"3286","Dec-1973",1973,"MEXICO","Guerrero","Acapulco Bay"
"3287","25-Nov-1973",1973,"AUSTRALIA","Western Australia","Swan River"
"3288","24-Nov-1973",1973,"USA","Florida","Ormond By The Sea, Volusia County"
"3289","03-Nov-1973",1973,"AUSTRALIA","Queensland","Gin Arm Creek"
"3290","29-Sep-1973",1973,"SOUTH AFRICA","KwaZulu-Natal","Mission Rocks"
"3291","14-Sep-1973",1973,"BAHAMAS","Grand Bahama Island","Memory Rock, 18 miles from NW end of the Island"
"3292","Reported 10-Sep-1973",1973,"HONG KONG","Mirs Bay ",""
"3293","09-Sep-1973",1973,"MEXICO","Baja California","Guadalupe Island"
"3294","Sep-1973",1973,"EGYPT","Red Sea","Southern end of the Sinai Peninsula"
"3295","27-Aug-1973",1973,"AUSTRALIA","Queensland","Palm Cove Beach"
"3296","25-Aug-1973",1973,"AUSTRALIA","Queensland","Point Lookout, Stradbroke Island"
"3297","16-Aug-1973",1973,"USA","Virginia","False Cape"
"3298","13-Jun-1973",1973,"HONG KONG","",""
"3299","04-Apr-1973",1973,"MEXICO","Guerrero","Revolcadero Beach, Acapulco"
"3300","26-Mar-1973",1973,"AUSTRALIA","Queensland","Palm Island"
"3301","05-Mar-1973",1973,"MOZAMBIQUE","Gaza","Chongeone, Xai Xai"
"3302","Mar-1973",1973,"SOUTH AFRICA","KwaZulu-Natal","Scottburgh"
"3303","27-Feb-1973",1973,"MEXICO","Guerrero","Revolcadero Beach, Acapulco"
"3304","21-Jan-1973",1973,"SOUTH AFRICA","KwaZulu-Natal","Durban"
"3305","09-Jan-1973",1973,"USA","Hawaii","Ho'okipa Beach, Pa'ia, Maui"
"3306","1973",1973,"PALAU","Aulong Island","Aulong Channel"
"3307","1973",1973,"PALAU","Western Caroline Islands",""
"3308","1973",1973,"SOUTH AFRICA","Eastern Cape Province","Queensberry Bay"
"3309","31-Dec-1972",1972,"SOUTH AFRICA","Western Cape Province","Millers Point"
"3310","26-Dec-1972",1972,"MOZAMBIQUE","Gaza","Xai Xai"
"3311","25-Dec-1972",1972,"MEXICO","Guerrero","Revolcadero Beach, Acapulco"
"3312","24-Dec-1972",1972,"SOUTH AFRICA","Western Cape Province","Hartenbos"
"3313","21-Dec-1972",1972,"AUSTRALIA","Queensland","Currumbin Rock"
"3314","08-Dec-1972",1972,"AUSTRALIA","New South Wales","Marineland, Sydney"
"3315","01-Dec-1972",1972,"REUNION","Saint-Philippe","Basse Vallée"
"3316","21-Oct-1972",1972,"AUSTRALIA","Queensland","Stevens Reef, 70 miles from Mackay"
"3317","21-Oct-1972",1972,"AUSTRALIA","New South Wales","Tabourie Beach"
"3318","14-Oct-1972",1972,"USA","US Virgin Islands","St. Croix, Cane Bay"
"3319","14-Oct-1972",1972,"USA","Florida","New Smyrna Beach, Volusia County"
"3320","Reported 10-Oct-1972",1972,"NEW ZEALAND","North Island","Wanganui"
"3321","09-Sep-1972",1972,"USA","California","Point Sur, Monterey County"
"3322","04-Sep-1972",1972,"MOZAMBIQUE","Maputo Province","Inhaca Island"
"3323","29-Aug-1972",1972,"USA","Florida","Crescent Beach, St. Johns County"
"3324","17-Aug-1972",1972,"USA","Hawaii","Waimanu, Honoka'a, Hawai'i"
"3325","08-Aug-1972",1972,"AUSTRALIA","Tasmania","Tasman Island"
"3326","05-Jul-1972",1972,"USA","California","Laguna Beach, Orange County"
"3327","Reported 26-Jun-1972",1972,"AUSTRALIA","Queensland","Pancake Creek"
"3328","Reported 26-Jun-1972",1972,"AUSTRALIA","Queensland","Pancake Creek"
"3329","10-Jun-1972",1972,"USA","Florida","Cocoa Beach, Brevard County"
"3330","28-May-1972",1972,"USA","California","Bird Rock, near Tomales Point, Marin County"
"3331","06-May-1972",1972,"FRENCH POLYNESIA","Tuamotus","Ahé Atoll"
"3332","16-Apr-1972",1972,"WESTERN SAMOA","Upolu Island","Nu’ulua"
"3333","01-Apr-1972",1972,"AUSTRALIA","Queensland","Wellington Point"
"3334","01-Apr-1972",1972,"MOZAMBIQUE","Gaza","Xai Xai"
"3335","21-Mar-1972",1972,"PACIFIC OCEAN ","",""
"3336","16-Mar-1972",1972,"USA","Hawaii","Waihe'e, Wailuku, Maui"
"3337","20-Feb-1972",1972,"AUSTRALIA","Victoria","Wilson's Promontory, Waratah Bay"
"3338","12-Feb-1972",1972,"AUSTRALIA","Tasmania","Elliot's Cove"
"3339","01-Jan-1972",1972,"SOUTH AFRICA","Eastern Cape Province","St. George’s Strand"
"3340","01-Jan-1971",1972,"SOUTH AFRICA","KwaZulu-Natal","Kosi Bay"
"3341","01-Jan-1971",1972,"MOZAMBIQUE","Gaza","Xai Xai"
"3342","1972",1972,"FRANCE","Antibes",""
"3343","1972",1972,"MARSHALL ISLANDS","Illeginni Atoll",""
"3344","23-Dec-1971",1971,"AUSTRALIA","New South Wales","Smokey Cape"
"3345","16-Dec-1971",1971,"SOUTH AFRICA","Western Cape Province","Fish Hoek, False Bay"
"3346","05-Dec-1971",1971,"AUSTRALIA","Queensland","Gladstone"
"3347","Reported 25-Nov-1971",1971,"HONG KONG","Mirs Bay ",""
"3348","27-Oct-1971",1971,"AUSTRALIA","New South Wales","Marineland, Sydney"
"3349","23-Oct-1971",1971,"USA","Florida","Ft. Pierce, St Lucie County"
"3350","14-Oct-1971",1971,"SOUTH AFRICA","KwaZulu-Natal","North Beach, Durban"
"3351","02-Oct-1971",1971,"USA","California","Sea Ranch, Sonoma County"
"3352","25-Sep-1971",1971,"USA","North Carolina","Emerald Isle, Carteret County"
"3353","07-Sep-1971",1971,"CROATIA","Istria County","Ika"
"3354","05-Sep-1971",1971,"AUSTRALIA","South Australia","Adelaide"
"3355","21-Aug-1971",1971,"AUSTRALIA","New South Wales","Manly Marineland, Sydney"
"3356","26-Jul-1971",1971,"USA","Florida","Daytona Beach, Volusia County"
"3357","19-Jul-1971",1971,"USA","California","Point Purisima, Santa Barbara County"
"3358","30-Jun-1971",1971,"SOUTH AFRICA","Western Cape Province","Mossel Bay"
"3359","01-Jun-1971",1971,"BRITISH ISLES","South Devon","Beesands"
"3360","Reported 16-Apr-1971",1971,"KENYA","Coast Province","Watamu"
"3361","11-Apr-1971",1971,"SOUTH AFRICA","Western Cape Province","Buffels Bay"
"3362","6-Apr-1971",1971,"MEXICO","Guerrero","Copacabana Beach, Acapulco"
"3363","5-Apr-1971",1971,"VENEZUELA","",""
"3364","5-Apr-1971",1971,"VENEZUELA","",""
"3365","Late Apr-1971",1971,"MOZAMBIQUE","Between Beira & Maputo",""
"3366","30-Mar-1971",1971,"NEW ZEALAND","South Island","Dunedin"
"3367","02-Jan-1971",1971,"AUSTRALIA","Tasmania",""
"3368","1971",1971,"AUSTRALIA","South Australia","Southport"
"3369","1971",1971,"IRAN","Khuzestan Province","Ahvaz, on the Karun River"
"3370","1971",1971,"IRAN","Khuzestan Province","Ahvaz, on the Karun River"
"3371","17-Dec-1970",1970,"MOZAMBIQUE","Inhambe Province","Inhasoka, Inhambe Bay"
"3372","13-Dec-1970",1970,"MOZAMBIQUE","Inhambe Province","Inhambe Bay Estuary, 10 to 12 miles inland from the sea"
"3373","07-Dec-1970",1970,"MICRONESIA","Namonuito Atoll","Pisarach (Pisaras)"
"3374","03-Dec-1970",1970,"USA","Hawaii","Kauai"
"3375","24-Oct-1970",1970,"USA","Hawaii","Brennecke Beach, Po'ipu, Kaua'i"
"3376","Oct-1970",1970,"USA","Florida","Matanzas Inlet, St Johns County"
"3377","28-Sep-1970",1970,"MICRONESIA","Eastern Caroline Islands","Truk Lagoon"
"3378","13-Sep-1970",1970,"PALAU","Western Caroline Islands (North Pacific Ocean)","Outside barrier reef"
"3379","05-Sep-1970",1970,"USA","Florida","Cocoa Beach, Brevard County"
"3380","02-Sep-1970",1970,"AUSTRALIA","New South Wales","Marineland, Sydney"
"3381","Sep-1970",1970,"USA","South Carolina",""
"3382","Sep-1970",1970,"USA","Florida","Pinellas County"
"3383","22-Jun-1970",1970,"USA","Florida","Dania, Broward County"
"3384","15-Jun-1970",1970,"SOUTH AFRICA","KwaZulu-Natal","Shark tank, Oceanographic Research Institute, Durban"
"3385","13-Jun-1970",1970,"GRENADA","St. Andrew Parish","Grenville"
"3386","13-Jun-1970",1970,"GRENADA","St. Andrew Parish","Grenville"
"3387","Jun-1970",1970,"PHILIPPINES","200 nm southeast of Manila",""
"3388","4-Apr-1970",1970,"GRENADA","St. Andrew Parish","Grenville"
"3389","Apr-1970",1970,"SOLOMON ISLANDS","",""
"3390","31-Mar-1970",1970,"USA","Hawaii","Waimea Bay, O'ahu"
"3391","23-Mar-1970",1970,"USA","Florida","Manatee County"
"3392","23-Jan-1970",1970,"MOZAMBIQUE","Limpopo River","3.2 km inland"
"3393","23-Jan-1970",1970,"MOZAMBIQUE","Limpopo River","Gijana, 150 km inland"
"3394","23-Jan-1970",1970,"MOZAMBIQUE","Limpopo River","Gijana, 150 km inland"
"3395","23-Jan-1970",1970,"MOZAMBIQUE","Limpopo River","Gijana, 150 km inland"
"3396","    16-Jan-1970",1970,"EGYPT","Red Sea","A few miles south of Port Suez"
"3397","10-Jan-1970",1970,"MEXICO","Guerrero","Acapulco"
"3398","Reported 09-Jan-1970",1970,"ENGLAND","Devon","Teignmouth"
"3399"," Jan-1970",1970,"PAPUA NEW GUINEA","New Ireland Province",""
"3400","1970s",1970,"SRI LANKA","Western Province","Colombo Harbor"
"3401","Late 1970s",1970,"SPAIN","Canary Islands","Icod de los Vinos, Tenerife"
"3402","Ca. 1970",1970,"ITALY","Sardinia","Golfo di Oristano"
"3403","1970",1970,"CROATIA","Zadar County","Novigrad"
"3404","1970s",1970,"IRAQ","Basrah","Shatt-al-Arab River"
"3405","1970s",1970,"IRAQ","Basrah","Shatt-al-Arab River near Abu al Khasib"
"3406","1970s",1970,"IRAQ","Basrah","Shatt-al-Arab River"
"3407","1970s",1970,"IRAQ","Basrah","Shatt-al-Arab River"
"3408","30-Nov-1969",1969,"AUSTRALIA","Western Australia","Swan River, 13 miles upstream"
"3409","11-Nov-1969",1969,"USA","Hawaii","Barber’s Point, O'ahu"
"3410","05-Nov-1969",1969,"AUSTRALIA","New South Wales","Marineland, Sydney"
"3411","14-Oct-1969",1969,"USA","Hawaii","Hawaii"
"3412","06-Sep-1969",1969,"USA","California","Bird Rock, Tomales Point, near Marin County / Sonoma County border"
"3413","29-Aug-1969",1969,"USA","Florida","North Beach, St. Lucie County"
"3414","22-Aug-1969",1969,"USA","Massachusetts","40 miles south of Nantucket"
"3415","02-Aug-1969",1969,"USA","Florida","New Smyrna Beach, Volusia County"
"3416","02-Aug-1969",1969,"USA","Florida","St. Petersburg, Pinnellas County"
"3417","27-Jul-1969",1969,"ENGLAND","",""
"3418","22-Jul-1969",1969,"USA","Florida","Florida Keys"
"3419","20-Jul-1969",1969,"USA","California","Pigeon Point, San Mateo County"
"3420","27-Jun-1969",1969,"USA","Florida","Florida Keys"
"3421","12-Jun-1969",1969,"JAMAICA","Clarendon","Off Rocky Point"
"3422","Jun-1969",1969,"USA","Florida","Sarasota County"
"3423","25-May-1969",1969,"USA","Texas","Packery Channel"
"3424","24-May-1969",1969,"USA","Florida","Sarasota County"
"3425","22-May-1969",1969,"DOMINICAN REPUBLIC","",""
"3426","14-May-1969",1969,"AUSTRALIA","Queensland","Broomfield Reef"
"3427","22-Apr-1969",1969,"AUSTRALIA","New South Wales","Kingscliffe Beach, south of Tweed Heads"
"3428","19-Aug-1969",1969,"USA","Florida","Marathon, Monroe County"
"3429","25-Mar-1969",1969,"AUSTRALIA","New South Wales","Newcastle"
"3430","09-Mar-1969",1969,"USA","Hawaii","Makaha, O'ahu"
"3431","Reported 17-Feb-1969",1969,"AUSTRALIA","Tasmania","Taroona"
"3432","Feb-1969",1969,"AUSTRALIA","Queensland","Cooktown"
"3433","27-Jan-1969",1969,"AUSTRALIA","New South Wales","Beecroft Head"
"3434","Jan-1969",1969,"AUSTRALIA","Victoria","Port MacDonnel"
"3435","Winter 1969",1969,"BAHAMAS","Eleuthera",""
"3436","29-Dec-1968",1968,"SOUTH AFRICA","KwaZulu-Natal","Port St. John's"
"3437","26-Dec-1968",1968,"AUSTRALIA","New South Wales","Marineland Aquarium, Manley, Sydney"
"3438","25-Dec-1968",1968,"NEW ZEALAND","South Island","St. Clair Beach, Dunedin"
"3439","09-Dec-1968",1968,"AUSTRALIA","South Australia","Thistle Island"
"3440","02-Dec-1968",1968,"SOUTH AFRICA","KwaZulu-Natal","Bluff, Durban"
"3441","Dec-1968",1968,"SOUTH AFRICA","KwaZulu-Natal",""
"3442","06-Nov-1968",1968,"SOUTH AFRICA","KwaZulu-Natal","Ramsgate"
"3443","04-Nov-1968",1968,"PAPUA NEW GUINEA","Madang Province",""
"3444","02-Nov-1968",1968,"AUSTRALIA","Western Australia",""
"3445","29-Oct-1968",1968,"BAHAMAS","",""
"3446","13-Oct-1968",1968,"USA","Florida","Egmont Key, Hillsborough County"
"3447","10-Oct-1968",1968,"PHILIPPINES","Moro Gulf",""
"3448","22-Sep-1968",1968,"USA","Florida","Riviera Beach, Palm Beach County"
"3449","15-Sep-1968",1968,"NEW ZEALAND","South Island","Otago Harbor"
"3450","24-Aug-1968",1968,"USA","Florida","Half mile north of Juno Beach Pier"
"3451","21-Aug-1968",1968,"USA","Florida","Okaloosa County"
"3452","13-Aug-1968",1968,"FRENCH POLYNESIA","Society Islands","Tahiti"
"3453","11-Aug-1968",1968,"MALAYSIA","Johor","Pulau Aur"
"3454","08-Aug-1968",1968,"COLUMBIA","Magdalena Department","Makuaka Caño, Taganga"
"3455","27-Jul-1968",1968,"USA","California","Bodega Rock, Sonoma County"
"3456","23-Jul-1968",1968,"USA","Florida","Florida Keys"
"3457","16-Jul-1968",1968,"USA","South Carolina","Stono Inlet, near Charleston, Charleston County"
"3458","10-Jul-1968",1968,"BAHAMAS","Great Exuma Island","Children's Bay Cay near Rollerville"
"3459","Jul-1968",1968,"MEXICO","Baja California",""
"3460","25-Jun-1968",1968,"BAHAMAS","Eleuthera","Spanish Wells "
"3461","09-Jun-1968",1968,"USA","Florida","Mullet Key, Pinellas County"
"3462","Jun-1968",1968,"ENGLAND","",""
"3463","18-May-1968",1968,"TANZANIA","Mafia Island",""
"3464","May-1968",1968,"PAPUA NEW GUINEA","New Ireland Province",""
"3465","29-Apr-1968",1968,"USA","Florida","Fort Lauderdale, Broward County"
"3466","20-Apr-1968",1968,"USA","Florida","Palm Beach Shores, Riviera Beach, Singer Island, Palm Beach County"
"3467","15-Apr-1968",1968,"AUSTRALIA","New South Wales","South Coast"
"3468","Reported 11-Apr-1968",1968,"PAPUA NEW GUINEA","Gulf Province","Orokolo Bay"
"3469","07-Apr-1968",1968,"AUSTRALIA","New South Wales","Stockton Bight"
"3470","25-Mar-1968",1968,"SOUTH AFRICA","KwaZulu-Natal","Richards Bay"
"3471","10-Mar-1968",1968,"USA","Florida","Jensen Beach, Martin County"
"3472","Mar-1968",1968,"USA","Florida","Florida Keys"
"3473","26-Feb-1968",1968,"USA","Florida","Palm Beach County"
"3474","20-Feb-1968",1968,"AUSTRALIA","Western Australia","Swan River"
"3475","18-Feb-1968",1968,"NEW ZEALAND","North Island","Pilot Bay, Mt Maunganui "
"3476","04-Feb-1968",1968,"AUSTRALIA","South Australia","Cape Jervis"
"3477","02-Feb-1968",1968,"AUSTRALIA","New South Wales","Brunswick Heads"
"3478","Feb-1968",1968,"MOZAMBIQUE","",""
"3479","17-Jan-1968",1968,"PAPUA NEW GUINEA","Morobe Province","Finschafen"
"3480","1968",1968,"COSTA RICA","Limón Province","Parismina"
"3481","1968",1968,"USA","Florida","Key West, Monroe County"
"3482","1968",1968,"USA","Florida","Jensen Beach, Martin County"
"3483","30-Dec-1967",1967,"SOUTH AFRICA","Western Cape Province","Mossel Bay"
"3484","Reported 21-Dec-1967",1967,"PAPUA NEW GUINEA","Central Province","Port Moresby"
"3485","18-Dec-1967",1967,"FIJI","",""
"3486","17-Dec-1967",1967,"AUSTRALIA","Victoria","Cheviot Beach, Portsea, Port Phillip Bay"
"3487","14-Dec-1967",1967,"USA","",""
"3488","30-Nov-1967",1967,"AUSTRALIA","New South Wales","Wollongong"
"3489","30-Nov-1967",1967,"AUSTRALIA","Queensland","Surfer's Paradise"
"3490","15-Nov-1967",1967,"FIJI","",""
"3491","04-Nov-1967",1967,"PHILIPPINES","Rombion Province","Off Sibuyan Island"
"3492","Nov-1967",1967,"SOUTH AFRICA","KwaZulu-Natal","Brighton Beach"
"3493","Reported 26-Oct-1967",1967,"MEXICO","Veracruz","Veracruz"
"3494","17-Oct-1967",1967,"USA","Florida","McArthur Beach, Singer Island, Palm Beach Shores"
"3495","Oct-1967",1967,"TONGA","",""
"3496","20-Sep-1967",1967,"USA","Hawaii","Kailua Bay, O'ahu"
"3497","13-Sep-1967",1967,"ITALY","Brindisi Province","Brindisi"
"3498","07-Sep-1967",1967,"PAPUA NEW GUINEA","New Ireland Province",""
"3499","07-Sep-1967",1967,"USA","Florida","Key West, Monroe County"
"3500","06-Sep-1967",1967,"PAPUA NEW GUINEA","New Ireland Province","Lambom Island"
"3501","01-Sep-1967",1967,"PAPUA NEW GUINEA","New Ireland Province","Lamassa Island, 16 miles from Lambon Island"
"3502","27-Aug-1967",1967,"USA","California","Ventura"
"3503","26-Aug-1967",1967,"JAPAN","Kagawa Prefecture","Sakaide"
"3504","25-Aug-1967",1967,"ITALY","Liguria"," Marinella Sarzana, La Spezia "
"3505","19-Aug-1967",1967,"AUSTRALIA","Western Australia","Jurien Bay"
"3506","15-Aug-1967",1967,"BERMUDA","Hamilton","Hamilton"
"3507","Reported 14-Aug-1967",1967,"COLUMBIA","",""
"3508","10-Aug-1967",1967,"AUSTRALIA","New South Wales","Jervis Bay"
"3509","07-Aug-1967",1967,"USA","Florida","Near Key West"
"3510","Aug-1967",1967,"BAHAMAS","Out Islands","Andros Island"
"3511","Aug-1967",1967,"SENEGAL","Cap Vert Peninsula","Hann"
"3512","29-Jul-1967",1967,"USA","Florida","Florida Keys"
"3513","05-Jul-1967",1967,"TURKEY","Mugla Province","Kucukada Island"
"3514","Jul-1967",1967,"USA","South Carolina",""
"3515","13-Jun-1967",1967,"USA","Florida","Key West, Monroe County"
"3516","Jun-1967",1967,"ITALY","Sicily","Stretto di Messina"
"3517","13 or 30-May-1967",1967,"AUSTRALIA","South Australia","Outer Harbor"
"3518","09-May-1967",1967,"AUSTRALIA","","Aquarium"
"3519","Apr-1967",1967,"UNITED KINGDOM","Gibraltar",""
"3520","20-Mar-1967",1967,"NEW ZEALAND","North Island","Leigh"
"3521","19-Mar-1967",1967,"SOUTH AFRICA","KwaZulu-Natal","Paradise Reef"
"3522","12-Mar-1967",1967,"AUSTRALIA","Victoria","Geelong"
"3523","10-Mar-1967",1967,"AUSTRALIA","New South Wales","Dover Heights, Sydney"
"3524","09-Mar-1967",1967,"NEW ZEALAND","South Island","St. Kilda Beach"
"3525","01-Mar-1967",1967,"PAPUA NEW GUINEA","New Britain","Barawon Beach, near Rabaul"
"3526","06-Feb-1967",1967,"MEXICO","Veracruz","Cabo Rojo"
"3527","27-Jan-1967",1967,"SOUTH AFRICA","Western Cape Province","Melkbosstrand"
"3528","22-Jan-1967",1967,"SOUTH AFRICA","Western Cape Province","Whittle Rock False Bay"
"3529","21-Jan-1967",1967,"MOZAMBIQUE","Bay of Maputo","Xefina Island"
"3530","06-Jan-1967",1967,"AUSTRALIA","Victoria","Goolwa"
"3531","31-Dec-1966",1966,"AUSTRALIA","Tasmania","Piccaninny Point, 10 miles from Bicheno"
"3532","27-Dec-1966",1966,"AUSTRALIA","New South Wales","South West Rocks"
"3533","27-Dec-1966",1966,"AUSTRALIA","New South Wales","Trial Bay"
"3534","26-Dec-1966",1966,"SINGAPORE","","Singapore"
"3535","26-Dec-1966",1966,"AUSTRALIA","New South Wales","Coogee"
"3536","14-Nov-1966",1966,"THAILAND","",""
"3537","Early Nov-1966",1966,"PAPUA NEW GUINEA","New Ireland Province",""
"3538","30-Oct-1966",1966,"PAPUA NEW GUINEA","New Ireland Province","Lamassa Island, 16 miles from Lambom Island"
"3539","19-Oct-1966",1966,"PAPUA NEW GUINEA","New Ireland Province","Mission Beach, Lambon Island, near Duke of York Islands"
"3540","27-Sep-1966",1966,"AUSTRALIA","Queensland","Broomfield Island, 11 miles from Heron Island on the Great Barrier Reef"
"3541","19-Sep-1966",1966,"USA","Hawaii","50 miles NE of Honolulu"
"3542","18-Sep-1966",1966,"AUSTRALIA","Western Australia","Little Beach Reef, Bremer Bay"
"3543","13-Sep-1966",1966,"AUSTRALIA","Western Australia","Albany"
"3544","10-Sep-1966",1966,"AUSTRALIA","Western Australia","Roe Reef off Rottnest Island"
"3545","8-Sep-1966",1966,"USA","Florida","Florida Keys, Monroe County"
"3546","Sep- 1966",1966,"BAHAMAS","Bimini Islands","Tongue of the Ocean"
"3547","28-Aug-1966",1966,"AUSTRALIA","Northern Territory","Darwin Harbour"
"3548","27-Aug-1966",1966,"SOUTH AFRICA","KwaZulu-Natal","Durban"
"3549","27-Aug-1966",1966,"BAHAMAS","Bimini Islands",""
"3550","23-Aug-1966",1966,"NEW BRITAIN","Duke of York Islands","Butliwan Village, 15 miles north of Rabaul"
"3551","23-Aug-1966",1966,"NEW BRITAIN","Duke of York Islands","Butliwan Village, 15 miles north of Rabaul"
"3552","16-Aug-1966",1966,"CROATIA","Primorje-Gorski Kotar County ","Bakar"
"3553","14-Aug-1966",1966,"TAIWAN","","Ye Leow"
"3554","13-Aug-1966",1966,"ITALY","Taranto province","Pulsano, near Taranto"
"3555","Mid Aug-1966",1966,"USA","Delaware","Fenwick Island"
"3556","Aug-1966",1966,"USA","Florida","Municipal Bathing area, Riviera Beach, Palm Beach County"
"3557","31-Jul-1966",1966,"USA","Texas","South Jetty, Galveston"
"3558","19-Jul-1966",1966,"USA","South Carolina","Folly Beach, Charleston County"
"3559","17-Jul-1966",1966,"USA","Texas","Point Comfort, Calhoun County"
"3560","17-Jul-1966",1966,"TAIWAN","Northern Taiwan","Tamsui Beach"
"3561","14-Jul-1966",1966,"PAPUA NEW GUINEA","Admiralty Islands, Manus Province","Manus Island"
"3562","03-Jul-1966",1966,"USA","Florida","Key Biscayne, Miami, Dade County"
"3563","02-Jul-1966",1966,"CARIBBEAN SEA","","Between USA & Cuba"
"3564","22-Jun-1966",1966,"USA","New Jersey","Reeds Bay, Brigantine, Atlantic County"
"3565","11-Jun-1966",1966,"USA","Florida","Ft. Lauderdale, Broward County"
"3566","04-Jun-1966",1966,"USA","Texas","Bolivar Peninsula"
"3567","02-Jun-1966",1966,"FRENCH POLYNESIA","Society Islands","Tahiti"
"3568","20-May-1966",1966,"AUSTRALIA","New South Wales","Jervis Bay"
"3569","20-May-1966",1966,"AUSTRALIA","New South Wales"," Bellingen"
"3570","20-May-1966",1966,"AUSTRALIA","","7 miles offshore on east coast of Australia"
"3571","16-May-1966",1966,"USA","Florida","Fernandina Beach, Nassau County"
"3572","16-May-1966",1966,"PHILIPPINES","","Off Cebu"
"3573","08-Apr-1966",1966,"USA","Puerto Rico",""
"3574","Apr-1966",1966,"AUSTRALIA","New South Wales","Botany Bay, Sydney"
"3575","20-Mar-1966",1966,"AUSTRALIA","New South Wales","Maroubra"
"3576","14-Mar-1966",1966,"SUDAN","Red Sea",""
"3577","27-Feb-1966",1966,"AUSTRALIA","New South Wales","Coledale Beach"
"3578","29-Jan-1966",1966,"SOUTH AFRICA","Western Cape Province","Strandfontein Beach"
"3579","25-Jan-1966",1966,"INDONESIA","North Sumatra","Near Belawan"
"3580","22-Jan-1966",1966,"USA","California","Pebble Beach, Cypress Point, Monterey County"
"3581","15-Jan-1966",1966,"AUSTRALIA","New South Wales","Bellambi"
"3582","14-Jan-1966",1966,"COLUMBIA","","Off Cartagena"
"3583","11-Jan-1966",1966,"SOUTH AFRICA","Eastern Cape Province","Riet River"
"3584","10-Jan-1966",1966,"AUSTRALIA","Western Australia","Woodman Point"
"3585","09-Jan-1966",1966,"SOUTH AFRICA","KwaZulu-Natal","Umkomaas"
"3586","08-Jan-1966",1966,"NEW ZEALAND","North Island","Oakura Beach, Taranaki"
"3587","05-Jan-1966",1966,"USA","Florida","Hollywood, Broward County"
"3588","Summer of 1996",1966,"USA","California","Huntington Beach, Orange County"
"3589","28-Dec-1965",1965,"AUSTRALIA","Western Australia","Bathurst Reef, Rottnest Island"
"3590","19-Dec-1965",1965,"JOHNSTON ISLAND","",""
"3591","10-Dec-1965",1965,"AUSTRALIA","South Australia","Cape Jervis"
"3592","21-Nov-1965",1965,"AUSTRALIA","Queensland","Near Brisbane"
"3593","21-Nov-1965",1965,"PACIFIC OCEAN ","250 miles southwest of O'ahu, Hawaii","Japanese fishing boat Taihei Maru No.10"
"3594","03-Nov-1965",1965,"PANAMA","Caribbean Sea","Golfo de los Mosquitos"
"3595","03-Nov-1965",1965,"AUSTRALIA","Queensland","Oak Beach"
"3596","16-Oct-1965",1965,"BAHAMAS","New Providence Island","Nassau"
"3597","16-Oct-1965",1965,"BAHAMAS","New Providence Island","Nassau"
"3598","10-Oct-1965",1965,"NEW BRITAIN","West coast","Outside the reef off Moputu Village, near Talasea"
"3599","Oct-1965",1965,"PAPUA NEW GUINEA","New Britain",""
"3600","21-Sep-1965",1965,"PAPUA NEW GUINEA","Madang Province","Sek Harbor"
"3601","12-Sep-1965",1965,"PAPUA NEW GUINEA","East Sepik","Moem Village near Wewak"
"3602","08-Sep-1965",1965,"MEXICO","Veracruz","Playa Villa del Mar"
"3603","30-Aug-1965",1965,"PHILIPPINES","","Grounded off Scarborough Shoals, 150 miles northwest of Manila in the South China Sea"
"3604","26-Aug-1965",1965,"USA","New Jersey","Steel Pier, Atlantic City, Atlantic County"
"3605","30-Jul-1964",1965,"BAHAMAS","Bimini Islands","Lerner Marine Lab"
"3606","26-Jul-1965",1965,"MEXICO","Veracruz","Mocambo"
"3607","Reported 02-Jul-1965",1965,"BERMUDA","Hamilton",""
"3608","19-Jun-1965",1965,"USA","Florida","In front of Key Biscayne Beach Club, Key Biscayne"
"3609","18-Jun-1965",1965,"USA","Florida","150 miles southeast of Cape Kennedy"
"3610","09-Jun-1965",1965,"MEXICO","Veracruz","Mocambo"
"3611","Jun-1965",1965,"PAPUA NEW GUINEA","Near Bougainville (North Solomons)","Huhunoti Island"
"3612","Jun-1965",1965,"SOUTH PACIFIC OCEAN","",""
"3613","29-May-1965",1965,"MEXICO","Veracruz","Playa Mocambo"
"3614","28-May-1965",1965,"MEXICO","Veracruz","Playa Mocambo"
"3615","May-Jun-1965",1965,"EGYPT","",""
"3616","May 1965",1965,"JAMAICA","",""
"3617","May 1965",1965,"MEXICO","Veracruz","Mocambo"
"3618","29-Apr-1965",1965,"USA","Florida","Hobe Sound, Martin County"
"3619","25-Apr-1965",1965,"USA","California","Pacifica, San Mateo County"
"3620","10-Apr-1965",1965,"USA","Florida","American Shoals off Key West"
"3621","04-Apr-1965",1965,"PALAU","Western Caroline Islands","Koror"
"3622","04-Apr-1965",1965,"USA","Florida","Juno Beach, Palm Beach County"
"3623","23-Mar-1965",1965,"USA","Puerto Rico","60 miles offshore north of San Juan"
"3624","14-Mar-1965",1965,"USA","Florida","Pompano Beach, Palm Beach County"
"3625","14-Feb-1965",1965,"SOUTH AFRICA","KwaZulu-Natal","Amatikulu"
"3626","04-Feb-1965",1965,"USA","Massachusetts","Granite Pier, Rockport"
"3627","25-Jan-1965",1965,"USA","California","Newport Beach, Orange County"
"3628","23-Jan-1965",1965,"SOUTH AFRICA","KwaZulu-Natal","Country Club Beach, Durban"
"3629","16-Jan-1965",1965,"SOUTH AFRICA","KwaZulu-Natal","Country Club Beach, Durban"
"3630","10-Jan-1965",1965,"AUSTRALIA","Victoria","East of Station Pier, Port Melbourne"
"3631","09-Jan-1965",1965,"NEW GUINEA","Central Province","Off Gaire Village"
"3632","Summer 1965",1965,"USA","Texas","Port Lavaca, Calhoun County"
"3633","1965",1965,"USA","California","Dana Point, San Clemente, Orange County"
"3634","Early 1965",1965,"USA","Florida","Between Palm  & Salerno Inlets, Martin County"
"3635","May-Jun-1965",1965,"RED SEA","East of the Gulf of Aqaba",""
"3636","May-Jun-1965",1965,"EGYPT","","South of Hurghada"
"3637","1965",1965,"VANUATU","Malampa Province","Island of Paam'a"
"3638","Ca. 1965",1965,"SOUTH AFRICA","Eastern Cape Province","Pollock Beach"
"3639","25-Dec-1964",1964,"SOUTH AFRICA","Eastern Cape Province","Port Alfred"
"3640","10-Dec-1964",1964,"PAPUA NEW GUINEA","Bougainville (North Solomons)","Buka Island"
"3641","10-Dec-1964",1964,"AUSTRALIA","New South Wales","Port Jervis"
"3642","09-Dec-1964",1964,"PAPUA NEW GUINEA","Bougainville (North Solomons)","Off Sing Village, Buka Island"
"3643","06-Dec-1964",1964,"KENYA","Coast Province","Kilindini Harbor, Mombasa"
"3644","29-Nov-1964",1964,"AUSTRALIA","Victoria ","Lady Julia Percy Island"
"3645","18-Nov-1964",1964,"AUSTRALIA","Queensland","Fingal Beach, near Tweed Heads"
"3646","13-Nov-1964",1964,"AUSTRALIA","New South Wales","North Solitary Island, 8 miles from Wolli"
"3647","05-Nov-1964",1964,"USA","Puerto Rico",""
"3648","31-Oct-1964",1964,"SOUTH AFRICA","KwaZulu-Natal","Umkomaas"
"3649","25-Oct-1964",1964,"USA","Florida","Near US Air Force Base at Elgin, Okaloosa County"
"3650","04-Oct-1964",1964,"AUSTRALIA","Western Australia","Avalon Beach, near Mandurah, 50 miles south of Perth"
"3651","20-Sep-1964",1964,"TAIWAN","Northern Taiwan","Tamsui Beach, Taipai"
"3652","07-Sep-1964",1964,"TAIWAN","Northern Taiwan","Tamsui Beach"
"3653","26-Aug-1964",1964,"USA","Florida","Hollywood Beach, Broward County"
"3654","23-Aug-1964",1964,"MEXICO","Guerrero","Acapulco"
"3655","22-Aug-1964",1964,"USA","Florida","5 miles south of Palm Beach"
"3656","21-Aug-1964",1964,"USA","Florida","Panama City, Bay County"
"3657","08-Aug-1964",1964,"USA","Florida","2 miles off Jupiter, Palm Beach County"
"3658","03-Aug-1964",1964,"JAPAN","Okayama Prefecture","Saidaiji"
"3659","Aug-1964",1964,"PANAMA","San Blas","Off Achutuppu Island near Ailigandi"
"3660","27-Jul-1964",1964,"USA","Puerto Rico",""
"3661","16-Jul-1964",1964,"SOUTH AFRICA","KwaZulu-Natal","Island Rock"
"3662","15-Jul-1964",1964,"USA","Connecticut","3 days out of Old Saybrook, Connecticut, 37.04'N, 67.57'W, Southern fringe of Gulf Stream"
"3663","10-Jul-1964",1964,"SOUTH AFRICA","KwaZulu-Natal","Island Rock"
"3664","08-Jul-1964",1964,"USA","Florida","Palm Beach, Palm Beach County"
"3665","Jul-1964",1964,"PAPUA NEW GUINEA","New Ireland Province","A reef off New Hanover (Northern end)"
"3666","Jul-1964",1964,"PAPUA NEW GUINEA","New Ireland Province","Southern end"
"3667","29-Jun-1964",1964,"BERMUDA","Hamilton","2 miles south of Castle Island Harbour entrance to Hamilton"
"3668","28-Jun-1964",1964,"USA","New York","Long Island"
"3669","24-Jun-1964",1964,"USA","California","Long Beach, Los Angeles County"
"3670","17-Jun-1964",1964,"PAPUA NEW GUINEA","New Britain","Near Rabaul"
"3671","23-Jun-1964",1964,"FIJI","Lau Group","Tovu, Totoya Island"
"3672","02-Jun-1964",1964,"SOUTH AFRICA","KwaZulu-Natal","Port Edward"
"3673","30-May-1964",1964,"PANAMA","Caribbean Coast",""
"3674","08-May-1964",1964,"FIJI","Vita Levu","Naviti"
"3675","May 1964",1964,"PANAMA","San Blas Islands","Achutupu, a small island ner Ailigandi"
"3676","07-Apr-1964",1964,"PAPUA NEW GUINEA","Madang Province","Inshore side of reef near Madang"
"3677","28-Mar-1964",1964,"AUSTRALIA","South Australia","Surfers Paradise Beach near Victor Harbour"
"3678","28-Mar-1964",1964,"PAPUA NEW GUINEA","Central Province","30 miles from Port Moresby"
"3679","05-Mar-1964",1964,"USA","Florida","Fort Lauderdale, Broward County"
"3680","Mar-1964",1964,"SENEGAL","Cap Vert Peninsula","Bel Air, Dakar"
"3681","Reported 17-Feb-1964",1964,"FIJI","","Savuli Reef"
"3682","14-Feb-1964",1964,"NEW CALEDONIA","",""
"3683","14-Feb-1964",1964,"FIJI","Vanua Levu","Nailou Village, Tunuloa Natewa Bay"
"3684","11-Feb-1964",1964,"NEW ZEALAND","North Island","Palliser Bay, Whatarangi (east of Wellington)"
"3685","10-Feb-1964",1964,"NEW ZEALAND","North Island","West of Pukerua Bay, Wellington"
"3686","08-Feb-1954",1964,"SOUTH AFRICA","Western Cape Province","Muizenberg"
"3687","05-Feb-1964",1964,"NEW ZEALAND","North Island","Hokio Beach, near Levin"
"3688","05-Feb-1964",1964,"NEW ZEALAND","South Island","St. Clair Beach, Dunedin"
"3689","02-Feb-1964",1964,"AUSTRALIA","Queensland","Brisbane"
"3690","01-Feb-1964",1964,"NEW ZEALAND","South Island","Ngatuka Bay, near Picton"
"3691","Feb-1964",1964,"USA","Florida","Palm Beach County"
"3692","Feb-1964",1964,"COSTA RICA","Puntarenas Province","Puntarenas"
"3693","27-Jan-1964",1964,"FIJI","","70 miles from Suva"
"3694","23-Jan-1964",1964,"SOUTH AFRICA","Eastern Cape Province","Nahoon"
"3695","22-Jan-1964",1964,"SOUTH AFRICA","Eastern Cape Province","Nahoon"
"3696","21-Jan-1964",1964,"SOUTH AFRICA","Western Cape Province","20 m from shore at Strand"
"3697","18-Jan-1964",1964,"AUSTRALIA","Western Australia","Hamelin Bay"
"3698","11-Jan-1964",1964,"USA","California","Southeast Farallon Island"
"3699","Reported 06-Jan-1964",1964,"PAPUA NEW GUINEA","New Britain",""
"3700","04-Jan-1964",1964,"FIJI","Lomaloma, Lau","Tuvuca Isalnd"
"3701","01-Jan-1964",1964,"AUSTRALIA","Western Australia","Metro coast"
"3702","01-Jan-1964",1964,"SOUTH AFRICA","Western Cape Province","Mossel Bay"
"3703","Jan-1964",1964,"NEW ZEALAND","North Island","White Island"
"3704","29-Dec-1963",1963,"SOUTH AFRICA","KwaZulu-Natal","Catfish Rock, between Salt Rock & Shaka’s Rock"
"3705","26-Dec-1963",1963,"SOUTH AFRICA","KwaZulu-Natal","Umhlanga Rocks"
"3706","26-Dec-1963",1963,"AUSTRALIA","Queensland","Figtree Ledge, Hervey Bay"
"3707","25-Dec-1963",1963,"SOUTH AFRICA","Eastern Cape Province","Gonubie River Mouth"
"3708","22-Dec-1963",1963,"ATLANTIC OCEAN","Between Southampton & Canary Islands",""
"3709","22-Dec-1963",1963,"SOUTH AFRICA","KwaZulu-Natal","Next to West Street groyne, Durban"
"3710","21-Dec-1963",1963,"AUSTRALIA","New South Wales","Woolgoolga, Coffs Harbour"
"3711","20-Dec-1963",1963,"SOUTH AFRICA","Western Cape Province","Hartenbos"
"3712","20-Dec-1963",1963,"SOUTH AFRICA","KwaZulu-Natal","Umvoti"
"3713","08-Dec-1963",1963,"AUSTRALIA","South Australia","55 miles south of Adelaide"
"3714","04-Dec-1963",1963,"NEW BRITAIN","South Coast, East New Britain","Pomio"
"3715","30-Nov-1963 ",1963,"NEW ZEALAND","South Island","Charteris Bay, Lyttleton Harbour"
"3716","30-Nov-1963",1963,"PAPUA NEW GUINEA","Gulf Province","Kukipi, 150 miles west of Port Moresby in the Lakekamu River area"
"3717","28-Nov-1963",1963,"FIJI"," Lau Province","Dravuwalu, Totoya Island"
"3718","25-Nov-1963",1963,"FIJI","Vita Levu","Rewa River"
"3719","Reported 16-Nov-1963",1963,"ITALY","Sicily","Off Mondello Lighthouse"
"3720","14-Nov-1963",1963,"AUSTRALIA","Queensland","Mermaid Beach"
"3721","12-Nov-1963",1963,"USA","Florida","8 miles south of Elliot Key, Miami-Dade County"
"3722","Reported 05-Nov-1963",1963,"PAPUA NEW GUINEA","New Britain",""
"3723","04-Nov-1963",1963,"PALAU","Western Caroline Islands","Koror"
"3724","16-Oct-1963",1963,"USA","Florida","Biltmore Beach, near Panama City"
"3725","15-Oct-1963",1963,"NORTH PACIFIC OCEAN","",""
"3726","29-Sep-1963",1963,"CHILE","","El Panul, 12km south of Coquimbo"
"3727","26-Sep-1963",1963,"USA","Florida","100 miles offshore"
"3728","22-Sep-1963",1963,"SOLOMON ISLANDS","Ysabel Island","Susukana Plantation"
"3729","13-Sep-1963",1963,"AUSTRALIA","New South Wales","Wanda Beach"
"3730","10-Sep-1963",1963,"USA","Florida","Snapper Point Jetty, Miami, Dade County"
"3731","Aug-1963",1963,"DOMINICAN REPUBLIC","Santo Domingo","Rio Haina Port"
"3732","28-Jul-1963",1963,"FEDERATED STATES OF MICRONESIA","Eastern Caroline Islands","Koop Reef, Truk (Chuuk)"
"3733","15-Jul-1963",1963,"USA","Florida","New Smyrna Beach, Volusia County"
"3734","11-Jul-1963",1963,"USA","Mississippi","Horn Island"
"3735","Reported 10-Jul-1963",1963,"JAMAICA","",""
"3736","Jul-1963",1963,"PANAMA","San Blas coast","4 miles from Tuwala, near Mulatuppu"
"3737","01-Jun-1963",1963,"GREECE","Thessaly","near Trikerion Island"
"3738","01-Jun-1963",1963,"PAPUA NEW GUINEA","Central Province","Near Fisherman's Island"
"3739","18-May-1963",1963,"USA","California","San Mateo County"
"3740","14-May-1963",1963,"PHILIPPINES","Luzon Island","100 miles southeast of Manila"
"3741","22-Apr-1963",1963,"AUSTRALIA","New South Wales","Clarence Head"
"3742","20-Apr-1963",1963,"USA","US Virgin Islands","St. Thomas, Magens Bay"
"3743","17-Apr-1963",1963,"SOUTH AFRICA","KwaZulu-Natal","Amanzimtoti"
"3744","13-Apr-1963",1963,"AUSTRALIA","Western Australia","Yallingup"
"3745","12-Apr-1963",1963,"USA","Hawaii","Awili, South Kona, Hawai'i"
"3746","08-Apr-1963",1963,"USA","Hawaii","Hapuna Beach, Hawai'i"
"3747","30-Mar-1963",1963,"SOLOMON ISLANDS","Bougainville (North Solomons)",""
"3748","27-Feb-1963",1963,"PAPUA NEW GUINEA","New Ireland Province","Namatanai"
"3749","24-Feb-1963",1963,"AUSTRALIA","New South Wales","Wombarra Beach near Austinmeer"
"3750","08-Feb-1963",1963,"FIJI","Lomaiviti  Island Group","Taibaisa Passage, Gau Island"
"3751","06-Feb-1963",1963,"MAURITIUS","Rodrigues",""
"3752","04-Feb-1963",1963,"USA","Florida","Off Key West"
"3753","30-Jan-1963",1963,"FIJI","",""
"3754","28-Jan-1963",1963,"AUSTRALIA","New South Wales","Sugarloaf Bay, Middle Harbour, Sydney"
"3755","26-Jan-1963",1963,"AUSTRALIA","New South Wales","Evans Head"
"3756","22-Jan-1963",1963,"SOUTH AFRICA","Western Cape Province","False Bay"
"3757","14-Jan-1963",1963,"NEW ZEALAND","North Island","Petone Beach, Wellington"
"3758","12-Jan-1963",1963,"SOUTH AFRICA","Eastern Cape Province","Humewood"
"3759","11-Jan-1963",1963,"SOUTH AFRICA","KwaZulu-Natal","Peace Cottage, Umdhloti"
"3760","06-Jan-1963",1963,"SOUTH AFRICA","KwaZulu-Natal","Selection Reef, Umdhloti"
"3761","04-Jan-1963",1963,"AUSTRALIA","South Australia","Off Franklin Island between Streaky Bay & Ceduna"
"3762","Jan-1963",1963,"MOZAMBIQUE","","Limpopo River, 547 km from the sea"
"3763","Early 1963",1963,"FIJI","Vita Levu","Korolevu (South coast between Nadi & Suva)"
"3764","1963",1963,"SEYCHELLES","",""
"3765","30-Dec-1962",1962,"SOUTH AFRICA","KwaZulu-Natal","Shark tank at Oceanographic Research Institute"
"3766","09-Dec-1962",1962,"AUSTRALIA","South Australia","Carrickalinga Head"
"3767","Dec-1962",1962,"SOUTH AFRICA","Western Cape Province","Swartklip"
"3768","29-Nov-1962",1962,"AUSTRALIA","New South Wales","Sydney"
"3769","25-Nov-1962",1962,"AUSTRALIA","Queensland","Townsville"
"3770","11-Nov-1962",1962,"USA","California","Farallon Islands"
"3771","10-Nov-1962",1962,"AUSTRALIA","New South Wales","Off Kisma"
"3772","Nov-1962",1962,"MID ATLANTIC OCEAN","","Off Bermuda"
"3773","28-Oct-1962",1962,"SOUTH AFRICA","KwaZulu-Natal","Paradise Reef"
"3774","25-Oct-1962",1962,"MEXICO","Veracruz","Villa del Mar Beach, Veracruz"
"3775","15-Oct-1962",1962,"ADMIRALTY ISLANDS","Manus Island","Sisi  (west coast of island)"
"3776","14-Oct-1962",1962,"AUSTRALIA","South Australia","Port Phillip Bay"
"3777","06-Oct-1962",1962,"USA","California","2 miles off Santa Catalina Island"
"3778","Oct-1962",1962,"PANAMA","Pinas Bay",""
"3779","30-Sep-1962",1962,"BRITISH WEST INDIES","Grand Turk Island","Long Cay"
"3780","22-Sep-1962",1962,"MEXICO","Veracruz","Villa del Mar Beach, Veracruz"
"3781","13-Sep-1962",1962,"SOUTH ATLANTIC OCEAN","Off coast of West Africa","Off the passenger liner Stirling Castle"
"3782","02-Sep-1962 ",1962,"ITALY","Tyrrhenian Sea","Circeo, Secca del Quadro"
"3783","Reported 31-Aug-1962",1962,"ISRAEL","Sharon","2 km north of Apollonia"
"3784","30-Aug-1962",1962,"TURKEY","Antalya Province","Ucagiz"
"3785","30-Aug-1962",1962,"PAPUA NEW GUINEA","Northern District","Kufulu Point"
"3786","29-Aug-1962",1962,"USA","California","Solana Beach, San Diego County"
"3787","26-Aug-1962",1962,"USA","Florida","6 miles north of Palm Beach"
"3788","23-Aug-1962",1962,"SOUTH AFRICA","Western Cape Province","Robbesteen"
"3789","19-Aug-1962",1962,"USA","Texas","Off Andy Bowie Park, Padre Island, near Port Isabel"
"3790","12-Aug-1962",1962,"USA","New Jersey","Manasquan, Ocean County"
"3791","01-Aug-1962",1962,"PAPUA NEW GUINEA","New Ireland Province, Bismarck Archipelago","Pekinberui Village, Tabar Island"
"3792","Late Aug-1962",1962,"ITALY","Tyrrhenian Sea","Circeo, Secca del Faro"
"3793","Aug-1962",1962,"SENEGAL","Cap Vert Peninsula",""
"3794","28-Jul-1962",1962,"USA","South Carolina","Off Hilton Head, Beaufort County "
"3795","20-Jul-1962",1962,"MADAGASCAR","","Onboard tuna boat, M.V. Toscui Maru"
"3796","19-Jul-1962",1962,"USA","California","30 miles south of San Clemente Island"
"3797","10-Jul-1962",1962,"USA","Georgia","St. Simons Island or Jeykll Island, Glynn County"
"3798","07-Jul-1962",1962,"USA","Georgia","Jekyll Island, Glynn County"
"3799","Reported 03-Jul-1962",1962,"GREECE","Cyclades","Near Mykonos Island"
"3800","25-Jun-1962",1962,"USA","Florida","Fernandina Beach, Nassau County"
"3801","21-Jun-1962",1962,"SOUTH AFRICA","Western Cape Province","Millers Point, False Bay"
"3802","17-Jun-1962",1962,"USA","Florida","New Smyrna Beach, Volusia County"
"3803","11-Jun-1962",1962,"USA","California","San Francisco Bay"
"3804","11-Jun-1962",1962,"USA","California","San Francisco Bay"
"3805","11-Jun-1962",1962,"USA","California","San Francisco Bay"
"3806","10-Jun-1962",1962,"PAPUA NEW GUINEA","Madang Province","Mouth of Suareng River, a mile from Taludig"
"3807","10-Jun-1962",1962,"USA","South Carolina","Hilton Head, Beaufort County"
"3808","07-Jun-1962",1962,"AUSTRALIA","Western Australia","Emu Point"
"3809","04-Jun-1962",1962,"USA","California","12' tank at Steinhart Aquarium, San Francisco"
"3810","03-Jun-1962",1962,"USA","Florida","Riviera Beach, near Palm Beach Inlet, Palm Beach County"
"3811","29-May-1962",1962,"USA","Florida","Jupiter, Palm Beach County"
"3812","12-May-1962",1962,"USA","California","8 miles off Newport Beach, Orange County"
"3813","May 1962",1962,"FIJI","Viti Levu","Near Suva"
"3814","20-Apr-1962",1962,"AUSTRALIA","Queensland","Nobbys Beach"
"3815","09-Apr-1962",1962,"MOZAMBIQUE","Gaza","Xai Xai"
"3816","07-Apr-1962",1962,"SOUTH AFRICA","KwaZulu-Natal","Umhlali"
"3817","05-Apr-1962",1962,"SOUTH AFRICA","Eastern Cape Province","East London"
"3818","25-Mar-1962",1962,"NEW ZEALAND","Off the Coromandel Peninsula, North Island","Alderman Islands"
"3819","25-Mar-1962",1962,"AUSTRALIA","New South Wales","Norah Head"
"3820","24-Mar-1962",1962,"PAPUA NEW GUINEA","Madang","Matukar village "
"3821","23-Feb-1962",1962,"PAPUA NEW GUINEA","Central Province","Fisherman’s Island near Port Moresby"
"3822","18-Feb-1962",1962,"NEW ZEALAND","Southland","Long Beach"
"3823","15-Feb-1962",1962,"AUSTRALIA","Queensland","Between Smith’s Rock & Moreton Island"
"3824","07-Feb-1962",1962,"SOUTH AFRICA","KwaZulu-Natal","Winkelspruit"
"3825","05-Feb-1962",1962,"SOUTH AFRICA","KwaZulu-Natal","Winkelspruit"
"3826","04-Feb-1962",1962,"AUSTRALIA","Queensland","Greenmount Beach"
"3827","02-Feb-1962",1962,"NEW ZEALAND","North Island","South of New Plymouth"
"3828","Feb-1962",1962,"SOLOMON ISLANDS","Guadalcanal Province","North Coast, Guadalcanal Island"
"3829","27-Jan-1962",1962,"NEW ZEALAND","South Island","Oreti Beach"
"3830","26-Jan-1962",1962,"MOZAMBIQUE","Gaza","Praia Sepulveda"
"3831","21-Jan-1962",1962,"AUSTRALIA","New South Wales","Cronulla"
"3832","18-Jan-1962",1962,"SOUTH AFRICA","KwaZulu-Natal","Margate"
"3833","16-Jan-1962",1962,"NEW ZEALAND","South Island","Pigeon Bay, Canterbury"
"3834","15-Jan-1962",1962,"NEW ZEALAND","North Island","Slipper Island, Coromandel Peninsula"
"3835","14-Jan-1962",1962,"USA","California","Farallon Islands"
"3836","14-Jan-1962",1962,"AUSTRALIA","New South Wales","Long Reef, North Manly"
"3837","14-Jan-1962",1962,"AUSTRALIA","New South Wales","Lennox Head, Ballina"
"3838","11-Jan-1962",1962,"AUSTRALIA","South Australia","Marino"
"3839","11-Jan-1962",1962,"PAPUA NEW GUINEA","10ºS, 142ºE","Jukuataia Village"
"3840","11-Jan-1962",1962,"NEW ZEALAND","South Island","Fairdown Beach, 5 miles north of Westport"
"3841","10-Jan-1962",1962,"AUSTRALIA","South Australia","Ceduna"
"3842","08-Jan-1962",1962,"AUSTRALIA","New South Wales","Lake Illawarra"
"3843","07-Jan-1962",1962,"AUSTRALIA","Queensland","Dicky Beach"
"3844","07-Jan-1962",1962,"AUSTRALIA","New South Wales","Sydney"
"3845","06-Jan-1962",1962,"SOUTH AFRICA","Western Cape Province","6 km off Groot Brak River"
"3846","02-Jan-1962",1962,"AUSTRALIA","New South Wales","Seaspray, near Sale"
"3847","01-Jan-1962",1962,"MARSHALL ISLANDS","Kwajalein Atoll","Roi-namur Island"
"3848","1962",1962,"SPAIN","Catalonia","Aigua Blava"
"3849","Jan-Jun-1962",1962,"INDONESIA","East Flores","Waewerang"
"3850","Ca. 1962",1962,"AUSTRALIA","South Australia","Dangerous Reef"
"3851","28-Dec-1961",1961,"AUSTRALIA","Queensland","Lambert's Beach, Mackay"
"3852","28-Dec-1961",1961,"AUSTRALIA","Queensland","Lambert’s Beach, Mackay"
"3853","28-Dec-1961",1961,"SOUTH AFRICA","KwaZulu-Natal","Umhlanga Rocks"
"3854","27-Dec-1961",1961,"AUSTRALIA","Western Australia","North of main swimming area in Waterman's Bay Beach, Perth"
"3855","19-Dec-1961",1961,"AUSTRALIA","South Australia","Cowell"
"3856","18-Dec-1961",1961,"MOZAMBIQUE","Gaza","Praia Sepulveda"
"3857","18-Dec-1961",1961,"AUSTRALIA","Queensland","Noosa Heads"
"3858","13-Dec-1961",1961,"AUSTRALIA","Torres Strait","Horn Island, near Thursday Island"
"3859","14-Nov-1961",1961,"MEXICO","Guerrrero","Northwest of Acapulco"
"3860","17-Oct-1961",1961,"PHILIPPINES","Western Luzon Island","Manila Bay"
"3861","09-Oct-1961",1961,"USA","Florida","Ocean Ridge, Boca Raton, Palm Beach County"
"3862","Oct-1961",1961,"VANUATU","Shefa Province"," Lelepa Island"
"3863","Oct-1961",1961,"USA","Florida","Boca Raton, Palm Beach County"
"3864","26-Sep-1961",1961,"USA","Florida","Florida Keys, Monroe County"
"3865","24-Sep-1961",1961,"CROATIA","Primorje-Gorski Kotar County ","Opatija, northwestern coast of Rijeka Bay"
"3866","24-Sep-1961",1961,"TANZANIA","","Near entrance to Dar-es-Salaam Harbour"
"3867","23-Sep-1961",1961,"MID ATLANTIC OCEAN","165  miles from Bermuda",""
"3868","07-Sep-1961",1961,"PERSIAN GULF","25 km off the coast of Iran & 483km from mouth of Persian Gulf","Khark Island"
"3869","Reported 06-Sep-1961",1961,"ITALY","Venice Province"," Chioggia"
"3870","06-Sep-1961",1961,"AUSTRALIA","Western Australia","Broome"
"3871","20-Aug-1961",1961,"USA","California","Portuguese Beach at mouth of Salmon Creek, Sonoma County"
"3872","16-Aug-1961",1961,"USA","South Carolina","Pawley’s Island, Georgetown County"
"3873","04-Aug-1961",1961,"BERMUDA","","6 miles from shore"
"3874","02-Aug-1961",1961,"USA","Hawaii","Pearl Harbor Channel, O'ahu"
"3875","01-Aug-1961",1961,"PAPUA NEW GUINEA","Sandaun Province","Vanimo  on Musu side of Wutong anchorage"
"3876","29-Jul-1961",1961,"USA","New York","Whitewood Point on Lloyd Neck in Oyster Bay"
"3877","16-Jul-1961",1971,"TURKEY","Anatolia","?nciralti Beach, ?zmir "
"3878","07-Jul-1961",1961,"AUSTRALIA","Queensland","Cape Moreton"
"3879","Jul-1961",1961,"ITALY","Adriatic Sea","Riccione"
"3880","Jul-1961",1961,"PANAMA","","Jarque, just south of Pi?as Bay"
"3881","24-Jun-1961",1961,"USA","Florida","500 yards from Fowey Rock Light, 9 miles east of Key Biscayne, Miami"
"3882","18-Jun-1961",1961,"USA","Florida","Jensen Beach, Martin County"
"3883","Reported 06-Jun-1961",1961,"USA","Florida","Ponte Vedra Beach, St. Johns County"
"3884","02-Jun-1961",1961,"NEW BRITAIN","East New Britain Province","Rabaul"
"3885","01-Jun-1961",1961,"PAPUA NEW GUINEA","Admiralty Islands, Manus Province","Rossun, Manus"
"3886","21-May-1961",1961,"USA","California","Tomales Point, Marin County"
"3887","17-May-1961",1961,"NEW BRITAIN","East New Britain Province","Kokopo"
"3888","15-May-1961",1961,"USA","Florida","Laguna Beach, Bay County"
"3889","07-May-1961",1961,"AUSTRALIA","Western Australia","Quinn’s Rocks, south of Yanchep"
"3890","30-Apr-1961",1961,"USA","Florida","Palm Beach County"
"3891","25-Apr-1961",1961,"AUSTRALIA","New South Wales","Trial Bay, north of Kempsey"
"3892","21-Apr-1961",1961,"MOZAMBIQUE","Gaza","Sepulveda Beach, Xai Xai"
"3893","17-Apr-1961",1961,"SOUTH AFRICA","Eastern Cape Province","Port Elizabeth Oceanarium"
"3894","16-Apr-1961",1961,"USA","Florida","Fowey Rock Light, Miami"
"3895","16-Apr-1961",1961,"AUSTRALIA","New South Wales","Otford"
"3896","14-Apr-1961",1961,"AUSTRALIA","New South Wales","10 miles off Nambucca Heads  onboard trawler"
"3897","09-Apr-1961",1961,"MOZAMBIQUE","Gaza","Xai Xai"
"3898","08-Apr-1961",1961,"PERSIAN GULF","United Arab Emirates","Dubai"
"3899","03-Apr-1961",1961,"AUSTRALIA","Victoria","Flinders Island"
"3900","Apr-1961",1961,"AUSTRALIA","Western Australia","Rottnest Island"
"3901","30-Mar-1961",1961,"AUSTRALIA","South Australia","Glenelg Breakwater"
"3902","18-Mar-1961",1961,"AUSTRALIA","Victoria","Lady Beach at Warrnambool"
"3903","14-Mar-1961",1961,"AUSTRALIA","Western Australia","Shark Bay"
"3904","12-Mar-1961",1961,"AUSTRALIA","South Australia","Aldinga Beach"
"3905","09-Mar-1961",1961,"NORTH PACIFIC OCEAN","Wake Island (EnenKio)","Leeward side of island, directly in back of Mid-Pac barrel storage area"
"3906","07-Mar-1961",1961,"SOUTH AFRICA","KwaZulu-Natal","St. Lucia"
"3907","Mar-1961",1961,"FIJI","19S, 178?E","Wotua Beach, 70 miles from Suva"
"3908","17-Feb-1961",1961,"USA","Pennsylvania","Fairmount Park Aquarium, Philadelphia"
"3909","17-Feb-1961",1961,"AUSTRALIA","Victoria","Mount Martha Beach"
"3910","16-Feb-1961",1961,"JAMAICA","",""
"3911","12-Feb-1961",1961,"SOUTH AFRICA","Western Cape Province","Sea Point"
"3912","01-Feb-1961",1961,"SOUTH AFRICA","Eastern Cape Province","Nahoon"
"3913","01-Feb-1961",1961,"AUSTRALIA","Western Australia","Carnac Island"
"3914","Feb-1961",1961,"USA","California","Topanga Canyon Beach, Santa Monica Bay"
"3915","25-Jan-1961",1961,"SOUTH AFRICA","Western Cape Province","Frikkies Bay"
"3916","22-Jan-1961",1961,"SOUTH AFRICA","KwaZulu-Natal","Amanzimtoti"
"3917","15-Jan-1961",1961,"AUSTRALIA","New South Wales","Cook Island"
"3918","06-Jan-1961",1961,"SOUTH AFRICA","KwaZulu-Natal","Winkelspruit"
"3919","06-Jan-1961",1961,"ATLANTIC OCEAN","9.35N 79.35W","East of La Grande Island, North of Panama Canal"
"3920","06-Jan-1961",1961,"AUSTRALIA","Northern Territory","Stokes Hill Wharf, Darwin"
"3921","05-Jan-1961",1961,"MOZAMBIQUE","Limpopo River","190 km to 240 km from the sea"
"3922","03-Jan-1961",1961,"SOUTH AFRICA","Western Cape Province","Strandfontein"
"3923","03-Jan-1961",1961,"SOUTH AFRICA","KwaZulu-Natal","Palm Beach"
"3924","Reported 02-Jan-1961",1961,"AUSTRALIA","Tasmania","Off Tasman Island"
"3925","1961",1961,"AUSTRALIA","New South Wales","South coast"
"3926","01-Jan-1961",1961,"COLUMBIA","Roncador Bank","Roncador Bank, 135 nm north of San Andres "
"3927","1961",1961,"NEW CALEDONIA","",""
"3928","1961",1961,"SENEGAL","Cap Vert Peninsula","Thiaroye Guedi"
"3929","1961",1961,"USA","Hawaii","Maui"
"3930","27-Dec-1960",1960,"USA","Hawaii","Maile Point, O'ahu"
"3931","27-Dec-1960",1960,"AUSTRALIA","New South Wales","Bondi Beach, Sydney"
"3932","24-Dec-1960",1960,"SOUTH AFRICA","KwaZulu-Natal","Margate"
"3933","20-Dec-1960",1960,"AUSTRALIA","Queensland","College’s Crossing, 54 miles above mouth of the Brisbane River"
"3934","01-Dec-1960",1960,"AUSTRALIA","Queensland","Colledge's Crossing, Brisbane River"
"3935","27-Nov-1960",1960,"AUSTRALIA","Queensland","Black’s Beach, 9 miles north of Mackay"
"3936","22-Nov-1960",1960,"USA","Florida","Hutchinson Island Beach, Martin County"
"3937","11-Nov-1960",1960,"AUSTRALIA","Queensland","Scott’s Point, Redcliffe Peninsula"
"3938","06-Nov-1960",1960,"AUSTRALIA","Western Australia","Hamelin Bay"
"3939","Nov-1960",1960,"SOUTH AFRICA","Western Cape Province","5 km from Gordon’s Bay, False Bay"
"3940","Nov-1960",1960,"NEW GUINEA","Western District","Toro Passage"
"3941","Nov-1960",1960,"PAPUA NEW GUINEA","Central Province","Abau Subdistrict"
"3942","25-Oct-1960",1960,"USA","California","Off Point Mugu, Ventura County"
"3943","24-Oct-1960",1960,"SOUTH AFRICA","Western Cape Province","Jacobs Bay Reef, Saldanha Bay"
"3944","01-Oct-1960",1960,"AUSTRALIA","New South Wales","North Head"
"3945","Oct-1960",1960,"PAPUA NEW GUINEA","New Britain","East Nakanai, Talasea"
"3946","Oct-1960",1960,"RED SEA / INDIAN OCEAN","Enroute from Suez to Aden (Yemen)",""
"3947","Oct-1960",1960,"USA","Florida","Haulover Inlet"
"3948","Oct-1960",1960,"SOUTH AFRICA","Western Cape Province","False Bay"
"3949","Oct-1960",1960,"JOHNSTON ISLAND","",""
"3950","24-Sep-1960",1960,"USA","South Carolina","Atlantic Beach, Horry County"
"3951","22-Sep-1960",1960,"PACIFIC OCEAN","180 miles southeast of Okinawa",""
"3952","18-Sep-1960",1960,"AUSTRALIA","Western Australia","Frenchman Bay"
"3953","02-Sep-1960",1960,"MARSHALL ISLANDS","Eniwetok Atoll","Lagoon along Sand Island"
"3954","01-Sep-1960",1960,"MARSHALL ISLANDS","Eniwetok Atoll","Parry Island"
"3955","30-Aug-1960",1960,"USA","New Jersey","Ocean City, Cape May County"
"3956","29-Aug-1960",1960,"SENEGAL","Cap-Vert Peninsula","off Dakar"
"3957","25-Aug-1960",1960,"USA","Texas","30 miles east of Corpus Christi"
"3958","24-Aug-1960",1960,"USA","Connecticut","Off Eames Monument, Bridgeport, Fairfield County"
"3959","Reported 22-Aug-1960",1960,"PAPUA NEW GUINEA","Milne Bay Province",""
"3960","22-Aug-1960",1960,"USA","New Jersey","Seaside Park, Ocean County"
"3961","21-Aug-1960",1960,"USA","New Jersey","Sea Girt, Monmouth County"
"3962","14-Aug-1960",1960,"MOZAMBIQUE","Delagoa Bay","Bella Vista"
"3963","10-Aug-1960",1960,"USA","Florida","Key Largo Sound"
"3964","04-Aug-1960",1960,"ENGLAND","In the English Channel ","Off the south Devon coast"
"3965","04-Aug-1960",1960,"USA","Delaware","Mispillion Light, Delaware Bay"
"3966","Aug-1960",1960,"USA","South Carolina","Parris Island"
"3967","27-Jul-1960",1960,"PAPUA NEW GUINEA","Milne Bay Province","Taupota, Samarai "
"3968","05-Jul-1960",1960,"USA","Mississippi","Mississippi City"
"3969","03-Jul-1960",1960,"USA","Virginia","Hog Island"
"3970","02-Jul-1960",1960,"PAPUA NEW GUINEA","Madang","Bimat, Bogia"
"3971","29-Jun-1960",1960,"USA","South Carolina","Little River Beach, Horry County"
"3972","27-Jun-1960",1960,"NEW ZEALAND","Cook Strait","Tory Channel"
"3973","27-Jun-1960",1960,"NORTH SEA","Unknown, treated at Wick, SCOTLAND","On board  East German fishing trawler, I Mai"
"3974","24-Jun-1960",1960,"USA","Florida","2 miles east of Dania Beach, Broward County"
"3975","07-Jun-1960",1960,"USA","California","10 miles off Santa Barbara, Santa Barbara County"
"3976","05-Jun-1960",1960,"PHILIPPINES","Corregidor Island",""
"3977","04-Jun-1960",1960,"USA","Georgia","North picnic area, Jekyll Island, Glynn County"
"3978","29-May-1960",1960,"PANAMA","San Blas Islands","Off Diable Island"
"3979","24-May-1960",1960,"BERMUDA","Paget","Elbow Beach /  Coral Beach"
"3980","19-May-1960",1960,"USA","California","Aptos, Santa Cruz County"
"3981","16-May-1960",1960,"USA","Florida","Lignum Vitae Channel, Florida Keys, Monroe County"
"3982","01-May-1960",1960,"PAPUA NEW GUINEA","Madang","Taludig"
"3983","30-Apr-1960",1960,"SOUTH AFRICA","KwaZulu-Natal","Amanzimtoti"
"3984","24-Apr-1960",1960,"USA","California","Tomales Point, Marin County"
"3985","22-Apr-1960",1960,"AUSTRALIA","Western Australia","Rottnest Island"
"3986","Reported 20-Apr-1960",1960,"SOUTH AFRICA","Eastern Cape Province","Port Alfred"
"3987","14-Apr-1960",1960,"BERMUDA","33N, 68W","Royal Canadian Navy CS2F-1 aircraft ditched in the sea 180 nautical miles WNW of Bermuda at 01h30"
"3988","12-Apr-1960",1960,"AUSTRALIA","New South Wales","Horseshoe Bay, near Kempsey"
"3989","10-Apr-1960",1960,"AUSTRALIA","Western Australia","Off Rottnest Island"
"3990","03-Apr-1960",1960,"AUSTRALIA","Victoria","Canadian Bay near Mount Eliza, 30 miles from Melbourne"
"3991","03-Apr-1960",1960,"AUSTRALIA","New South Wales","Off Broughton Island near Port Stephens"
"3992","01-Apr-1960",1960,"AUSTRALIA","South Australia","Hog Bay"
"3993","Apr-1960",1960,"FIJI","Vanua Levu","Off the Bua coast"
"3994","Apr-1960",1960,"PHILIPPINES","Luzon Island","Bataan"
"3995","Apr-1960",1960,"SOUTH AFRICA","Western Cape Province","Saldanha Bay"
"3996","31-Mar-1960",1960,"USA","Florida","Off Boca Raton Hotel & Club, Boca Raton, Palm Beach County"
"3997","28-Mar-1960",1960,"GUAM","",""
"3998","29-Feb-1960",1960,"AUSTRALIA","Tasmania","Ralph Bay"
"3999","27-Feb-1960",1960,"NEW ZEALAND","North Island","Mangawhai, near Wellsford"
"4000","27-Feb-1960",1960,"USA","Hawaii","Between Keawakapu & Makena, Maui"
"4001","24-Feb-1960",1960,"SENEGAL","Casamance","Ziguinchor"
"4002","19-Feb-1960",1960,"PAPUA NEW GUINEA","Central Province","Tupuselei Village, about 40 miles east of Port Moresby"
"4003","10-Feb-1960",1960,"AUSTRALIA","New South Wales","Near Bondi Beach"
"4004","07-Feb-1960",1960,"AUSTRALIA","New South Wales","Wattamolla National Park"
"4005","03-Feb-1960",1960,"USA","Hawaii","Maui"
"4006","30-Jan-1960",1960,"PAPUA NEW GUINEA","Madang (WO)","Off Taludig Village, at mouth of the Murnass River"
"4007","21-Jan-1960",1960,"AUSTRALIA","South Australia","Millicent"
"4008","16-Jan-1960",1960,"AUSTRALIA","New South Wales","Just below Roseville Bridge, opposite Killarney picnic reserve, Middle Harbor, Sydney"
"4009","13-Jan-1960",1960,"AUSTRALIA","Western Australia","Geraldton"
"4010","07-Jan-1960",1960,"AUSTRALIA","Tasmania","Eaglehawk Neck"
"4011","01-Jan-1960",1960,"SOUTH AFRICA","Western Cape Province","Muizenberg"
"4012","1960",1960,"NICARAGUA ","Pacific coast","San Jan del Sur"
"4013","1960",1960,"GRENADA","St. Georges ","Black Point Bay"
"4014","Early summer 1960",1960,"CARIBBEAN SEA","","Between Key West, Florida & Guantanamo Bay, Cuba"
"4015","Late 1960s",1960,"SRI LANKA","Eastern  Province","Pigeon Island"
"4016","1960s",1960,"SRI LANKA","Eastern  Province","Manayaweli Cove, Trincomalee"
"4017","1960-1961",1960,"FIJI","Northwest of Viti Levu","Covull Reef, near Lautoka"
"4018","1960",1960,"PAPUA NEW GUINEA","Madang",""
"4019","1960",1960,"PAPUA NEW GUINEA","West New Britain Province","West Nakanai,  Talasea"
"4020","Ca. 1960",1960,"MOZAMBIQUE","Gaza","Xai Xai"
"4021","Ca. 1960",1960,"SOUTH AFRICA","Eastern Cape Province","Kei River Mouth"
"4022","29-Dec-1959",1959,"AUSTRALIA","Queensland","Scotts Point Beach "
"4023","28-Dec-1959",1959,"AUSTRALIA","New South Wales","Leichardt, Sydney"
"4024","26-Dec-1959",1959,"PAPUA NEW GUINEA","Rigo subdistrict","Kaparoka"
"4025","19-Dec-1959",1959,"AUSTRALIA","Queensland","Off Wynnum in Moreton Bay, near Brisbane"
"4026","19-Dec-1959",1959,"PHILIPPINES","Masbate","Balud"
"4027","11-Dec-1959",1959,"AUSTRALIA","Victoria","Altona, Melbourne"
"4028","07-Dec-1959",1959,"AUSTRALIA","South Australia","Laura Bay"
"4029","03-Dec-1959",1959,"NEW ZEALAND","North Island","Moko Hinau "
"4030","Dec-1959",1959,"MALDIVE ISLANDS","400 miles southeast of Sri Lanka",""
"4031","29-Nov-1959",1959,"AUSTRALIA","Victoria","Fairhaven Beach, Lorne"
"4032","28-Nov-1959",1959,"AUSTRALIA","Queensland","North Burleigh, near Brisbane"
"4033","22-Nov-1959",1959,"AUSTRALIA","Queensland","Surfer's Paradise, Northcliffe"
"4034","16-Nov-1959",1959,"USA","Louisiana","120 miles southeast of New Orleans"
"4035","15-Nov-1959",1959,"SOUTH AFRICA","Western Cape Province","Swartklip, False Bay"
"4036","Reported 12-Nov-1959",1959,"AUSTRALIA","South Australia","Near Port Vincent"
"4037","10-Nov-1959",1959,"USA","California","Near Paradise Cove, Malibu, Los Angeles County"
"4038","09-Nov-1959",1959,"AUSTRALIA","Western Australia"," Perth"
"4039","01-Nov-1959",1959,"PAPUA NEW GUINEA","New Britain","Rapindik Beach, Rabaul"
"4040","07-Oct-1959",1959,"MOZAMBIQUE","Maputo Province","Xefina Island, Bay of Maputo"
"4041","05-Oct-1959",1959,"PAPUA NEW GUINEA","Madang","Taludig"
"4042","04-Oct-1959",1959,"USA","California","Bodega Rock, Sonoma County"
"4043","02-Oct-1959",1959,"FIJI","Lomaiviti Province","Levuka, Ovalau Island"
"4044","Oct-1959",1959,"FIJI","Kadavu","Great Astrolabe Reef"
"4045","30-Sep-1959",1959,"PHILIPPINES","Leyte Island","Luang Dulag"
"4046","27-Sep-1959",1959,"BERMUDA","Hamilton","Astwood's Cove"
"4047","26-Sep-1959",1959,"USA","Florida","Off Port Everglades, Broward County"
"4048","26-Sep-1959",1959,"USA","South Carolina","Albergotti Creek, near Air Station boat docks, Beaufort"
"4049","Between 10 and 12-Sep-1959",1959,"USA","California","Between False Klamath & mouth of Klamath River, Del Norte County"
"4050","Reported 10-Sep-1959",1959,"INDIA","Orissa","Machhagan"
"4051","02-Sep-1959",1959,"USA","New York","Oak Beach, Fire Inlet"
"4052","Sep-1959",1959,"MEXICO","Guerrrero","Acapulco"
"4053","Reported 31-Aug-1959",1959,"AZORES","","Sao Miguel"
"4054","30-Aug-1959",1959,"AUSTRALIA","Tasmania",""
"4055","25-Aug-1959",1959,"JAPAN","Hokkaido Prefecture","Okushiri Island, Hiyama Subprefecture"
"4056","20-Aug-1959",1959,"PHILIPPINES","North Palawan","Cabuli Island"
"4057","15-Aug-1959",1959,"USA","Florida","Panama City, Bay County"
"4058","15-Aug-1959",1959,"USA","Florida","Panama City, Bay County"
"4059","14-Aug-1959",1959,"USA","South Carolina","Charleston"
"4060","14-Aug-1959",1959,"PHILIPPINES","Queaon","Between Unisan & Angadanan Islands"
"4061","13-Aug-1959",1959,"USA","California","LaJolla, San Diego County"
"4062","12-Aug-1959",1959,"CROATIA","Istria","Pula"
"4063","11-Aug-1959",1959,"JAPAN","Wakayama Prefecture","Isonoura Beach, Wakayama City "
"4064","10-Aug-1959",1959,"USA","Georgia","Savannah Beach, Savannah, Chatham County"
"4065","05-Aug-1959",1959,"USA","California","Hermosa Beach, Los Angeles County"
"4066","21764",1959,"ITALY","Tuscany","Cala del Corvo, Isola del Giglio"
"4067","30-Jul-1959",1959,"USA","California","In kelp beds off La Jolla, San Diego County"
"4068","28-Jul-1959",1959,"USA","California","Alligator Head, La Jolla, San Diego County"
"4069","25-Jul-1959",1959,"JAPAN","Okayama Prefecture","Ushimado"
"4070","25-Jul-1959",1959,"USA","California","Mission Beach, San Diego County"
"4071","23-Jul-1959",1959,"USA","California","Off La Jolla Cove, San Diego County"
"4072","23-Jul-1959",1959,"USA","California","Venice Beach, Los Angeles County"
"4073","03-Jul-1959",1959,"CARIBBEAN SEA","PANAMA","Off Cristobal, 200 miles northeast of the entrance to the Panama Canal"
"4074","02-Jul-1959",1959,"USA","Florida","Delray Beach, Palm Beach County"
"4075","Late Jul-1959",1959,"NORTH ATLANTIC OCEAN","In the Gulf Stream ","Between Bimini & Miami"
"4076","Jul-1959",1959,"MEXICO","Quintana Roo","Chinchorro Banks"
"4077","Reported 26-Jun-1959",1959,"TURKEY","Mersin Province","Off Mezitli"
"4078","14-Jun-1959",1959,"MEXICO","Guyamas","San Pedro Nolasco Island"
"4079","14-Jun-1959",1959,"USA","California","La Jolla, San Diego County"
"4080","13-Jun-1959",1959,"USA","California","Dillon Beach, Marin County"
"4081","30-May-1959",1959,"SOUTH AFRICA","Eastern Cape Province","Bird Island, Algoa Bay"
"4082","16-May-1959",1959,"USA","Florida","Indian Rocks Beach, Clearwater, Pinellas County"
"4083","07-May-1959",1959,"USA","California","Baker Beach, San Francisco County"
"4084","03-May-1959",1959,"USA","Florida","Panama City, Bay County"
"4085","May-1959",1959,"MID ATLANTIC OCEAN","Between England & South Africa",""
"4086","27-Apr-1959",1959,"AUSTRALIA","New South Wales","Maroubra Bay"
"4087","11-Apr-1959",1959,"AUSTRALIA","Torres Strait","Coconut Island , 100 miles east of Thursday Island"
"4088","09-Apr-1959",1959,"USA","Hawaii","Hilo, off Kaua'i"
"4089","09-Apr-1959",1959,"SOUTH AFRICA","Eastern Cape Province","Port Elizabeth "
"4090","05-Apr-1959",1959,"AUSTRALIA","New South Wales","Thirroul"
"4091","29-Mar-1959",1959,"USA","Florida","Vaca Cut Channel & bridge under Marathon, Monroe County"
"4092","08-Mar-1959",1959,"PHILIPPINES","Mindanao","Mouth of Langoyan River, Davao City"
"4093","Mar-1959",1959,"USA","Florida","Miami"
"4094","28-Feb-1959",1959,"AUSTRALIA","Victoria","Port Phillip Bay"
"4095","27-Feb-1959",1959,"VENEZUELA","Nueva Esparta","Margarita Island"
"4096","16-Feb-1959",1959,"PAPUA NEW GUINEA"," Kikori River mouth","Ururumba, mouth of Kikori River 7.45S, 144.40E"
"4097","02-Feb-1959 Reported",1959,"SOLOMON ISLANDS","Guadalcanal Province","Trench’s Beach, Guadalcanal Island"
"4098","01-Feb-1959",1959,"SOUTH AFRICA","KwaZulu-Natal","Port Shepstone"
"4099","31-Jan-1959",1959,"AUSTRALIA","Western Australia","South Perth"
"4100","27-Jan-1959",1959,"ECUADOR","Galapagos Islands","Crewing on  the tuna clipper Mary Barbara"
"4101","25-Jan-1959",1959,"AUSTRALIA","Tasmania","Whale Bay, King Island, Bass Strait"
"4102","17-Jan-1959",1959,"AUSTRALIA","Tasmania","Safety Cove"
"4103","17-Jan-1959",1959,"AUSTRALIA","Queensland","Alexandra Headland near Mooloolaba"
"4104","15-Jan-1959",1959,"SOUTH AFRICA","Western Cape Province","Melkbaai"
"4105","12-Jan-1959",1959,"NEW GUINEA","Milne Bay Province","Uga, Banaira, Milne Bay"
"4106","02-Jan-1959",1959,"MOZAMBIQUE","Maputo Province","Off Inhaca Island"
"4107","Jan-1959",1959,"AUSTRALIA","Tasmania","Badger Head"
"4108","Summer of 1959",1959,"SOUTH KOREA","South Chungcheong Province","36º17'N,  126º31'E"
"4109","Jul- to Sep-1959",1959,"INDIA","Orissa","Mouth of Devi River at Machgaon"
"4110","1959",1959,"ATLANTIC OCEAN","",""
"4111","1959",1959,"PAPUA NEW GUINEA","West New Britain Province","Poi, Kombe Talasea"
"4112","1959",1959,"PAPUA NEW GUINEA","West New Britain Province","Kalapiai, Kombe"
"4113","1959",1959,"PAPUA NEW GUINEA","New Ireland Province, Bismarck Archipelago","Enuk Island, Kavieng"
"4114","1959",1959,"PAPUA NEW GUINEA","Morobe Province",""
"4115","28-Dec-1958",1958,"TURKEY","Ahirkapi coast","Constantinople"
"4116","27-Dec-1958",1958,"PAPUA NEW GUINEA","Madang Province","Taludig"
"4117","23-Dec-1958",1958,"SOUTH AFRICA","Western Cape Province","Melkbaai, False Bay"
"4118","13-Dec-1958",1958,"USA","Hawaii","Near Twin Islands off Lanikai, O'ahu (east coast)"
"4119","12-Dec-1958",1958,"AMERICAN SAMOA","Tutuila Island","Van Camp wharf"
"4120","23-Nov-1958",1958,"AUSTRALIA","Queensland","Surfer's Paradise"
"4121","14-Nov-1958",1958,"SOUTH AFRICA","Western Cape Province","False Bay"
"4122","Reported 07-Nov-1958",1958,"PAPUA NEW GUINEA","Admiralty Islands, Manus Province","M'Buke, south of Manus Island"
"4123","05-Nov-1958",1958,"USA","California","Pacific Beach, San Diego County"
"4124","12-Oct-1958",1958,"USA","California","Coronado Strand, San Diego County"
"4125","05-Oct-1958",1958,"USA","Florida","Baker's Haulover, Miami Beach"
"4126","Oct-1958",1958,"MEXICO","Guerrrero","Acapulco"
"4127","Oct-1958",1958,"PAPUA NEW GUINEA","West New Britain Province","East Nakanai, Talasea"
"4128","13-Sep-1958",1958,"ANDAMAN / NICOBAR ISLANDAS","",""
"4129","06-Sep-1958",1958,"BAHAMAS","Cat Cay","off yacht Serenade"
"4130","01-Sep-1958",1958,"USA","New York","Staten Island"
"4131","31-Aug-1958",1958,"MEXICO","Baja California","Ensenada"
"4132","01-Aug-1958",1958,"CROATIA","Primorje-Gorski Kotar County","Moš?eni?ka Draga"
"4133","  Reported 31-Jul-1958",1958,"MEXICO","Guerrero","Caleta Beach, Acapulco"
"4134","27-Jul-1958",1958,"USA","Florida","9 miles north of Turtle Beach, Siesta Key, Sarasota County"
"4135","27-Jul-1958",1958,"USA","Florida","Longboat Key, Sarasota, Sarasota County"
"4136","10-Jul-1958",1958,"USA","Florida","Key West, Monroe County"
"4137"," 08-Jul-1958",1958,"KENYA","Coast Province","Port Kilindeni / Mombasa Harbor"
"4138","04-Jul-1958",1958,"PACIFIC OCEAN","Between Hawaii & Wake Island","600 miles northwest of Honolulu"
"4139","04-Jul-1958",1958,"PACIFIC OCEAN","Between Hawaii & Wake Island","600 miles northwest of Honolulu"
"4140","02-Jul-1958",1958,"USA","Florida","Siesta Key, Sarasota County"
"4141","01-Jul-1958",1958,"PAPUA NEW GUINEA","New Ireland Province, Bismarck Archipelago","Maritzoan, east coast of Namatanai"
"4142","Jul-1958",1958,"BAHAMAS","Abaco Islands","North of Walkers Cay"
"4143","Jul-1958",1958,"USA","Florida","Sarasota, Sarasota County"
"4144","26-Jun-1958",1958,"USA","Florida","Sanibel Island, Lee County"
"4145","24-Jun-1958",1958,"USA","Florida","Turtle Beach, Siesta Key, Sarasota County"
"4146","17-Jun-1958",1958,"USA","Florida","Key Biscayne"
"4147","15-Jun-1958",1958,"AUSTRALIA","Queensland","Green Island"
"4148","Reported 02-Jun-1958",1958,"SOUTH AFRICA","KwaZulu-Natal","King Reef off Park Rynie"
"4149","30-Apr-1958",1958,"USA","Florida","1 mile off Miami Beach"
"4150","19-Apr-1958",1958,"TAIWAN","Taipei Hsien","Off Cape of Pi-tou"
"4151","05-Apr-1958",1958,"SOUTH AFRICA","KwaZulu-Natal","Uvongo"
"4152","03-Apr-1958",1958,"SOUTH AFRICA","KwaZulu-Natal","Port Edward"
"4153","Apr-1958",1958,"PAPUA NEW GUINEA","Morobe Province","Nasigilatu (Near Malasanga, Finschhafen, in the Huon Gulf)"
"4154","19-Feb-1958",1958,"AUSTRALIA","New South Wales",""
"4155","01-Feb-1958",1958,"USA","US Virgin Islands","Water Island"
"4156","27-Jan-1958",1958,"AUSTRALIA","New South Wales","5 miles south of Sussex Inlet at mouth of Berara Lake"
"4157","19-Jan-1958",1958,"AUSTRALIA","New South Wales","Brunswick Heads"
"4158","Reported 09-Jan-1958",1958,"JAPAN","Ibaraki Prefecture","Mito"
"4159","09-Jan-1958",1958,"SOUTH AFRICA","KwaZulu-Natal","Scotburgh"
"4160","1958-1959",1958,"TONGA","Vava'u","Hunga Island"
"4161","1958",1958,"SAMOA","South Pacific Ocean","North of Northeast Samoa"
"4162","1958",1958,"PANAMA","Canal Zone",""
"4163","1958",1958,"PAPUA NEW GUINEA","Louisiade Archipelago","Brooker Island , Calvados Chain"
"4164","1958",1958,"PAPUA NEW GUINEA","West New Britain Province","Bulu, Talasea"
"4165","1958",1958,"PAPUA NEW GUINEA","West New Britain Province","Kombe, Talasea"
"4166","1958",1958,"PAPUA NEW GUINEA","Morobe Province","Korem, Finschhafen "
"4167","1958",1958,"SOUTH AFRICA","Western Cape Province","Plettenberg Bay"
"4168","Circa 1958",1958,"SOUTH AFRICA","KwaZulu-Natal","MaKakatana River"
"4169","31-Dec-1957",1957,"AUSTRALIA","South Australia","Port Hughes, 100 miles from Adelaide in Spencer Gulf"
"4170","30-Dec-1957",1957,"SOUTH AFRICA","KwaZulu-Natal","Margate"
"4171","26-Dec-1957",1957,"SOUTH AFRICA","KwaZulu-Natal","Splash Rock, Port Edward"
"4172","23-Dec-1957",1957,"SOUTH AFRICA","KwaZulu-Natal","Margate"
"4173","20-Dec-1957",1957,"SOUTH AFRICA","KwaZulu-Natal","Uvongo"
"4174","18-Dec-1957",1957,"SOUTH AFRICA","KwaZulu-Natal","Karridene"
"4175","08-Nov-1957",1957,"PACIFIC OCEAN","1,000 miles east of Hawaii",""
"4176","Reported 04-Nov-1957",1957,"AUSTRALIA","New South Wales","Off Scotts"
"4177","24-Oct-1957",1957,"SOLOMON ISLANDS","Honiara","Honiara"
"4178","23-Oct-1957",1957,"SOLOMON ISLANDS","Honiara","Honiara"
"4179","02-Sep-1957",1957,"MARSHALL ISLANDS","Eniwetok Atoll","Parry Island"
"4180","Aug-1957",1957,"USA","Florida","Miami Seaquarium, Virginia Key, Miami, Miami-Dade County"
"4181","24-Jul-1957",1957,"USA","California","La Jolla, San Diego County"
"4182","15-Jul-1957",1957,"USA","North Carolina","Salter Path, Atlantic Beach, Carteret County"
"4183","09-Jul-1957",1957,"AUSTRALIA","Torres Strait","Near Thursday Island"
"4184","21-Jun-1957",1957,"CUBA","Yucatan Channel",""
"4185","11-May-1957",1957,"AUSTRALIA","New South Wales","Tea Gardens, north of Newcastle"
"4186","Reported 07-May-1957",1957,"SOLOMON ISLANDS","",""
"4187","May 1957",1957,"USA","Florida","8 miles off St. Marks, Wakulla County"
"4188","28-Apr-1957",1957,"USA","California","Atascadero Beach, Morro Bay, San Luis Obispo County"
"4189","23-Apr-1957",1957,"AUSTRALIA","New South Wales","Merewether Beach, Newcastle"
"4190","22-Apr-1957",1957,"USA","Florida","Ormond Beach, Volusia County"
"4191","13-Apr-1957",1957,"AUSTRALIA","Torres Strait","Thursday Island Harbour, Queensland"
"4192","07-Apr-1957",1957,"PAPUA NEW GUINEA","Bougainville (North Solomons)","Kieta"
"4193","07-Apr-1957",1957,"SOLOMON ISLANDS","Bougainville (North Solomons)","Kieta"
"4194","24-Feb-1957",1957,"FIJI","Viti Levu","Suva Harbor"
"4195","05-Feb-1957",1957,"USA","Florida","South Beach, Fort Pierce, St Lucie County"
"4196","02-Feb-1957",1957,"AUSTRALIA","Western Australia","Cape Levêque"
"4197","Feb-1957",1957,"USA","Florida","Florida Keys"
"4198","05-Jan-1957",1957,"SOUTH AFRICA","KwaZulu-Natal","Umgeni River Mouth"
"4199","1957",1957,"SRI LANKA","Western Province","Colombo Harbor"
"4200","1957",1957,"USA","Florida","Fort Pierce, St. Lucie County"
"4201","1957",1957,"CUBA","Havana Province","Cojimar"
"4202","1957",1957,"CUBA","Havana Province","Cojimar"
"4203","1957",1957,"CUBA","Havana Province","Havana"
"4204","1957",1957,"USA","Florida","Miami, Miami-Dade County"
"4205","1957",1957,"FIJI","Kadavu","Great Astrolabe Reef"
"4206","1957",1957,"IRAN","Karun River","near Band Misan in Shustar, 420 km from the sea"
"4207","1957",1957,"PAPUA NEW GUINEA","Abau Subdistrict,Central Province","Mailu area  "
"4208","1957",1957,"IRAN","Karun River","Hesamabad"
"4209","1957",1957,"PAPUA NEW GUINEA","New Britain, Bismarck Archipelago","Duke of York Island"
"4210","26-Dec-1956",1956,"PAPUA NEW GUINEA","Milne Bay Province","Samarai Island (south end)"
"4211","24-Dec-1956",1956,"PAPUA NEW GUINEA","Milne Bay Province","Samarai Island"
"4212","Reported 15-Dec-1956",1956,"GABON","Estuaire Province","Owendo"
"4213","09-Dec-1956",1956,"NEW ZEALAND","North Island","North Auckland"
"4214","27-Oct-1956",1956,"SOUTH AFRICA","Western Cape Province","Glencairn, False Bay"
"4215","20-Oct-1956",1956,"PAPUA NEW GUINEA","Central Province","Kapakapa "
"4216","07-Oct-1956",1956,"SENEGAL","Near Dakar, Cap Vert Peninsula","Isle de Gorée"
"4217","Oct-1956",1956,"PAPUA NEW GUINEA","","Port Moresby"
"4218","23-Sep-1956",1956,"USA","Florida","Daytona Beach, Volusia County"
"4219","Sep-1956",1956,"MAYOTTE","Mozambique Channel",""
"4220","Sep-1956",1956,"ITALY","Tyrrenian Sea","1.5 miles south of  San Felice Circeo "
"4221","25-Aug-1956",1956,"PAPUA NEW GUINEA","Central Province","Paga Point or Fishermans Island, Port Moresby"
"4222","20-Aug-1956",1956,"PAPUA NEW GUINEA","Central Province","Paga Point, Port Moresby "
"4223","Reported 15-Aug-1956",1956,"USA","Puerto Rico","North coast"
"4224","15-Aug-1956",1956,"AUSTRALIA","Queensland","Near Southport"
"4225","15-Aug-1956",1956,"USA","California","Pismo Beach, San Luis Obispo County"
"4226","1-Aug-1956",1956,"SOUTH AFRICA","KwaZulu-Natal","Chain Rocks, Amanzimtoti"
"4227","Aug-1956",1956,"UNITED KINGDOM","Cornwall","The Lizard"
"4228","Aug-1956",1956,"UNITED KINGDOM","Cornwall","The Lizard"
"4229","Aug-1956",1956,"MALTA","Congreve Channel","between Filfla Island and Wied iz-Zurrieq"
"4230","Aug-1956",1956,"PAPUA NEW GUINEA","Central Province","Yule Island"
"4231","Aug-1956",1956,"PAPUA NEW GUINEA","Central Province","Fisherman's Island, near Port Moresby"
"4232","28-Jul-1956",1956,"USA","Puerto Rico","Aquadilla"
"4233","26-Jul-1956",1956,"USA","California","Van Ness Municipal Pier, San Francisco"
"4234","20-Jul-1956",1956,"MALTA","St. Thomas Bay","Marsascala"
"4235","17-Jul-1956",1956,"USA","Florida","Miami Beach, Miami-Dade County"
"4236","12-Jul-1956",1956,"USA","South Carolina","Isle of Palms, Charleston County"
"4237","28-Jun-1956",1956,"AUSTRALIA","Torres Strait","Fishman's Island (near Port Moresby, PNG) "
"4238"," 22-Jun-1956",1956,"PORTUGAL","Madeira","Off Funchal"
"4239","20-Jun-1956",1956,"MID ATLANTIC OCEAN","","Venezuelan aircraft lost"
"4240","Reported 26-May-1956",1956,"SOUTH AFRICA","Western Cape Province","Plettenberg Bay"
"4241","07-May-1956",1956,"CUBA","",""
"4242","May 1956",1956,"AUSTRALIA","Torres Strait",""
"4243","25-Mar-1956",1956,"ITALY","Ligurian Sea","Genova, S. Nazaro, Punta Vagno"
"4244","11-Mar-1956",1956,"AUSTRALIA","New South Wales","Cronulla, near Sydney"
"4245","04-Mar-1956",1956,"AUSTRALIA","Victoria","Portsea Beach, near entrance to Port Phillip Bay"
"4246","Mar-1956",1956,"AUSTRALIA","Western Australia","Fremantle"
"4247","26-Feb-1956",1956,"AUSTRALIA","Queensland","Pioneer River near Mackay"
"4248","Reported 10-Feb-1956",1956,"AUSTRALIA","Victoria","Cowes"
"4249","Reported 16-Jan-1956",1956,"AUSTRALIA","Torres Strait","Palm Island"
"4250","16-Jan-1956",1956,"COSTA RICA","","San Juan River"
"4251","05-Jan-1956",1956,"AUSTRALIA","New South Wales","North Bondi"
"4252","1956",1956,"PAPUA NEW GUINEA","Madang Province","Singour, 60 miles south of Madang"
"4253","1956",1956,"GREECE","Corfu Island","Kérkira"
"4254","1956",1956,"USA","Virginia","Virginia Beach, Princess Anne County"
"4255","1956",1956,"USA","Virginia","Virginia Beach, Princess Anne County"
"4256","1956",1956,"PAPUA NEW GUINEA","Milne Bay Province","Kimuta, Renard Island"
"4257","1956",1956,"PAPUA NEW GUINEA","Admiralty Islands, Manus Province","Hus Island "
"4258","1956",1956,"PAPUA NEW GUINEA","New Ireland Province","Enuk Island "
"4259","Reported 31-Dec-1955",1955,"AUSTRALIA","Tasmania",""
"4260","11-Dec-1955",1955,"USA","Florida","½ mile offshore & 9 miles north of Fort Pierce"
"4261","16-Nov-1955",1955,"PAPUA NEW GUINEA","Central Province","Kalautu Village, Baibara at the mouth of Oibada River"
"4262","Nov-1955",1955,"PAPUA NEW GUINEA","Admiralty Islands, Manus Province","Low Island, Manus"
"4263","16-Oct-1955",1955,"AUSTRALIA","Queensland","Tully, North Queensland"
"4264","23-Sep-1955",1955,"NORTH PACIFIC OCEAN","1000 miles west of Hawaii","Between Wake & Johnston Islands"
"4265","23-Sep-1955",1955,"NORTH PACIFIC OCEAN","1000 miles west of Hawaii","Between Wake & Johnston Islands"
"4266","20-Sep-1955",1955,"USA","Hawaii","East Moloka'i"
"4267","04-Sep-1955",1955,"USA","California","Venice Beach, Los Angeles County"
"4268","03-Sep-1955",1955,"USA","California","Venice Beach, Los Angeles County"
"4269","30-Aug-1955",1955,"JAPAN","Izo Islands","Mikura-jima Island, 150 miles south of Tokyo"
"4270","30-Aug-1955",1955,"USA","California","Zuma Beach, Santa Monica, Los Angeles County"
"4271","26-Aug-1955",1955,"CROATIA"," Primorje-Gorski Kotar County","Opatija"
"4272","08-Aug-1955",1955,"AMERICAN SAMOA","Tutuila Island","Pago Pago Bay"
"4273","Reported 04-Aug-1955",1955,"USA","South Carolina","Windy Hill Beach"
"4274","Aug-1955",1955,"NORTH ATLANTIC OCEAN ","Open sea",""
"4275","Aug-1955",1955,"AUSTRALIA","South Australia","Port Augusta"
"4276","25-Jul-1955",1955,"JAPAN","Okayama Prefecture","Usimado-no-Seto"
"4277","23-Jun-1955",1955,"USA","Rhode Island","Occupasstuxet  (Patuxent) Cove"
"4278","15-Jul-1955",1955,"MONTENEGRO","Adriatic Sea","Budva"
"4279","07-Jul-1955",1955,"YEMEN","Aden","Telegraph Bay"
"4280","08-May-1955",1955,"USA","California","Malibu, Los Angeles County"
"4281","May 1955",1955,"PAPUA NEW GUINEA","Admiralty Islands, Manus Province","Lou Island, south of Manus Island"
"4282","Reported 13-Apr-1955",1955,"PAPUA NEW GUINEA","Central Province","Hadrian’s (Haidana?) Island, near Port Moresby"
"4283","12-Apr-1955",1955,"PAPUA NEW GUINEA","","Abau"
"4284","Apr-1955",1955,"USA","Hawaii","Hilo, Hawai'i"
"4285","09-Mar-1955",1955,"AUSTRALIA","New South Wales","Wamberal"
"4286","Mar-1955",1955,"PAPUA NEW GUINEA","New Ireland, Bismarck Archipelago","Kabiman, West coast"
"4287","Mar-1955",1955,"AUSTRALIA","Western Australia","Woodman’s Point"
"4288","10-Feb-1955",1955,"USA","California","Trinidad Bay, Humboldt County"
"4289","06-Feb-1955",1955,"USA","California","Pacific Grove, Monterey County"
"4290","05-Feb-1955",1955,"AUSTRALIA","New South Wales","Sugarloaf Bay, Middle Harbor, Sydney"
"4291","04-Feb-1955",1955,"INDIA","Tamil Nadu","Vanagiri, Madras (Chennai), Bay of Bengal"
"4292","01-Feb-1955",1955,"AUSTRALIA","New South Wales","Parramatta River"
"4293","Feb-1955",1955,"AUSTRALIA","New South Wales","Coff’s Harbor"
"4294","17-Jan-1955",1955,"AUSTRALIA","New South Wales","Wyargine Point, Edwards Beach, Balmoral Beach, Sydney"
"4295","15-Jan-1955",1955,"SOUTH AFRICA","KwaZulu-Natal","A ford known as Brodies Coffin in St. Lucia Bay"
"4296","1955",1955,"USA","Florida","Vero Beach, Indian River County"
"4297","1955",1955,"CUBA","Havana Province","Cojimar"
"4298","1955",1955,"MADAGASCAR","18S / 50E",""
"4299","1955",1955,"USA","Illinois","Chicago (Lake Michigan)"
"4300","Ca. 1955 ",1955,"COLUMBIA","Isles del Rosario","Southwest of Cartegena"
"4301","1955",1955,"PAPUA NEW GUINEA","New Ireland","Lavongai"
"4302","29-Dec-1954",1954,"AMERICAN SAMOA","Tutuila Island","Near tuna cannery in Pago Pago Harbor"
"4303","11-Dec-1954",1954,"AUSTRALIA","Victoria","Point Lonsdale"
"4304","09-Dec-1954",1954,"PAPUA NEW GUINEA","Central Province","Kila Beach, Port Moresby"
"4305","04-Dec-1954",1954,"SOUTH AFRICA","KwaZulu-Natal","Rocket Hut Beach, Durban"
"4306","20-Nov-1954",1954,"USA","Wake Island","Wilkes Islet Lagoon (Pacific Ocean north of the Marshall Islands)"
"4307","07-Oct-1954",1954,"USA","Virginia","150 miles off Cape Henry"
"4308","06-Oct-1954",1954,"UNITED KINGDOM","Isle of Man","Off Fleetwood"
"4309","02-Oct-1954",1954,"CROATIA","Zadar County","Lika-Senj, Pag Island"
"4310","02-Oct-1954",1954,"JAPAN","Nagasaki Prefecture","Oomura Bay"
"4311","21-Sep-1954",1954,"USA","California","La Jolla, San Diego County"
"4312","15-Sep-1954",1954,"HONG KONG","","Junk Bay"
"4313","04-Sep-1954",1954,"AUSTRALIA","Torres Strait","Darnley Island, Torres Strait"
"4314","19955",1954,"ITALY","Liguaria","Finale Ligure"
"4315","12-Aug-1954",1954,"CUBA","Guantanamo Province","Boqueron"
"4316","12-Aug-1954",1954,"CUBA","Guantanamo Province","Boqueron"
"4317","30-Jul-1954",1954,"ECUADOR","Galapagos Islands",""
"4318","28-Jul-1954",1954,"SINGAPORE","","Singapore Harbor"
"4319","27-Jul-1954",1954,"ITALY","Venice Province","Off Chioggia"
"4320","15-Jul-1954",1954,"THE BALKANS","Slovenia","Between Punta Grossa & Koper"
"4321","Reported 04-Jul-1954",1954,"USA","Florida","Florida Keys"
"4322","03-Jul-1954",1954,"BERMUDA","South shore ","Elbow Beach"
"4323","Reported 02-Jul-1954",1954,"GREECE","","Kalamata"
"4324","Reported 01-Jul-1954",1954,"CROATIA","","Pula"
"4325","29-Jun-1954",1954,"USA","California","Santa Monica, Los Angeles County"
"4326","27-Jun-1954",1954,"AUSTRALIA","Queensland","Fitzroy Island"
"4327","Jun-1954",1954,"HONG KONG","",""
"4328","Reported 26-May-1954",1954,"PAPUA NEW GUINEA","East Sepik","Wewak"
"4329","May 1954",1954,"PAPUA NEW GUINEA","Madang Province","Near Madang Town"
"4330","08-Apr-1954",1954,"USA","Hawaii","Wailupe, O'ahu"
"4331","Apr-1954",1954,"SUDAN?","Red Sea","Southern part "
"4332","27-Feb-1954",1954,"AUSTRALIA","New South Wales","The Entrance, near Gosford"
"4333","30-Jan-1954",1954,"AUSTRALIA","New South Wales","Avoca Beach"
"4334","22-Jan-1954",1954,"AUSTRALIA","Torres Strait","Naghir Island"
"4335","22-Jan-1954",1954,"ARGENTINA","Buenos Aires Province","Miramar Beach, 46 km south of Mar de Plata, Buenos Aires "
"4336","15-Jan-1954",1954,"PAPUA NEW GUINEA","Madang Province","Singour, 60 miles south of Madang"
"4337","1954",1954,"IRAN","Karun River","Hesamabad area of Shushtar, 420 km from the sea"
"4338","1954",1954,"MARTINIQUE","",""
"4339","1954",1954,"MEXICO","Baja California",""
"4340","1954",1954,"USA","Hawaii","Moloka'i"
"4341","1954",1954,"PAPUA NEW GUINEA","West New Britain Province","Volupai, Talasea"
"4342","1954 (same day as  1954.00.00.f)",1954,"IRAN","Karun River","A village a short distance from Hesamabad"
"4343","1954 (same day as  1954.00.00.f)",1954,"IRAN","Karun River","Hesamabad area of Shushtar, 420 km from the sea"
"4344","30-Dec-1953",1953,"SOUTH AFRICA","Eastern Cape Province","Second Beach, Port St. Johns"
"4345","22-Dec-1953",1953,"SOUTH AFRICA","Eastern Cape Province","Port Elizabeth"
"4346","13-Dec-1953",1953,"AUSTRALIA","Queensland","Palm Beach"
"4347","Dec-1953",1953,"AUSTRALIA","New South Wales","Maroubra Beach"
"4348","Oct-1953",1953,"AUSTRALIA","New South Wales","Boat Harbour, north of Cronulla"
"4349","27-Sep-1953",1953,"PHILIPPINES","Luzon Island","Bohol"
"4350","Reported 20-Sep-1953",1953,"USA","California","Santa Catalina Island, Los Angeles County"
"4351","18-Sep-1953",1953,"USA","Georgia","200 miles east of Savannah"
"4352","Reported 03-Sep-1953",1953,"USA","New York","Rockaway Beach"
"4353","02-Sep-1953",1953,"USA","Hawaii","Waiau, Pearl Harbor, O'ahu"
"4354","Aug-1953",1953,"MEXICO","Guerrero","Acapulco"
"4355","31-Jul-1953",1953,"MEXICO","Colima","Manzanillo"
"4356","26-Jul-1953",1953,"USA","Hawaii","Maile Beach, O'ahu"
"4357","16-Jul-1953",1953,"USA","California","Santa Catalina Island, Los Angeles County"
"4358","15-Jul-1953",1953,"USA","Florida","Juno Beach, Palm Beach County"
"4359","11-Jul-1953",1953,"PACIFIC OCEAN","330 to 350 miles east of Wake Island",""
"4360","09-Jul-1953",1953,"CANADA","Nova Scotia","Fourchu, Cape Breton Island"
"4361","04-Jul-1953",1953,"USA","Hawaii","Kaula Rock near Niihau "
"4362","01-Jul-1953",1953,"PANAMA","Gulf of Panama","60 miles offshore "
"4363","Jun-1953",1953,"AUSTRALIA","Queensland",""
"4364","07-Apr-1953",1953,"AUSTRALIA","New South Wales","1.5 miles off shore"
"4365","04-Apr-1953",1953,"USA","Texas","South Padre Island"
"4366","Apr-1953",1953,"IRAN","Karun River","near Ahvaz, 275 km from the sea"
"4367","Apr-1953",1953,"IRAN","Karun River","near Ahvaz, 275 km from the sea"
"4368","Mar-1953",1953,"AUSTRALIA","New South Wales","Long Reef, Collaroy"
"4369","Reported 19-Mar-1953",1953,"AUSTRALIA","South Australia","Schnapper Rock, Kirton Point"
"4370","Mar-1953",1953,"INDIAN OCEAN","","Between Straits of Malacca and Sri Lanka"
"4371","Mar-1953",1953,"PAPUA NEW GUINEA","Milne Bay Province","Off Rossel Island, Louisiade Archipelago"
"4372","18-Feb-1953",1953,"USA","Hawaii","Barber’s Point, O'ahu"
"4373","15-Feb-1953",1953,"AUSTRALIA","New South Wales","Cave at Shell Harbour"
"4374","Feb-1953",1953,"AUSTRALIA","",""
"4375","20-Jan-1953",1953,"AUSTRALIA","South Australia","Largs Bay"
"4376","08-Jan-1953",1953,"AUSTRALIA","Tasmania","Wynyard"
"4377","1953",1953,"AUSTRALIA","",""
"4378","1953",1953,"PAPUA NEW GUINEA","Bougainville (North Solomons)","Kahuli, Buka Island"
"4379","1953",1953,"USA","Florida","Juno Beach, Palm Beach County"
"4380","24-Dec-1952",1952,"AUSTRALIA","Victoria","Portsea Beach, near Melbourne"
"4381","21-Dec-1952",1952,"AUSTRALIA","South Australia","Cape Douglas"
"4382","14-Dec-1962",1952,"GUATEMALA","",""
"4383","04-Aug-1952",1952,"ITALY","Genoa  Province","Riva Trigoso"
"4384","03-Aug-1952",1952,"USA","Hawaii","Between Ala Moana Channel & Kewalo Basin, O'ahu"
"4385","7-Dec-1952",1952,"USA","California","Pacific Grove, Monterey Bay, Monterey County"
"4386","03-Dec-1952",1952,"USA","Hawaii","Maile Beach, O'ahu"
"4387","12-Oct-1952",1952,"PAPUA NEW GUINEA","Abau Sub District, Central Province","Lalaura Village"
"4388","06-Aug-1952",1952,"SOUTH AFRICA","Eastern Cape Province","Nelson’s Rock"
"4389","05-Aug-1952",1952,"ITALY","Teramo","Giulianova"
"4390","27-Jul-1952",1952,"USA","Florida","Panacea, Wakulla County"
"4391","27-Jul-1952",1952,"USA","South Carolina","Seabrook Beach"
"4392","27-Jul-1952",1952,"USA","South Carolina","Seabrook Beach"
"4393","27-Jul-1952",1952,"USA","California","Off Santa Monica, Los Angeles County"
"4394","13-Jul-1952",1952,"USA","California","San Diego, San Diego County"
"4395","05-Jul-1952",1952,"USA","Puerto Rico","Mona Island, 40 miles west of the mainland "
"4396","27-May-1952",1952,"USA","California","Imperial Beach, San Diego County"
"4397","Reported 07-May-1952",1952,"AUSTRALIA","Western Australia","Boyup Brook"
"4398","May-1952",1952,"INDIA","","Off Trivandrum (west coast)"
"4399","06-Apr-1952",1952,"AUSTRALIA","South Australia","Streaky Bay"
"4400","Apr-1952",1952,"SUDAN","Red Sea State","Suakin Harbor, Suakin Island"
"4401","30-Mar-1952",1952,"NETHERLANDS ANTILLES","Curacao",""
"4402","23-Jan-1952",1952,"MAURITIUS","Port Louis Province","Port Louis"
"4403","07-Jan-1952",1952,"AUSTRALIA","New South Wales","Evans Head"
"4404","1952-1954",1952,"LIBERIA","Montserrado","West Breakwater, Monrovia / Freeport"
"4405","1952",1952,"PAPUA NEW GUINEA","Admiralty Islands, Manus Province","Manus Island"
"4406","1952",1952,"PAPUA NEW GUINEA","Admiralty Islands, Manus Province","Momote, Manus Island"
"4407","1952",1952,"PAPUA NEW GUINEA","New Ireland Province","Samo Plantation, east coast "
"4408","1952",1952,"USA","Florida","Near Key West"
"4409","21-Dec-1951",1951,"MOZAMBIQUE","Bay of Maputu","Catembe "
"4410","16-Dec-1951",1951,"AUSTRALIA","New South Wales","North Bondi"
"4411","
1951.12.15.R",1951,"MOZAMBIQUE","Sofala Province","Beira"
"4412","6-Dec-1951",1951,"AUSTRALIA","New South Wales","Merewether Beach, Newcastle"
"4413","29-Nov-1951",1951,"SOUTH AFRICA","KwaZulu-Natal","South Beach, Durban"
"4414","28-Nov-1951",1951,"JAMAICA","Kingston Parish","Kingston Harbor"
"4415","28-Nov-1951",1951,"SOUTH AFRICA","KwaZulu-Natal","Winkelspruit"
"4416","Reported 23-Nov-1951",1951,"PHILIPPINES","",""
"4417","22-Oct-1951",1951,"AUSTRALIA","Queensland","Ocean baths, Kissing Point Beach "
"4418","05-Oct-1951",1951,"NORTH ATLANTIC OCEAN","South Carolina","400 miles off the le"
"4419","29-Sep-1951",1951,"ITALY","Salerno","Amalfi"
"4420","Reported 03-Sep-1951",1951,"ITALY","Salerno Province","Salerno"
"4421","Reported 02-Sep-1951",1951,"AUSTRALIA","Queensland","Fitzroy River near Rockhampton"
"4422","17-Aug-1951",1951,"GREECE","Corfu Island","Off Royal Residence"
"4423","17-Aug-1951",1951,"GREECE","Corfu Island","Off Royal Residence"
"4424","Reported 16-Aug-1951",1951,"ITALY","Taranto","Torre Colimena"
"4425","Between 01-Aug-1951 & 08-Aug-1951",1951,"COLUMBIA","Caribbean Sea","Cartegena"
"4426","Reported 19-Jul-1951",1951,"USA","California","Long Beach, Los Angeles County"
"4427","11-Jul-1951",1951,"PACIFIC OCEAN","","In Los Angeles – Honolulu yacht race"
"4428","25-Jun-1951",1951,"USA","Hawaii","Kapehu Beach, Laupahoehoe, Hawai'i"
"4429","Jun-1951",1951,"FRENCH POLYNESIA","Tuamotus","Outer edge of Hikueru, one of the Central Tuamotu atolls"
"4430","22-May-1951",1951,"MEXICO","",""
"4431","Reported 09-May-1951",1951,"ITALY","Naples Province","Torre del Greco, Naples"
"4432","26-Mar-1951",1951,"AUSTRALIA","New South Wales","Avalon"
"4433","24-Mar-1951",1951,"AUSTRALIA","New South Wales","Sydney"
"4434","15-Mar-1951",1951,"SOUTH AFRICA","KwaZulu-Natal","South Beach, Durban"
"4435","19-Feb-1951",1951,"SOUTH AFRICA","Eastern Cape Province","Port St. Johns"
"4436","03-Feb-1951",1951,"AUSTRALIA","New South Wales","Windang, near the entrance to Lake Illawarra"
"4437","01-Feb-1951",1951,"AUSTRALIA","New South Wales","Bondi Beach"
"4438","21-Jan-1951",1951,"SOUTH AFRICA","KwaZulu-Natal","Native Beach, Durban"
"4439","03-Jan-1951",1951,"AUSTRALIA","New South Wales","Hawkesbury River"
"4440","1951",1951,"NEW GUINEA","Madang Province","Manam Island"
"4441","31-Dec-1950",1950,"AUSTRALIA","Queensland","Kirra"
"4442","Reported 19-Dec-1950",1950,"AUSTRALIA","New South Wales","Jervis Bay"
"4443","16-Dec-1950",1950,"AUSTRALIA","Queensland","Palm Beach North, 5 miles north of Burleigh Heads, Brisbane"
"4444","29-Nov-1950",1950,"AUSTRALIA","Northern Territory","Goulburn Island"
"4445","25-Nov-1950",1950,"AUSTRALIA","Queensland","Burleigh Heads, Brisbane"
"4446","12-Nov-1950",1950,"AUSTRALIA","Queensland","Yeppoon"
"4447","28-Oct-1950",1950,"USA","California","Imperial Beach, San Diego County"
"4448","04-Oct-1950",1950,"AUSTRALIA","Queensland","Peterson's Beach, Sarina"
"4449","06-Aug-1950",1950,"EL SALVADOR"," La Libertad","50 miles off Port La Libertad"
"4450","Aug-1950",1950,"SAUDI ARABIA","Eastern Province","East of the Ras Tanura-Jubail area "
"4451","Reported 27-Jul-1950",1950,"AUSTRALIA","South Australia","Streaky Bay"
"4452","21-Jul-1950",1950,"JAPAN","Sago Prefecture","Ariakeno Bay"
"4453","1950.07.19",1950,"ITALY","Savona","Albenga"
"4454","15-Jul-1950",1950,"CUBA","Caribbean Sea",""
"4455","10-Jul-1950",1950,"USA","Texas","Near Port Arthur"
"4456","09-Jul-1950",1950,"USA","Texas","Galveston Bay"
"4457","Jul-1950",1950,"USA","Florida","Rock Harbor, Key Largo, Monroe County"
"4458","25-Jun-1950",1950,"USA","New York","Beach 103rd Street, Rockaway "
"4459","06-Jun-1950",1950,"USA","Florida","275 miles northeast of Miami"
"4460","24-May-1950",1950,"SOUTH AFRICA","KwaZulu-Natal","Port Edward"
"4461","01-May-1950",1950,"ITALY","Tyrrhenian Sea","Sprizze, Isola d'Elba"
"4462","09-Apr-1950",1950,"AUSTRALIA","Queensland","Cooper's Point"
"4463","09-Apr-1950",1950,"SOUTH AFRICA","Eastern Cape Province","Off Port Elizabeth breakwater"
"4464","26-Mar-1950",1950,"SOUTH AFRICA","Eastern Cape Province","Off bank of Ntshala River, Morgan Bay"
"4465","08-Mar-1950",1950,"SOUTH AFRICA","KwaZulu-Natal","North Beach, Durban"
"4466","01-Mar-1950",1950,"AUSTRALIA","Western Australia","City Beach, Perth"
"4467","Reported 18-Feb-1950",1950,"AUSTRALIA","Western Australia","Cottesloe, Perth"
"4468","11-Feb-1950",1950,"SOUTH AFRICA","KwaZulu-Natal","South Beach, Durban"
"4469","16-Jan-1950",1950,"USA","Hawaii","Kahakuloa, Maui"
"4470","Reported 12-Jan-1950",1950,"AUSTRALIA","Victoria","South Werribee Beach"
"4471","1950",1950,"AUSTRALIA","Tasmania","Triabunna"
"4472","1950",1950,"SRI LANKA","Eastern Province","Heda Oya Estuary"
"4473","1950",1950,"SRI LANKA","Southern Province","Dodnduwa"
"4474","1950 - 1951",1950,"LIBERIA","Montserrado","Monrovia"
"4475","Summer 1950",1950,"INDONESIA","Jakarta Harbour","On rock near Yacht Club"
"4476","1950",1950,"USA","Florida","Jacksonville Beach, Duval County"
"4477","1950s",1950,"USA","Hawaii","Waikiki, O'ahu"
"4478","1950",1950,"PANAMA","Canal Zone","300 yards west of mouth of the Chagres River"
"4479","Summer 1950",1950,"GREECE","","Piraeus, Athens"
"4480","1950",1950,"SINGAPORE","Singapore Harbor",""
"4481","1950",1950,"NEW CALEDONIA","North Province","Voh, near meatworks"
"4482","Ca. 1950",1950,"NEW CALEDONIA","North Province","Mangalia Reef above Touho "
"4483","Ca. 1950",1950,"FIJI","","Near Lautoka"
"4484","Dec-1949",1949,"AUSTRALIA","Victoria","Seaholme"
"4485","20-Nov-1949",1949,"AUSTRALIA","New South Wales","Kurnell, Botany Bay "
"4486","12-Nov-1949",1949,"AUSTRALIA","Victoria","Port Phillip Bay"
"4487","28-Aug-1949",1949,"AUSTRALIA","Queensland","Yorkey’s Knob Beach near Cairns"
"4488","28-Aug-1949",1949,"AUSTRALIA","Queensland","Yorkey’s Knob Beach near Cairns"
"4489","17-Aug-1949",1949,"ITALY","Tuscany","Elba Island"
"4490","16-Aug-1949",1949,"AUSTRALIA","Tasmania","Flinders Island"
"4491","Reported 10-Aug-1949",1949,"ITALY","Calabria","Cosenza"
"4492","07-July-1949",1949,"IRAN","Shatt-el-Arab River",""
"4493","28-Jul-1949",1949,"IRAN","Shatt-al-Arab River","Bashamir"
"4494","25-Jul-1949",1949,"USA","South Carolina","Oketee River, Jasper County"
"4495","16-Jul-1949",1949,"USA","California","10 miles off Redondo Beach, Los Angeles County"
"4496","13-Jun-1949",1949,"CHINA","","Between Tientsin & Hong Kong"
"4497","16-May-1949",1949,"AUSTRALIA","Western Australia","Broome"
"4498","13-May-1949",1949,"AUSTRALIA","New South Wales","Nelson's Bay"
"4499","18-Apr-1949",1949,"AUSTRALIA","Queensland","Nerang River, Southpot"
"4500","17-Apr-1949",1949,"AUSTRALIA","Queensland","Ellis Beach, 20 miles from Cairns"
"4501","13-Apr-1949",1949,"MEXICO","Tamaulipas","Miramar Beach, Tampico"
"4502","Mar-1949 or Apr-1949",1949,"AUSTRALIA","South Australia","18 miles south of Port Augusta"
"4503","23-Jan-1949",1949,"AUSTRALIA","New South Wales","Bar Beach, Newcastle "
"4504","14-Jan-1949",1949,"AUSTRALIA","New South Wales","Off North Bondi"
"4505","13-Jan-1949",1949,"AUSTRALIA","New South Wales","Mona Vale, near Sydney"
"4506","05-Jan-1949",1949,"AUSTRALIA","Western Australia","Leighton Beach, North Fremantle"
"4507","1949-1950",1949,"ITALY","Tyrrhenian Sea","San Vincenzo"
"4508","1949",1949,"NEW GUINEA","Calvados Archipelago","Sabara Island, Calvados Chain 11.4S, 153E"
"4509","1949",1949,"PAPUA NEW GUINEA","New Ireland Province","Kulengei, southeast of Kalili, Kavieng"
"4510","1949",1949,"PAPUA NEW GUINEA","New Ireland Province","Enang , Kavieng"
"4511","1949",1949,"PAPUA NEW GUINEA","Bougainville (North Solomons)","Orava (Aravo) Islet , near Kieta. "
"4512","1949",1949,"PAPUA NEW GUINEA","Bougainville (North Solomons)","Sohano Island, Buka Passage"
"4513","1949",1949,"NEW GUINEA","Abau Sub District, Central Province","Kerpuna "
"4514","27-Dec-1948",1948,"AUSTRALIA","Western Australia","Lancelin Island"
"4515","26-Dec-1948",1948,"AUSTRALIA","Queensland","King’s Beach, Caloundra"
"4516","14-Dec-1948",1948,"IRAN","Shat-Al-Arab River","Abadan"
"4517","14-Dec-1948",1948,"CUBA","Guantanamo Province","10 miles off Cape Maisi"
"4518","10-Dec-1948",1948,"AUSTRALIA","Queensland","Rib Reef off Townsville"
"4519","05-Dec-1948",1948,"NORTH PACIFIC OCEAN","Between Kwajalein Atoll & Johnston Island","500 nautical miles southwest of Johnston Island"
"4520"," 18-Nov-1948",1948,"AUSTRALIA","Torres Strait","Saibai Island, 80 miles north of Cape York"
"4521","22-Sep-1948",1948,"GREECE","Attica","Keratsini "
"4522","19-Sep-1948",1948,"USA","Hawaii","Off Makapauu Point, O'ahu"
"4523","19-Sep-1948",1948,"USA","Hawaii","Off Makapauu Point, O'ahu"
"4524","Reported 17-Sep-1848",1848,"TURKEY","Adana Province","Yumurtalik"
"4525","15-Sep-1948",1948,"MID ATLANTIC OCEAN","","Bound from New York to London in ballast"
"4526","02-Sep-1948",1948,"IRAN","Bandar Ma’shur sea inlet",""
"4527","19-Aug-1948",1948,"IRAN","Shatt-al-Arab River",""
"4528","03-Aug-1948",1948,"IRAN","Shatt-al-Arab River","Bashamir"
"4529","Aug-1948",1948,"BAHAMAS","Bimini Islands","Lerner Marine Laboratory"
"4530","01-Jul-1948",1948,"USA","US Virgin Islands","St. John, Genti Bay"
"4531","Reported 06-Jun-1948",1948,"NORTHERN MARIANA ISLANDS","Saipan",""
"4532","10-May-1948",1948,"IRAN","Shatt-al-Arab River",""
"4533","10-Apr-1948",1948,"SOUTH AFRICA","Western Cape Province","Gansbaai"
"4534","Reported 13-Mar-1948 ""Bitten last weekend",1948,"KENYA","Coast Province","Mombasa"
"4535","11-Mar-1948",1948,"SENEGAL","Cap Vert Peninsula","Between Joal & Sangomar near Dakar"
"4536","Mar-1948",1948,"PAPUA NEW GUINEA","New Ireland Province, Bismarck Archipelago","Punam Passage, Rataman census div, Namatanai"
"4537","13-Feb-1948",1948,"USA","Texas","Gulf of Mexico between Brownsville & Carmen, Mexico"
"4538","12-Feb-1948",1948,"AUSTRALIA","New South Wales","Stockton Beach, Newcastle"
"4539","25-Jan-1948",1948,"AUSTRALIA","New South Wales","Mona Vale, near Sydney"
"4540","Summer 1948",1948,"USA","Florida","Biscayne Bay"
"4541","1948",1948,"NEW GUINEA","Morobe Province","Finschafen  "
"4542","1948",1948,"PAPUA NEW GUINEA","Bougainville (North Solomons)","Tung Island, off the west coast of Buka Island"
"4543","1948",1948,"SOUTH AFRICA","Western Cape Province","False Bay"
"4544","21-Dec-1947",1947,"AUSTRALIA","New South Wales","Watson Taylor's Lake, 25 miles south of Port Macquarie"
"4545","Reported 15-Dec-1947",1947,"SOUTH AFRICA","KwaZulu-Natal","Durban"
"4546","Dec-1947",1947,"SENEGAL","","Tiaroye, near Dakar, Cap Vert Peninsula"
"4547","23-Nov-1947",1947,"AUSTRALIA","South Australia","3 miles out to sea off Glenelg"
"4548","14-Nov-1947",1947,"AUSTRALIA","New South Wales","Knobby's Beach, Newcastle"
"4549","14-Nov-1947",1947,"AUSTRALIA","New South Wales","Knobby's Beach, Newcastle"
"4550","08-Nov-1947",1947,"AUSTRALIA","New South Wales","Maria River, Port Macquarie, 12 miles from river mouth"
"4551","08-Nov-1947",1947,"AUSTRALIA","New South Wales","Maria River, Port Macquarie, 12 miles from river mouth"
"4552","Nov-1947",1947,"AUSTRALIA","Queensland","Moreton Bay"
"4553","28-Oct-1947",1947,"AUSTRALIA","Northern Territory","Mornington Island, Gulf of Carpentaria"
"4554","10-Oct-1947",1947,"BRAZIL","Pernambuco","Piedade"
"4555","04-Aug-1947",1947,"USA","Florida","In a canal 10 miles north of St Augustine"
"4556","Reported 27-Jul-1947",1947,"USA","California","Santa Monica, Los Angeles County"
"4557","Reported 24-Jul-1947",1947,"AUSTRALIA","Northern Territory","Darwin Harbour"
"4558","15-Jul-1947",1947,"SOUTH AFRICA","KwaZulu-Natal","North Beach, Durban"
"4559","Jul-1947",1947,"GREECE","Carpathian Sea","Dodecanese Islands"
"4560","27-Jun-1947",1947,"USA","Hawaii","Off Waianae, O'ahu"
"4561","16-Jun-1947",1947,"AUSTRALIA","New South Wales","Coogee"
"4562","Reported 13-May-1947",1947,"KENYA","Coast Province","Kilindini Harbor, Mombasa"
"4563","20-Apr-1947",1947,"SOUTH AFRICA","KwaZulu-Natal","Country Club Beach, Durban"
"4564","11-Apr-1947",1947,"SOUTH AFRICA","KwaZulu-Natal","Rocket Hut Beach, Durban"
"4565","06-Apr-1947",1947,"AUSTRALIA","New South Wales","Palm Beach"
"4566","Apr-1947",1947,"PACIFIC OCEAN","","Off Central American coast at 8N.79W"
"4567","12-Mar-1947",1947,"SOUTH AFRICA","KwaZulu-Natal","Country Club Beach, Durban"
"4568","09-Mar-1947",1947,"SOUTH AFRICA","KwaZulu-Natal","Country Club Beach, Durban"
"4569","23-Feb-1947",1947,"AUSTRALIA","Queensland","Palm Beach"
"4570","Reported 06-Feb-1947",1947,"BAHAMAS","New Providence Island","Cable Beach"
"4571","Feb-1947",1947,"BRAZIL","Rio de Janeiro","Copacabana"
"4572","14-Jan-1947",1947,"AUSTRALIA","New South Wales","Berry's Bay, Sydney Harbour"
"4573","05-Jan-1947",1947,"SOUTH AFRICA","KwaZulu-Natal","Country Club Beach, Durban"
"4574","28-Dec-1946",1946,"AUSTRALIA","South Australia","Glenelg"
"4575","Reported 24-Dec-1946",1946,"AUSTRALIA","Queensland","Auckland Creek, Gladstone"
"4576","20-Nov-1946",1946,"AUSTRALIA","Torres Strait","40 miles off Thursday Island"
"4577","Reported 26-Oct-1946",1946,"MARSHALL ISLANDS","Kwajalein",""
"4578","14-Oct-1946",1946,"AUSTRALIA","New South Wales","Mark’s Point, Swan Bay, Lake Macquarie"
"4579","24-Aug-1946",1946,"ISRAEL","Gaza","Jura Village"
"4580","18-Aug-1946",1946,"AUSTRALIA","Queensland","Ellis Beach, 20 miles from Cairns"
"4581","18-Jul-1946",1946,"IRAN","Khuzestan Province","Dorquain, on the Karun River"
"4582","18-Jul-1946",1946,"IRAN","Khuzestan Province","Ahvaz, on the Karun River, 275 km from the sea"
"4583","28-Jun-1946",1946,"INDIA","","Chennai"
"4584","09-May-1946",1946,"TANZANIA","Dar-es-Salaam ","Dar-es-Salaam harbor"
"4585","19-Apr-1946",1946,"AUSTRALIA","Queensland","Trinity Beach, Cairns"
"4586","Apr-1946",1946,"AUSTRALIA","South Australia","Port Newby"
"4587","20-Mar-1946",1946,"AUSTRALIA","South Australia","Grange"
"4588","16-Feb-1946",1946,"SOUTH AFRICA","KwaZulu-Natal","South Beach, Durban"
"4589","10-Feb-1946",1946,"AUSTRALIA","Western Australia","City Beach, Perth"
"4590","10-Feb-1946",1946,"SOUTH AFRICA","KwaZulu-Natal","Battery Beach, Durban"
"4591","24-Jan-1946",1946,"SOUTH AFRICA","KwaZulu-Natal","Battery Beach, Durban"
"4592","24-Jan-1946",1946,"SOUTH AFRICA","KwaZulu-Natal","Battery Beach, Durban"
"4593","17-Jan-1946",1946,"AUSTRALIA","Queensland","Townsville"
"4594","07-Jan-1946",1946,"SOUTH AFRICA","Western Cape Province","False Bay"
"4595","05-Jan-1946",1946,"AUSTRALIA","New South Wales","Oatley Bay near Como, George’s River"
"4596","01-Jan-1946",1946,"SOUTH AFRICA","Eastern Cape Province","Pollock Beach, Port Elizabeth"
"4597","1946",1946,"SOUTH AFRICA","Western Cape Province","Plettenberg Bay"
"4598","1946",1946,"SOUTH AFRICA","Western Cape Province","Table Bay"
"4599","1946",1946,"PERSIAN GULF","""Head of the Gulf""",""
"4600","23-Sep-1945",1945,"HONG KONG","","Tweed Beach"
"4601","19-Sep-1945",1945,"OKINAWA","",""
"4602","16-Sep-1945",1945,"JAPAN","Ryukyu",""
"4603","06-Sep-1945",1945,"IRAN","Shatt-al-Arab River","Bashamir"
"4604","19-Aug-1945",1945,"IRAN / IRAQ","Shatt-al-Arab River","Vicinity of Abadan"
"4605","06-Aug-1945",1945,"USA"," North Carolina","Ocracoke"
"4606","30-Jul-1945",1945,"PHILIPPINES","In transit between Tinian and Leyte","200 miles Leyte"
"4607","Jul-1945",1945,"JAVA","Northern Java","Off Cheribon"
"4608","15-Jun-1945",1945,"AUSTRALIA","Queensland","Trinity Beach, Cairns"
"4609","08-May-1945",1945,"USA","North Carolina","Ocracoke Inlet, Carteret County"
"4610","06-Mar-1945",1945,"SOUTH AFRICA","KwaZulu-Natal","Scottburgh"
"4611","05-Feb-1945",1945,"ISRAEL","Tel Aviv",""
"4612","1945",1945,"JAMAICA","",""
"4613","1945",1945,"CUBA","Havana Province","Cojimar"
"4614","1945",1945,"PANAMA","Colon Province","Mouth of Rio Dudio, 50 miles west of the city of Colon"
"4615","1945",1945,"IRAQ","Basrah","Shatt-al Arab River"
"4616","Between 18 & 22-Dec 1944",1944,"PHILIPPINES","300 miles east of Luzon","USS Hull DD-350 was one of 3 destroyers that capsized in Typhoon Cobra"
"4617","02-Dec-1944",1944,"USA","Florida","3 miles north of the inlet at Palm Beach"
"4618","08-Nov-1944",1944,"SIERRA LEONE","Western Area","Freetown"
"4619","01-Nov-1944",1944,"AUSTRALIA","Queensland","Maroochydore Beach"
"4620","26-Oct-1944",1944,"PHILIPPINES","",""
"4621","26-Oct-1944",1944," PHILIPPINES","Bernardino Strait near Gulf of Leyte",""
"4622","25-Oct-1944",1944,"PHILIPPINES","Off Samar Island in the Gulf of Leyte",""
"4623","25-Oct-1944",1944,"PHILIPPINES","","Off Cape Engano"
"4624","Reported 23-Oct-1944",1944,"AUSTRALIA","Queensland","Tewantin"
"4625","03-Sep-1944",1944,"USA","Maryland","North Beach"
"4626","Sep-1944",1944,"CARIBBEAN SEA","",""
"4627","20-Aug-1944",1944,"SOUTH AFRICA","KwaZulu-Natal","Margate"
"4628","22-Jul-144",1944,"SOUTH AFRICA","Western Cape Province","Hartenbos"
"4629","23-Jun-1944",1944,"NORTH PACIFIC OCEAN","","Aircraft went down on 6/12/1944. He survived on raft for 11 days and was 150 miles off Guam when rescued"
"4630","31-May-1944",1944,"USA","Florida","Atlantic Beach, Mayport,  Duval County"
"4631","Reported 24-May-1944",1944,"SAMOA","",""
"4632","04-May-1944",1944,"PANAMA","Caribbean Sea",""
"4633","Apr-1944",1944,"NICARAGUA","Lake Nicaragua (fresh water)",""
"4634","26-Mar-1944",1944,"SOUTH AFRICA","KwaZulu-Natal","Country Club Beach, Durban"
"4635","26-Mar-1944",1944,"SOUTH AFRICA","KwaZulu-Natal","North Beach, Durban"
"4636","14-Mar-1944",1944,"SOUTH AFRICA","KwaZulu-Natal","Country Club Beach, Durban"
"4637","27-Feb-1944",1944,"SOUTH AFRICA","Western Cape Province","False Bay"
"4638","18-Feb-1944",1944,"INDIA","","Triplicane Beach, Chennai"
"4639","20-Jan-1944",1944,"SOUTH AFRICA","KwaZulu-Natal","North Beach, Durban"
"4640","16-Jan-1944",1944,"AUSTRALIA","Western Australia","Cottesloe, Perth"
"4641","14-Jan-1944",1944,"AUSTRALIA","New South Wales","First Beach, Forster"
"4642","04-Jan-1944",1944,"SOUTH AFRICA","KwaZulu-Natal","North Beach, Durban"
"4643","Some time between Apr & Nov-1944",1944,"SOUTH PACIFIC OCEAN","",""
"4644","1944",1944,"ITALY","Adriatic Sea",""
"4645","1944",1944,"NEW GUINEA","Pacific Ocean",""
"4646","12-Dec-1943",1943,"SOUTH AFRICA","KwaZulu-Natal","Inyoni Rocks, Amazimtoti "
"4647","04-Dec-1943",1943,"USA","South Carolina","Off Charleston"
"4648","21-Nov-1943",1943,"SOUTH AFRICA","Eastern Cape Province","Kei River Mouth"
"4649","11-Nov-1943",1943,"PACIFIC OCEAN","Near the Fiji Islands","22º08'S  : 178º06'W"
"4650","26-Oct-1943",1943,"USA","Florida","Victim was on said to be on tanker that collided off Florida coast on 10-20-1943"
"4651","23-Sep-1943",1943,"PANAMA","Gulf of Panama","North shore of Rey Island, Las Perlas archipelago"
"4652","Aug-1943",1943,"ITALY","40 miles south of Naples ","Tyrrhenian Sea"
"4653","18-Jul-1943",1943,"USA","Florida","40 miles off Islamorada, near Cay Sal"
"4654","Jul-1943",1943,"PORTUGAL","","Sines"
"4655","Jul-1943",1943,"MEXICO","Veracruz","Villa del Mar Beach, Veracruz"
"4656","16-Jun-1943",1943,"AUSTRALIA","Tasmania","Triabunna"
"4657","27-May-1943",1943,"PACIFIC OCEAN","",""
"4658","17-May-1943",1943,"CENTRAL PACIFIC","","68 miles east of Wallis Island"
"4659","17-May-1943",1943,"CENTRAL PACIFIC","","68 miles east of Wallis Island"
"4660","14-May-1943",1943,"AUSTRALIA","Queensland","Off Brisbane"
"4661","Reported 01-May-1943",1943,"INDIAN OCEAN","",""
"4662","5-Apr-1943",1943,"USA","Hawaii","3 miles from shore off McGregor Point, Maui"
"4663","21-Mar-1943",1943,"SOUTH AFRICA","KwaZulu-Natal","North Beach, Durban"
"4664","14-Mar-1943",1943,"SIERRA LEONE","",""
"4665","02-Mar-1943",1943,"BRAZIL","","Near the Abrolhos Archipelago "
"4666","02-Mar-1943 to 07-Mar-1943",1943,"PAPUA NEW GUINEA","Morobe Province"," Huon Gulf"
"4667","26-Jan-1943",1943,"PACIFIC OCEAN","Northwest of Papua New Guinea",""
"4668","Summer 1943",1943,"MEXICO","Veracruz","Villa del Mar Beach, Veracruz"
"4669","1943",1943,"SOLOMON ISLANDS","","Guadalcanal"
"4670","1943",1943,"IRAQ","","River Tigris"
"4671","Fall 1943",1943,"USA","Hawaii","Midway Island, Northwestern Hawaiian Islands"
"4672","Fall 1943",1943,"USA","Hawaii","Midway Island, Northwestern Hawaiian Islands"
"4673","1943",1943,"USA","Hawaii","Midway, Northwestern Hawaiian Islands"
"4674","26-Dec-1942",1942,"AUSTRALIA","New South Wales","Bantry Bay, near Ironstone Point, Middle Harbor, Sydney"
"4675","28-Nov-1942",1942,"SOUTH AFRICA","KwaZulu-Natal","50 km off St. Lucia"
"4676","25-Nov-1942",1942,"SOUTH AFRICA","KwaZulu-Natal","Umkomaas"
"4677","16-Nov-1942",1942,"SOLOMON ISLANDS","","Battle of Guadalcanal"
"4678","21-Nov-1942",1942,"INDIAN OCEAN","","Bound from Cape Town for St. Helena"
"4679","13-Nov-1942",1942,"SOLOMON ISLANDS","","Off Guadalcanal"
"4680","13-Nov-1942",1942,"SOLOMON ISLANDS / VANUATU","","North of Guadalcanal, Solomon Islands while enroute to Vanuatu"
"4681","12-Nov-1942",1942,"SOLOMON ISLANDS","","Off Savo Island"
"4682","01-Nov-1942",1942,"SOUTH AFRICA","Western Cape Province","Clifton"
"4683","Nov-1942",1942,"PACIFIC OCEAN","Between Hawaii and U.S.A.",""
"4684","12-Oct-1942",1942,"SOLOMON ISLANDS","Makora-Ulawa Province","Cape Esperance (near Savo Islands)"
"4685","30-Sep-1942",1942,"ATLANTIC OCEAN","04.05N-13.23W",""
"4686","12-Sep-1942",1942,"ATLANTIC OCEAN","","360 miles north of Ascension Island"
"4687","12-Sep-1942",1942,"AUSTRALIA","Queensland","Trinity Beach, 17 km northwast of Cairns"
"4688","11-Sep-1942 to 16-Sep-1942",1942,"SOUTHWEST PACIFIC OCEAN","","Southwestern Pacific Base"
"4689","8-Aug-1942",1942,"SOLOMON ISLANDS","",""
"4690","12-Jul-1942",1942,"ATLANTIC OCEAN","",""
"4691","06-Jul-1942",1942,"ITALY","Liguria","Savona"
"4692","Reported 11-Jun-1942",1942,"BAY OF BENGAL","",""
"4693","Reported 08-Jun-1942",1942,"BRAZIL","",""
"4694","04-Jun-1942",1942,"USA","Midway Atoll",""
"4695","09-May-1942",1942,"AUSTRALIA","Queensland","Great Barrier Reef, off Cairns"
"4696","05-Apr-1942",1942,"INDIAN OCEAN","West of Ceylon (Sri  Lanka)","300 nm from shore"
"4697","08-Mar-1942",1942,"CUBA","Guantanamo Province","30 nm southeast of Guantanamo Bay"
"4698","04-Mar-1942",1942,"AUSTRALIA","New South Wales","George’s River"
"4699","18-Jan-1942",1942,"AUSTRALIA","New South Wales","Fairy Bower"
"4700","04-Jan-1942",1942,"AUSTRALIA","New South Wales","Egg Rock, Middle Harbor, Sydney"
"4701","Jan-1942",1942,"AUSTRALIA","New South Wales","Fairy Bower, near North Steyne"
"4702","1942",1942,"INDONESIA","East Java","Surabaya"
"4703","Winter 1942",1942,"AUSTRALIA","Tasmania","Off Big Friar Island"
"4704","Summer 1942",1942,"PHILIPPINES","Camiguin Island","2 kilometres off Sagay"
"4705","1942",1942,"SOUTH AFRICA","Western Cape Province","Simon’s Bay"
"4706","1942",1942,"SOUTH AFRICA","Western Cape Province","Simon's Bay"
"4707","1942",1942,"BAHAMAS","Cay Sal Bank","Anchored off the largest island in the group"
"4708","1942",1942,"MID-PACIFC OCEAN","(Southwestern Pacific)",""
"4709","1942",1942,"SOUTHWEST PACIFIC OCEAN","",""
"4710","1942",1942,"PANAMA","Panama City","Bella Vista Beach"
"4711","07-Dec-1941",1941,"SOUTH ATLANTIC OCEAN","",""
"4712","03-Dec-1941",1941,"AUSTRALIA","Western Australia","Carnarvon"
"4713","27-Nov-1941",1941,"SOUTH ATLANTIC OCEAN","Off Libya",""
"4714","27-Nov-1941",1941,"SOUTH ATLANTIC OCEAN","Off Libya",""
"4715","25-Nov-1941",1941,"SOUTH ATLANTIC OCEAN","North of Pernambuco, Brazil",""
"4716","19-Nov-1941",1941,"AUSTRALIA","Western Australia","Shark Bay"
"4717","25-Sep-1941",1941,"CARIBBEAN SEA","","125 nm north of Aruba"
"4718","Reported 21-Aug-1941",1941,"USA","New York","Montauk"
"4719","05-Aug-1941",1941,"AUSTRALIA","New South Wales","Parramata River"
"4720","01-Aug-1941",1941,"USA","South Carolina","Sullivan's Island at entrance to Charleston Harbor"
"4721","22-Jul-1941",1941,"USA","New Jersey","Brielle, Monmouth County (Offshore)"
"4722","01-Jul-1941",1941,"USA","Hawaii","Nankuli, O'ahu"
"4723","15-Jun-1941",1941,"USA","New York","15 miles south of Jones Inlet"
"4724","Jun-1941",1941,"PACIFIC OCEAN","Off coast of Ecuador","Between Esmeraldas & Salinas"
"4725","24-Mar-1941",1941,"SOUTH ATLANTIC OCEAN","","750 miles off the African coast"
"4726","09-Mar-1941",1941,"USA","California","Santa Monica, Los Angeles County"
"4727","13-Feb-1941",1941,"AUSTRALIA","New South Wales","Wollongong"
"4728","01-Feb-1941",1941,"JAMAICA","Trelawney Province","Bogue (near Falmouth)"
"4729","29-Jan-1941",1941,"SOUTH ATLANTIC OCEAN","In Convoy OB 274","Off Sierra Leone"
"4730","Jan-1941",1941,"ATLANTIC OCEAN","",""
"4731","1941",1941,"SOLOMON ISLANDS","New Georgia","Munda"
"4732","1941",1941,"IRAN","Khuzestan Province","Ahvaz, on the Karun River"
"4733","1941",1941,"IRAN","Khuzestan Province","Ahvaz, on the Karun River"
"4734","1941",1941,"IRAN","Khuzestan Province","Ahvaz, on the Karun River"
"4735","1941",1941,"IRAN","Khuzestan Province","Ahvaz, on the Karun River"
"4736","1941",1941,"IRAN","Khuzestan Province","Ahvaz, on the Karun River"
"4737","1941",1941,"PAPUA NEW GUINEA","","Gaire Village, between Rigo & Port Moresby"
"4738","28-Dec-1940",1940,"AUSTRALIA","New South Wales","Stockton Beach, Newcastle"
"4739","20-Dec-1940",1940,"SOUTH AFRICA","KwaZulu-Natal","Inyoni Rocks, South Coast"
"4740","Reported 19-Dec-1940",1940,"AUSTRALIA","Queensland","Double Island Beach"
"4741","10-Dec-1940",1940,"AUSTRALIA","Northern Territory","Darwin"
"4742","Sep-1940",1940,"PANAMA","Panama Bay (Pacific Ocean)","Otoque Island"
"4743","13-Jul-1940",1940,"USA","South Carolina","Folly Beach, Charleston County"
"4744","13-Jul-1940",1940,"USA","South Carolina","Folly Beach, Charleston County"
"4745","30-Jun-1940",1940,"USA","North Carolina","Holden Beach, Brunswick County"
"4746","31-Mar-1940",1940,"SOUTH AFRICA","KwaZulu-Natal","Danger Pool, Winkelspruit, South Coast"
"4747","20-Mar-1940",1940,"AUSTRALIA","New South Wales","Gerringong"
"4748","22-Feb-1940",1940,"SOUTH AFRICA","KwaZulu-Natal","Inyoni Rocks, South Coast"
"4749","20-Feb-1940",1940,"AUSTRALIA","New South Wales","Sydney Harbour"
"4750","4-Feb-1940",1940,"AUSTRALIA","New South Wales","North Brighton, Botany Bay"
"4751","29-Jan-1940",1940,"AUSTRALIA","Queensland","Brisbane River"
"4752","23-Jan-1940",1940,"AUSTRALIA","New South Wales","North Brighton, Botany Bay"
"4753","15-Jan-1940",1940,"AUSTRALIA","Queensland","Surfers Paradise, near Southport"
"4754","07-Jan-1940",1940,"SOUTH AFRICA","KwaZulu-Natal","Warner Beach, South Coast"
"4755","01-Jan-1940",1940,"AUSTRALIA","Queensland","Malagil, Barrier Reef"
"4756","Ca. 1940",1940,"SLOVENIA","Adriatic Sea","Koper"
"4757","1940",1940,"NEW GUINEA","Bwagaoia","Bagalina, North coast Misima Island"
"4758","1940",1940,"PAPUA NEW GUINEA","Western Papuan Gulf","Kerema "
"4759","1940",1940,"SOUTH AFRICA","Eastern Cape Province","Kidd's Beach"
"4760","1940",1940,"SOUTH AFRICA","KwaZulu-Natal","Winkelspruit"
"4761","1940",1940,"SOUTH AFRICA","Eastern Cape Province","Kowie River Mouth, Port Alfred"
"4762","28-Dec-1939",1939,"AUSTRALIA","New South Wales","Cabramatta Creek, George’s River "
"4763","14-Dec-1939",1939,"AUSTRALIA","Queensland","Rubbish Dump Creek, Mackay"
"4764","23-Nov-1939",1939,"AUSTRALIA","New South Wales","Wollongong"
"4765","11-Nov-1939",1939,"AUSTRALIA","New South Wales","Maroubra"
"4766","09-Nov-1939",1939,"AUSTRALIA","New South Wales","Wollongong"
"4767","06-Nov-1939",1939,"AUSTRALIA","New South Wales","Wollongong"
"4768","Reported 02-Nov-1939",1939,"SAMOA","",""
"4769","Reported 25-Oct-1939",1939,"AUSTRALIA","Queensland","Near Restoration Rock off Portland Roads "
"4770","04-Oct-1939",1939,"USA","Hawaii","Kane'ohe Bay, Mokapu, O'ahu"
"4771","Reported 27-Sep-1939",1939,"AUSTRALIA","Torres Strait ","Near Mabuiag Island"
"4772","01-Aug-1939",1939,"USA","California","Off San Pedro, Los Angeles County"
"4773","18-Jul-1939",1939,"PACIFIC OCEAN","",""
"4774","16-Jul-1939",1939,"BAHAMAS","Andros Islands","Blue Hole"
"4775","14-Jul-1939",1939,"USA","Texas","West Bay, 19 miles from Galveston"
"4776","03-May-1939",1939,"USA","Virginia","At sea, several hundred miles south east of Cape Henry, Virginia"
"4777","12-Apr-1939",1939,"PAPUA NEW GUINEA","Morobe Province","Bulolol"
"4778","24-Mar-1939",1939,"PAPUA NEW GUINEA","Central Province","Port Moresby"
"4779","26-Feb-1939",1939,"INDIA","Tamil Nadu"," Chennai (formerly Madras)"
"4780","26-Feb-1939",1939,"NEW ZEALAND","North Island","Matakana River Mouth"
"4781","12-Jan-1939",1939,"AUSTRALIA","New South Wales","Clarence River"
"4782","Woirld War II",1939,"SRI LANKA","",""
"4783","Ca. 1939",1939,"BAHAMAS","Andros Islands","Middle Bight"
"4784","1939",1939,"VENEZUELA","Carabobo","El Falito, near Puerto Cabello"
"4785","1939",1939,"CURACAO","Ascension Bay",""
"4786","1939",1939,"PAPUA NEW GUINEA","Abau Sub District, Central Province","Aroma Passage"
"4787","27-Dec-1938",1938,"AUSTRALIA","New South Wales","North Beach, Belligen River"
"4788","05-Oct-1938",1938,"AUSTRALIA","Queensland","Between Wynnum & St. Helena Island"
"4789","29-Aug-1938",1938,"CHINA","North China","Outer harbor, Hong Kong"
"4790","18-Aug-1938",1938,"USA","California","Near Encino, Los Angeles County"
"4791","18-Jul-1938",1938,"USA","South Carolina","Charleston"
"4792","Reported 17-Jul-1938",1938,"TURKEY","",""
"4793","17-Jul-1938",1938,"USA","California","Dana Point, Orange County"
"4794","12-Jul-1938",1938,"AUSTRALIA","Torres Strait","Off Bathurst Island"
"4795","17-Jun-1938",1938,"NICARAGUA","Lower San Juan River",""
"4796","08-Jun-1938",1938,"AUSTRALIA","New South Wales","Manly"
"4797","26-May-1938",1938,"COSTA RICA","Nicoya Peninsula",""
"4798","15-May-1938",1938,"IRAQ","Basrah City","Ashar Canal, where people wash clothes & kitchen pans"
"4799","Reported 02-May-1938",1938,"INDIA","West Bengal","Hooghley River near Budge-Budge"
"4800","Reported 21-Mar-1938",1938,"FIJI","Viti Levu","Singatoka River"
"4801","08-Mar-1938",1938,"AUSTRALIA","Northern Territory","Liverpool River"
"4802","21-Jan-1938",1938,"AUSTRALIA","New South Wales","Tweed Heads"
"4803","18-Jan-1938",1938,"SOUTH AFRICA","KwaZulu-Natal","Vetch’s Pier, Durban"
"4804","14-Jan-1938",1938,"AUSTRALIA","New South Wales","Lady Martin’s Beach, Sydney Harbor"
"4805","02-Jan-1938",1938,"AUSTRALIA","New South Wales","Cronulla"
"4806","Reported 1938",1938,"EGYPT","","Mersa Matruh"
"4807","1938",1938,"TRINIDAD & TOBAGO","Trinidad","Manzanilla Bay, St. Andrew County"
"4808","1938",1938,"USA","North Carolina","On one of the sounds near Wilmington"
"4809","1938",1938,"AUSTRALIA","Torres Strait",""
"4810","1938",1938,"SOUTH AFRICA","KwaZulu-Natal","Bilanhlolo River Mouth, Ramsgate"
"4811","13-Nov-1937",1937,"USA","North Carolina","Off Cape Hatteraa"
"4812","11-Nov-1937",1937,"AUSTRALIA","Torres Strait ","Ota Reef"
"4813","Reported 06-Nov-1937",1937,"SOLOMON ISLANDS","",""
"4814","27-Oct-1937",1937,"AUSTRALIA","Queensland ","Kirra Beach, Coolangatta"
"4815","27-Oct-1937",1937,"AUSTRALIA","Queensland","Kirra Beach, Coolangatta"
"4816","24-Oct-1937",1937,"AUSTRALIA","New South Wales","Byron Bay "
"4817","24-Oct-1937",1937,"AUSTRALIA","New South Wales","Byron Bay "
"4818","Reported 26-Sep-t937",1937,"CROATIA"," Split-Dalmatia County","Bisk"
"4819","12-Sep-1937",1937,"SCOTLAND","Argyllshire","Arran"
"4820","11-Sep-1937",1937,"SCOTLAND","Arran","Fallen Rocks"
"4821","01-Sep-1937",1937,"SCOTLAND","Argyll","Carradale Bay, Kintyre Peninsula"
"4822","31-Aug-1937",1937,"AUSTRALIA","Torres Strait","Mabuiag Island, between New Guinea & Australia"
"4823","16-Aug-1937",1937,"TURKEY","","Istanbul"
"4824","02-Aug-1937",1937,"PANAMA","Colon Province","Limon Bay"
"4825","Reported 16-Jul-1937",1937,"AUSTRALIA","Northern Territory","Elcho Island"
"4826","07-Jul-1937",1937,"ITALY","Liguria","Borgeo Verezzi"
"4827","Reported 28-Jun-1937",1937,"GREECE","","Salonika?"
"4828","15-Jun-1937",1937,"AUSTRALIA","New South Wales","Wallamba River, near entrance to Wallis Lake"
"4829","    15-Jun-1937",1937,"USA","Texas","Galveston"
"4830","30-May-1937",1937,"USA","Texas","Galveston"
"4831","15-May-1937",1937,"AUSTRALIA","Queensland","Ross River, Townsville"
"4832","26-Mar-1937",1937,"AUSTRALIA","New South Wales","South Cronulla"
"4833","09-Mar-1937",1937,"AUSTRALIA","Victoria","Port Melbourne"
"4834","13-Feb-1937",1937,"AUSTRALIA","New South Wales","Bar Beach, Newcastle"
"4835","11-Feb-1937",1937,"AUSTRALIA","New South Wales","Kempsey"
"4836","04-Feb-1937",1937,"AUSTRALIA","New South Wales"," Botany Bay "
"4837","03-Feb-1937",1937,"AUSTRALIA","Queensland","Moreton Island"
"4838","1937",1937,"AUSTRALIA","South Australia","Port Germein"
"4839","27-Jan-1937",1937,"AUSTRALIA","New South Wales","Lake Conjola, near Milton"
"4840","1937",1937,"AUSTRALIA","Torres Strait",""
"4841","30-Dec-1936",1936,"USA","Hawaii","Honokohau, Maui"
"4842","19-Dec-1936",1936,"AUSTRALIA","Queensland","Brisbane River"
"4843","15-Dec-1936",1936,"AUSTRALIA","New South Wales","Newcastle Harbor"
"4844","12-Dec-1936",1936,"AUSTRALIA","New South Wales","Throsby Creek, Newcastle"
"4845","01-Dec-1936",1936,"AUSTRALIA","Victoria","Mordialloc"
"4846","27-Nov-1936",1936,"AUSTRALIA","Torres Strait","Near Thursday Island"
"4847","Reported 11-Sep-1936",1936,"VIETNAM","","Saigon"
"4848","04-Sep-1936",1936,"USA","Hawaii","Lahaina, Maui"
"4849","24-Aug-1936",1936,"AUSTRALIA","Torres Strait","Near Mabuiag Island"
"4850","13-Aug-1936",1936,"ICELAND","Fishing Grounds",""
"4851","11-Aug-1936",1936,"CANADA","Newfoundland","Georges Bank"
"4852","Reported 04-Aug-1936",1936,"AUSTRALIA","Torres Strait","Bathurst Island"
"4853","Aug-1936",1936,"USA","North Carolina","Pamlico Sound off Frisco, Dare County"
"4854","25-Jul-1936",1936,"USA","Massachusetts","Hollywood Beach, just above Mattapoisett Harbor, Buzzards Bay"
"4855","12-Jul-1936",1936,"USA","New Jersey","Long Branch, Monmouth County (offshore)"
"4856","07-Jul-1936",1936,"AUSTRALIA","Torres Strait","Off Nepean Island"
"4857","Jul-1936",1936,"SOUTH AFRICA","Western Cape Province","Cape Point"
"4858","26-Jun-1936",1936,"AUSTRALIA","Torres Strait","Nepean Island"
"4859","06-Jun-1936",1936,"USA","Florida","Boca Ciega Bay, Pinellas County"
"4860","22-Apr-1936",1936,"AUSTRALIA","Queensland","Arlington Reef near Cairns"
"4861","08-Ap-1936",1936,"AUSTRALIA","Queensland","Arlington Reef near Cairns"
"4862","30-Mar-1936",1936,"USA","Florida","Miami, Miami-Date County"
"4863","12-Mar-1936",1936,"AUSTRALIA","Torres Strait","Near Shelburne Bay, Queenland"
"4864","19-Mar-1936",1936,"AUSTRALIA","Queensland","Near Forbes Island, Barrier Reef"
"4865","04-Mar-1936",1936,"AUSTRALIA","Northern Territory","Between Cape Hotham & Darwin (50 miles from Darwin)"
"4866","23-Feb-1936",1936,"AUSTRALIA","New South Wales","Angourie, near Yamba"
"4867","Reported 20-Feb-1936",1936,"AUSTRALIA","Queensland","Brisbane River"
"4868","04-Feb-1936",1936,"AUSTRALIA","New South Wales","South Steyne, Manly"
"4869","22-Jan-1936",1936,"AUSTRALIA","South Australia","West Beach, near Adelaide"
"4870","05-Jan-1936",1936,"AUSTRALIA","Queensland","Main Beach, Southport"
"4871","Jan-1936",1936,"AUSTRALIA","New South Wales","North Bondi"
"4872","1936",1936,"AUSTRALIA","Victoria ","Port Phillip Bay, Port Melbourne"
"4873","23-Dec-1935",1935,"AUSTRALIA","Victoria","150 yards from the pier at Lorne"
"4874","13-Nov-1935",1935,"AUSTRALIA","Torres Strait","Barrier Reef near Innisfail"
"4875","21-Sep-1935",1935,"USA","North Carolina","Brown’s Inlet on New River, Onslow Beach"
"4876","Reported 04-Sep-1935",1935,"PAPUA NEW GUINEA","Central Province","Hula"
"4877","26-Aug-1935",1935,"AUSTRALIA","Queensland","At Flat Top, near Mackay"
"4878","24-Aug-1935",1935,"UNITED KINGDOM","Isle of Wight","Atherfield"
"4879","13-Aug-1935",1935,"AUSTRALIA","Torres Strait","Near Warrior Reefs, Queensland"
"4880","27-Jul-1935",1935,"USA","California","Santa Barbara Channel"
"4881","27-Jul-1935",1935,"USA","California","Santa Barbara Channel"
"4882","05-Jul-1935",1935,"PANAMA","","off Culebra"
"4883","01-Jul-1935",1935,"CROATIA","Adriatic Sea","Susak / Fiume (Rijeka, Istria)"
"4884","18-Jun-1935",1935,"USA","New Jersey","50 miles offshore"
"4885","Reported 05-Jun-1935",1935,"SOLOMON ISLANDS","Makira-Uluwa Province","Makira Island"
"4886","Jun-1935",1935,"AUSTRALIA","South Australia","Off Port Broughton"
"4887","Jun-1935",1935,"PAPUA NEW GUINEA","Northern (Oro) Province","Dobu Passage,  D'Entrecasteaux Islands (between Normanby & Fergusson Islands)"
"4888","19-May-1935",1935,"SOUTH AFRICA","KwaZulu-Natal","North Pier, Durban"
"4889","12-May-1935",1935,"AUSTRALIA","Torres Strait","On edge of reef near Warrior Island"
"4890","25-Apr-1935",1935,"AUSTRALIA","New South Wales","Coogee"
"4891","Reported 08-Apr-1935",1935,"USA","California","Hermosa Beach, Los Angeles County"
"4892","30-Mar-1935",1935,"AUSTRALIA","Queensland","Barrier Reef off Mackay"
"4893","Reported 25-Mar-1935",1935,"SOUTH AFRICA","KwaZulu-Natal","North Pier, Durban"
"4894","20-Mar-1935",1935,"AUSTRALIA","Torres Strait","Three Mile Reef off Lizard Island 50 miles north of Cooktown"
"4895","13-Mar-1935",1935,"AUSTRALIA","Queensland","Pimpana River"
"4896","11-Mar-1935",1935,"AUSTRALIA","New South Wales","Newcastle"
"4897","09-Mar-1935",1935,"AUSTRALIA","New South Wales","Maroubra Beach"
"4898","02-Mar-1935",1935,"AUSTRALIA","New South Wales","North Narrabeen Beach"
"4899","14-Feb-1935",1935,"AUSTRALIA","New South Wales","Austinmer"
"4900","24-Jan-1935",1935,"AUSTRALIA","New South Wales","Off Ben Buckler, near Sydney"
"4901","24-Jan-1935",1935,"AUSTRALIA","Queensland","Ross River, Townsville"
"4902","Reported 21-Jan-1935",1935,"ISRAEL","Herzliyah","Sidny Ali"
"4903","17-Jan-1935",1935,"AUSTRALIA","Queensland","Seaforth River, near MacKay"
"4904","31-Dec-1934",1934,"AUSTRALIA","New South Wales","George’s River at Kentucky"
"4905","31-Dec-1934",1934,"AUSTRALIA","New South Wales"," St. George’s River at Moorebank, near Milperra Bridge"
"4906","23-Dec-1934",1934,"AUSTRALIA","New South Wales","Woy Woy  on the Brisbane Waters"
"4907","23-Oct-1934",1934,"AUSTRALIA","New South Wales","Woy Woy on the Brisbane Waters"
"4908","09-Oct-1934",1934,"AUSTRALIA","Northern Territory","Redcliff, Cobourg Peninsula"
"4909","08-Oct-1934",1934,"BERMUDA","Hamilton","Hamilton Parish"
"4910","22-Oct-1934",1934,"AUSTRALIA","Torres Strait","Warrior Reefs"
"4911","08-Sep-1934",1934,"BERMUDA","Hamilton","Nine miles off Frasconi Flats"
"4912","27-Aug-1934",1934,"ITALY","Sicily","Catania"
"4913","Reported 26-Aug-1934",1934,"ITALY / CROATIA","","Kralievica"
"4914","26-Aug-1934",1934,"AUSTRALIA","Queensland","Off Eva Island 20 miles from Cardwell"
"4915","21-Aug-1934",1934,"CROATIA","Adriatic Sea","Susak (Rijeka, Istria)"
"4916","05-Aug-1934",1934,"USA","Georgia","Thunderbolt, Chatham County"
"4917","11-Jul-1934",1934,"AUSTRALIA","New South Wales","Cronulla"
"4918","  21-Jun-1934",1934,"AUSTRALIA","New South Wales","Off Mooloolabah"
"4919","20-Jun-1934",1934,"USA","Florida","Melbourne, Brevard County"
"4920","15-Apr-1934",1934,"AUSTRALIA","Queensland","Elephant Rock, Currumbin near Southport"
"4921","01-Apr-1934",1934,"SOUTH AFRICA","KwaZulu-Natal","Granny’s Pool, Winkelspruit"
"4922","01-Apr-1934",1934,"SOUTH AFRICA","KwaZulu-Natal","Danger Pool, Winkelspruit"
"4923","01-Apr-1934",1934,"AUSTRALIA","New South Wales","North Steyne"
"4924","12-Mar-1934",1934,"AUSTRALIA","New South Wales","Dee Why, north of Queenscliff "
"4925","Mar-1934",1934,"AUSTRALIA","New South Wales","Cronulla"
"4926","24-Feb-1934",1934,"AUSTRALIA","Torres Strait","Adolphus Channel"
"4927","22-Feb-1934",1934,"CHILE","Elqui Province","Coquimbo"
"4928","Reported 08-Feb-1934",1934,"TURKEY","Istanbul","Haydarpasa jetty, Istanbul"
"4929","27-Jan-1934",1934,"AUSTRALIA","New South Wales","Lambeth Street Wharf, George’s River, East Hills (20 miles from river mouth)"
"4930","07-Jan-1934",1934,"AUSTRALIA","New South Wales","Queenscliff"
"4931","20-Nov-1933",1933,"AUSTRALIA","Torres Strait","Near Boydong Cay"
"4932","18-Nov-1933",1933,"AUSTRALIA","Queensland","Near Barrow Point"
"4933","Reported 25-Oct-1933",1933,"AUSTRALIA","Queensland","Off Bloomfield River"
"4934","Reported 27-Sep-1933",1933,"ISRAEL","","Nabi Rubin"
"4935","28-Aug-1933",1933,"USA","California","Hermosa Beach, Los Angeles County"
"4936","28-Aug-1933",1933,"USA","South Carolina","Pawley’s Island, north of Charleston"
"4937","Reported 26-Aug-1933",1933,"USA","Connecticut","Mystic River"
"4938","Reported 07-Jul-1933",1933,"USA","California","San Diego, San Diego County"
"4939","03-Jul-1933",1933,"AUSTRALIA","Western Australia","Broome"
"4940","21-Jun-1933",1933,"USA","South Carolina","North end of Morris Island at mouth of Charleston Harbor"
"4941","16-Jun-1933",1933,"USA","South Carolina","Folly Island, near Charleston"
"4942","13-Jun-1933",1933,"AUSTRALIA","Northern Territory","Darwin"
"4943","24-May-1933",1933,"BARBADOS","St Michael Parish","Off Pelican Island"
"4944","23-May-1933",1933,"AUSTRALIA","Queensland","Off Stradbroke Island"
"4945","Reported 08-Jun-1933",1933,"AUSTRALIA","Queensland","Currumbin"
"4946","03-May-1933",1933,"CUBA","Havana Province","Off Jaimanitas Yacht Club, Havana"
"4947","10-Apr-1933",1933,"USA","Florida","Miami Beach, Miami-Dade County"
"4948","26-Feb-1933",1933,"AUSTRALIA","New South Wales","Sydney"
"4949","Reported 15-Feb-1933",1933,"AUSTRALIA","Torres Strait","Barrow Point, 100 miles north of Cooktown, Queensland"
"4950","14-Feb-1933",1933,"AUSTRALIA","South Australia","Adelaide"
"4951","12-Feb-1933",1933,"AUSTRALIA","South Australia","Port River, Adelaide"
"4952","04-Jan-1933",1933,"AUSTRALIA","Queensland","Strand Beach, Kissing Point, Townsville"
"4953","Reported 11-Dec-1932",1932,"AUSTRALIA","Northern Territory","Arnhem Land"
"4954","Reported 09-Dec-1932",1932,"NEW ZEALAND","North Island","Mahurangi River Mouth"
"4955","08-Nov-1932",1932,"CUBA","",""
"4956","31-Oct-1932",1932,"AUSTRALIA","New South Wales","Redhead Beach, Newcastle"
"4957","11-Oct-1932",1932,"CAPE VERDE","Barlavento Islands","São Vicente "
"4958","Reported 26-Sep-1932",1932,"FIJI","Viti Levu Island","Navua"
"4959","30-Aug-1932",1932,"AUSTRALIA","New South Wales","Bondi"
"4960","30-Aug-1932",1932,"AUSTRALIA","New South Wales","Newcastle"
"4961","10-Aug-1932",1932,"USA","New Jersey","Offshore, between Mantoloking & Point Pleasant, Ocean County"
"4962","09-Aug-1932",1932,"AUSTRALIA","Torres Strait",""
"4963","06-Aug-1932",1932,"BAHAMAS","New Providence District","Nassau, New Providence Island"
"4964","Reported 14-Jul-1932",1932,"USA","Texas","Galveston"
"4965","02-Jul-1932",1932,"CANADA","Bay of Fundy","16 km west of Digby Gut"
"4966","28-Jun-1932",1932,"USA","New Jersey","10 miles offshore from Sea Isle City, Cape May County"
"4967","26-Jun-1932",1932,"USA","New Jersey","Off Ocean City, Cape May County"
"4968","20-Jun-1932",1932,"FIJI","Yasawa Islands","Nabukeru "
"4969","12-May-1932",1932,"AUSTRALIA","Torres Strait","Near Warrior Reefs"
"4970","May 1932",1932,"AUSTRALIA","Torres Strait","Thursday Island"
"4971","16-Apr-1932",1932,"PHILIPPINES","Manila","Fort Mills"
"4972","16-Apr-1932",1932,"PHILIPPINES","Manila","Fort Mills"
"4973","16-Feb-1932",1932,"USA","Hawaii","1 mile off Mala Wharf, Lahaina, Maui"
"4974","13-Feb-1932",1932,"AUSTRALIA","Queensland","Calliope River"
"4975","08-Feb-1932",1932,"PHILIPPINES","Manila","Fort Mills"
"4976","27-Jan-1932",1932,"AUSTRALIA","Queensland","Ipswich"
"4977","11-Jan-1932",1932,"AUSTRALIA","Victoria","Frankston"
"4978","06-Jan-1932",1932,"MEXICO","Baja California","Descano Point"
"4979","1932",1932,"SOUTH AFRICA","Eastern Cape Province","Kowie River Mouth, Port Alfred"
"4980","26-Nov-1931",1931,"AUSTRALIA","Torres Strait","Barrier Reef near Innisfail"
"4981","27-Sep-1931",1931,"JAMAICA","","East Beach, Kingsston"
"4982","21-Sep-1931",1931,"USA","Florida","Municipal Beach, West Palm Beach, Palm Beach County"
"4983","21-Sep-1931",1931,"USA","Florida","Municipal Beach, West Palm Beach, Palm Beach County"
"4984","02-Sep-1931",1931,"USA","Hawaii","Kahala, O'ahu"
"4985","31-Aug-1931",1931,"CUBA","Havana Province","Vedado Baths, Miramar, Havana"
"4986","30-Aug-1931",1931,"USA","Hawaii",""
"4987","27-Aug-1931",1931,"USA","New Jersey","1 mile ESE of Navesink, Monmouth County"
"4988","25-Aug-1931",1931,"CUBA","Havana Province","Miramar subdivision, Havana"
"4989","23-Aug-1931",1931,"CUBA","Havana Province","Miramar, Havana"
"4990","18-Aug-1931",1931,"USA","Texas","Off Brownsville"
"4991","Reported 06-Aug-1931",1931,"USA","New Jersey","Sandy Hook (ocean side), Monmouth County"
"4992","01-Aug-1931",1931,"AUSTRALIA","Queensland","Port Douglas"
"4993","Reported 28-Jul-1931",1931,"FIJI","Viti Levu Island","Tamavua River"
"4994","15-Jul-1931",1931,"USA","New Jersey","Sea Girt, Monmouth County"
"4995","14-Jun-1931",1931,"USA","Hawaii","Pearl Harbor, O'ahu"
"4996","13-Jun-1931",1931,"USA","Hawaii","Pearl Harbor, O'ahu"
"4997","Reported 04-Jun-1931",1931,"USA","Florida","Key West, Monroe County "
"4998","02-May-1931",1931,"AUSTRALIA","New South Wales","Kempsey"
"4999","22-Mar-1931",1931,"AUSTRALIA","Queensland","Ross River, Townsville"
"5000","16-Mar-1931",1931,"TURKEY","","Bakurköy, Istanbul"
"5001","06-Mar-1931",1931,"AUSTRALIA","South Australia","Encounter Bay"
"5002","10-Feb-1931",1931,"AUSTRALIA","New South Wales","Maroubra Beach"
"5003","24-Jan-1931",1931,"AUSTRALIA","Torres Strait","Near Thursday Island"
"5004","14-Jan-1931",1931,"AUSTRALIA","Torres Strait",""
"5005","07-Jan-1931",1931,"AUSTRALIA","Queensland","Yeppoon, near Ross Creek"
"5006","1931",1931,"TONGA","Niua ","Niuafo'ou Island "
"5007","1931",1931,"PAPUA NEW GUINEA","",""
"5008","25-Dec-1930",1930,"AUSTRALIA","New South Wales","Homebush Bay, Parramatta River, Sydney"
"5009","13-Dec-1930",1930,"AUSTRALIA","New South Wales","Sailor Bay, Middle Harbour, Sydney"
"5010","02-Dec-1930",1930,"AUSTRALIA","Victoria","Rosebud"
"5011","Dec-1930",1930,"AUSTRALIA","New South Wales","Parramata River"
"5012","30-Nov-1930",1930,"AUSTRALIA","Queensland","St. Helena Island, Moreton Bay"
"5013","Reported 26-Sep-1930",1930,"HONDURAS","Black River",""
"5014","1930",1930,"AZORES","",""
"5015","31-Aug-1930",1930,"AUSTRALIA","Western Australia","Geraldton"
"5016","16-Aug-1930",1930,"SPAIN","Canary Islands","El Escabonal, Tenerife "
"5017","06-Aug-1930",1930,"USA","Florida","Palm Beach Inlet, Palm Beach County"
"5018","19-Jul-1930",1930,"CUBA","Havana Province","LaPlaya Beach / Vedado, Havana"
"5019","11-Jul-1930",1930,"USA","Florida","Jensen Beach, Martin County"
"5020","04-Jun-1930",1930,"AUSTRALIA","Torres Strait","Near Mabuiag Island"
"5021","27-May-1930",1930,"USA","Texas","High Island"
"5022","Reported 11-May-1930",1930,"TURKEY","","Ye?ilköy"
"5023","11-May-1930",1930,"COSTA RICA","Limón Province","Off Porto Limon"
"5024","08-Apr-1930",1930,"SOUTH AFRICA","Eastern Cape Province","Bashee River"
"5025","Reported 07-Mar-1930",1930,"USA","Florida","70 miles off Tarpon Springs"
"5026","20-Feb-1930",1930,"AUSTRALIA","Torres Strait",""
"5027","15-Feb-1930",1930,"AUSTRALIA","Victoria","Middle Brighton, Port Phillip"
"5028","Reported 03-Feb-1930",1930,"AUSTRALIA","Western Australia","Onslow"
"5029","22-Jan-1930",1930,"MEXICO","Veracruz","Panuco River Mouth"
"5030","16-Jan-1930",1930,"SOUTH AFRICA","Western Cape Province","Melkbaai, False Bay"
"5031","Jan-1930",1930,"MAURITIUS","","Two miles from shore in Tamarind Bay"
"5032","1930",1930,"OKINAWA","",""
"5033","1930",1930,"SOUTH AFRICA","Eastern Cape Province","North End Beach, Port Elizabeth"
"5034","26-Dec-1929",1929,"AUSTRALIA","New South Wales","White Bay, near Bald Rock Jetty, Sydney Harbor "
"5035","21-Dec-1929",1929,"AUSTRALIA","Torres Strait","Thursday Island"
"5036","16-Dec-1929",1929,"AUSTRALIA","New South Wales","Collaroy"
"5037","13-Dec-1929",1929,"AUSTRALIA","Torres Strait","Thursday Island"
"5038","Reported 03-Dec-1929",1929,"AUSTRALIA","Queensland","Townsville"
"5039","29-Nov-1929",1929,"KIRIBATI","Phoenix Islands","Nikumaroro Island"
"5040","21-Nov-1929",1929,"CUBA","Cienfuegos Province","Cienfuegos"
"5041","20-Oct-1929",1929,"AUSTRALIA","Torres Strait","Near Badu Island"
"5042","02-Oct-1929",1929,"SPAIN","Valencia","Nasareth Beach"
"5043","01-Sep-1929",1929,"AUSTRALIA","Queensland","Ross River, Townsville"
"5044","05-Aug-1929",1929,"USA","South Carolina","Fort Moultrie"
"5045","29-Jul-1929",1929,"MEXICO","Tamaulipas","Tampico"
"5046","Reported 17-Jul-1929",1929,"CAPE VERDE","Santiago Island","Tarrafal"
"5047","23-Jun-1929",1929,"USA","Florida","Fort Pierce, St Lucie County"
"5048","31-May-1929",1929,"AUSTRALIA","Torres Strait",""
"5049","Reported 26-Apr-1929",1929,"AUSTRALIA","Queensland","Great Barrier Reef"
"5050","Reported 17-Apr-1929",1929,"AUSTRALIA","Queensland","Great Barrier Reef"
"5051","11-Apr-1929",1929,"AUSTRALIA","Queensland","Bribie Passage, Caloundra"
"5052","09-Apr-1929",1929,"AUSTRALIA","Torres Strait","Badu Island"
"5053","04-Apr-1929",1929,"AUSTRALIA","Torres Strait","Badu Island"
"5054","16-Mar-1929",1929,"USA","Florida","Sea Spray, Palm Beach"
"5055","12-Mar-1929",1929,"AUSTRALIA","Torres Strait","Near Dauan Island"
"5056","04-Mar-1929",1929,"AUSTRALIA","South Australia","Ardrossan"
"5057","04-Mar-1929",1929,"AUSTRALIA","South Australia","Ardrossan"
"5058","18-Feb-1929",1929,"AUSTRALIA","New South Wales","Maroubra Bay"
"5059","09-Feb-1929",1929,"AUSTRALIA","Western Australia","Glenelg"
"5060","08-Feb-1929",1929,"AUSTRALIA","New South Wales","Bondi"
"5061","27-Jan-1929",1929,"AUSTRALIA","Queensland","Alma Bay, Magnetic Island, Townsville"
"5062","14-Jan-1929",1929,"NEW ZEALAND","North Island","Miranda Head, Hauriki Gulf"
"5063","12-Jan-1929",1929,"AUSTRALIA","New South Wales","Bondi"
"5064","06-Jan-1929",1929,"TURKEY","","San Stefano"
"5065","05-Jan-1929",1929,"FIJI","Viti Levu Island","Suva Harbor"
"5066","Reported 1929",1929,"AUSTRALIA","New South Wales","Sydney Harbor"
"5067","Ca. 1929",1929,"AUSTRALIA","South Australia","Ardrossan"
"5068","1929",1929,"USA","Florida","Indian River area"
"5069","1929",1929,"AUSTRALIA","New South Wales","Garden Island, Sydney"
"5070","1929",1929,"USA","Florida","Cape Canaveral, Brevard County"
"5071","21-Dec-1928",1928,"AUSTRALIA","",""
"5072","18-Nov-1928",1928,"USA","New Jersey","Seabright, Monmouth County"
"5073","Reported 15-Nov-1928",1928,"INDIA","",""
"5074","12-Nov-1928",1928,"USA","Virginia","200 miles off Hampton Roads, Virginia, USA"
"5075","04-Nov-1928",1928,"PANAMA","Gulf of Panama","Taboga Island Bay"
"5076","Sep-1928",1928,"USA","Texas","Corpus Christi"
"5077","Reported 24-Aug-1928",1928,"USA","New Jersey","Off shore"
"5078","11-Jul-1928",1928,"AUSTRALIA","",""
"5079","Late Jul-1928",1928,"ITALY","Tuscany","Viareggio"
"5080","Reported 24-Jun-1928",1928,"USA","Florida","Daytona Beach, Volusia County"
"5081","27-May-1928",1928,"INDIA","",""
"5082","Reported 14-Apr-1928",1928,"AUSTRALIA","Queensland","Barrow Point, 100 miles north of Cooktown, Queensland"
"5083","14-Apr-1928",1928,"AUSTRALIA","New South Wales","Bondi"
"5084","09-Apr-1928",1928,"JAMAICA","","Coal wharf, Port Royal"
"5085","06-Apr-1928",1928,"AUSTRALIA","Queensland","Graceville"
"5086","04-Apr-1928",1928,"AUSTRALIA","New South Wales","Cooks Hill, Newcastle"
"5087","Reported 28-Mar-1928",1928,"AUSTRALIA","Queensland",""
"5088","20-Feb-1928",1928,"AUSTRALIA","Torres Strait","Near Barrow Point, Queensland"
"5089","Feb-1928",1928,"COSTA RICA","Near Puntarenas",""
"5090","Feb-1928",1928,"COSTA RICA","Near Puntarenas",""
"5091","27-Jan-1928",1928,"AUSTRALIA","Torres Strait","Deliverance Island"
"5092","21-Jan-1928",1928,"USA","Florida",""
"5093","Some time between 08-Jan-1928 & 21-Jan-1928",1928,"USA","Florida","Off Florida coast"
"5094","02-Jan-1928",1928,"SOUTH AFRICA","Eastern Cape Province","Salt Vlei, Port Alfred"
"5095","Jan-1928",1928,"SOUTH AFRICA","Eastern Cape Province","Kei River mouth"
"5096","1928",1928,"SOUTH AFRICA","KwaZulu-Natal","Tugela River Mouth"
"5097","28-Dec-1927",1927,"SOUTH AFRICA","Western Cape Province","Little Brak River"
"5098","03-Nov-1927",1927,"AUSTRALIA","New South Wales","Bradleys Head, Sydney "
"5099","25-Oct-1927",1927,"BRAZIL","Porto Seguro","90 miles off Albrohos Island"
"5100","12-Oct-1927",1927,"AUSTRALIA","New South Wales","Kiah Creek, Eden"
"5101","Oct-1927",1927,"FIJI","","a river"
"5102","03-Jul-1927",1927,"AUSTRALIA","New South Wales","Bellambi Reef"
"5103","29-May-1927",1927,"PHILIPPINES","Luzon Island","Bondoc Peninsula"
"5104","Reported 09-May 1927",1927,"AUSTRALIA","Queensland","Off Cairns"
"5105","20-Apr-1927",1927,"AUSTRALIA","Torres Strait","Near Thursday Island"
"5106","08-Apr-1927",1927,"AUSTRALIA","Queensland","Near Thursday Island"
"5107","11-Mar-1927",1927,"AUSTRALIA","New South Wales","Mereweather Beach"
"5108","14-Feb-1927",1927,"NICARAGUA","Salinas Bay","A shark was caught, its head severed from body and hung from the anchor davit onboard the U.S.S. Borie"
"5109","09-Feb-1927",1927,"AUSTRALIA","Queensland","Brisbane River"
"5110","Feb-1927",1927,"NEW ZEALAND","South Island","Menzies Bay, Banks Peninsula, "
"5111","20-Jan-1927",1927,"SOUTH AFRICA","Eastern Cape Province","Kidd’s Beach"
"5112","Reported 08-Jan-1927",1927,"USA","California","Catalina Channel, Los Angeles County"
"5113","03-Jan-1927",1927,"AUSTRALIA","New South Wales","Grey’s Point, Port Hacking"
"5114","1927",1927,"AUSTRALIA","New South Wales","15 miles up the Cataract River"
"5115","1927",1927,"AUSTRALIA","Torres Strait","Thursday Island"
"5116","Reported 02-Dec-1926",1926,"AUSTRALIA","Torres Strait","Palm Island"
"5117","17-Nov-1926",1926,"AUSTRALIA","Torres Strait","Near Thursday Island"
"5118","Reported 29-Oct-1926",1926,"PAPUA NEW GUINEA","Central Province","Roku Point"
"5119","23-Oct-1926",1926,"AUSTRALIA","New South Wales","Clarence River"
"5120","23-Oct-1926",1926,"BERMUDA","","18 miles southwest of Bermuda "
"5121","Reported 06-Sep-1926",1926,"PAPUA NEW GUINEA","","Near Port Moresby"
"5122","24-Aug-1926",1926,"USA","New Jersey","Seaside, Ocean County"
"5123","23-Jul-1926",1926,"ITALY","Golfo di Genova in the Ligurian Sea","Varazze"
"5124","12-Jul-1926",1926,"USA","New Jersey","20 miles off Seabright"
"5125","08-Jul-1926",1926,"USA","California","San Francisco Bay (or San Leandro Bay), near cannery, Alameda County"
"5126","03-Jul-1926",1926,"SPAIN","Sants-Montjic","Casa Antunez Beach, Barcelona"
"5127","18-May-1926",1926,"USA","Hawaii","Hale'iwa, O'ahu"
"5128","22-Apr-1926",1926,"SOUTH ATLANTIC OCEAN","South of the Equator ","Steamship bound from Cape Town to Philadelphia"
"5129","07-Apr-1926",1926,"USA","Hawaii","Hilo Bay Yacht Club, Hilo, Hawai'i"
"5130","17-Mar-1926",1926,"AUSTRALIA","South Australia","West Beach, Brighton"
"5131","26-Jan-1926",1926,"SOUTH AFRICA","Eastern Cape Province","Hamburg"
"5132","Jan-1926",1926,"AUSTRALIA","Victoria",""
"5133","Summer of 1926",1926,"MONACO","Bay of Monaco",""
"5134","1926",1926,"NEW ZEALAND","Cook Islands","Rarotonga"
"5135","1926",1926,"SINGAPORE","","Sea View Beach"
"5136","1926",1926,"SOUTH AFRICA","Western Cape Province","Mossel Bay"
"5137","22-Nov-1925",1925,"AUSTRALIA","Western Australia","Cottesloe Beach"
"5138","Nov-1925",1925,"USA","Puerto Rico","Condado Beach, San Juan"
"5139","Nov-1925",1925,"USA","Puerto Rico","Condado Beach, San Juan"
"5140","04-Sep-1925",1925,"SPAIN","Valencia ","Valencia"
"5141","03-Sep-1925",1925,"ENGLAND","Isle of Wight","Off Shanklin"
"5142","02-Aug-1925",1925,"USA","South Carolina","Folly Island, near Charleston"
"5143","15-Jun-1925",1925,"AUSTRALIA","Western Australia","Princess Royal Harbor, near King George’s Sound"
"5144","May 1925",1925,"USA","Puerto Rico","Condado Beach, San Juan"
"5145","07-Mar-1925 or 27-Mar-1925",1925,"AUSTRALIA","New South Wales","Coogee"
"5146","12-Mar-1925",1925,"AUSTRALIA","New South Wales","Newcastle Beach"
"5147","10-Mar-1925",1925,"PAPUA NEW GUINEA","Central Province","Hula"
"5148","Reported 27-Jan-1925",1925,"USA","Florida","Miami Beach, Miami-Dade County"
"5149","08-Jan-1925",1925,"CANADA","Vancouver","Second Narrows in Burrard Inlet"
"5150","1925",1925,"FIJI","Viti Levu Island","Suva Harbor, Suva"
"5151","25-Nov-1924",1924,"MEXICO","Tamaulipas","Tampico"
"5152","24-Nov-1924",1924,"PANAMA","2 to 3 miles off Taboguilla Island, Pacific Ocean","Pacific Anchorage off the Panama Canal"
"5153","21-Nov-1924",1924,"USA","Puerto Rico","Santurce"
"5154","Reported 31-Oct-1924",1924,"FRENCH POLYNESIA","Tuamotus","Rangiroa"
"5155","18-Oct-1924",1924,"AUSTRALIA","Victoria","Port Melbourne"
"5156","31-Jul-1924",1924,"USA","South Carolina","Folly Island, near Charleston"
"5157","14-Jul-1924",1924,"ENGLAND","Dorset","Weymouth"
"5158","04-Jul-1924",1924,"USA","California","Newport Beach, Orange County"
"5159","18-Jun-1924",1924,"USA","Florida","Bayboro, Pinellas County"
"5160","25-Apr-1924",1924,"AUSTRALIA","New South Wales","Kiama"
"5161","22-Apr-1924",1924,"PANAMA","150 miles offshore",""
"5162","20-Apr-1924",1924,"AUSTRALIA","Western Australia","Fremantle"
"5163","Reported 28-Mar-1924",1924,"SOLOMON ISLANDS","Central Province","Savo Island"
"5164","24-Mar-1924",1924,"SPAIN","Galica","Sisargas Islands"
"5165","13-Feb-1924",1924,"AUSTRALIA","New South Wales","Bronte"
"5166","08-Feb-1924",1924,"AUSTRALIA","Queensland","Currumbin"
"5167","29-Jan-1924",1924,"SOUTH AFRICA","KwaZulu-Natal","South Beach, Durban"
"5168","25-Jan-1924",1924,"SOUTH AFRICA","Eastern Cape Province","St. George’s Strand, Port Elizabeth"
"5169","09-Jan-1924",1924,"AUSTRALIA","New South Wales","Near Asbestos Works, Camellia, Parramatta River"
"5170","12-Dec-1923",1923,"AUSTRALIA","New South Wales","Murwillumbah, Tweed River"
"5171","02-Dec-1923",1923,"AUSTRALIA","New South Wales","Urunga, Belliger Heads"
"5172","23-Nov-1923",1923,"AUSTRALIA","Western Australia","Condon, 88 km NE of Port Hedland"
"5173","02-Nov-1923",1923,"AUSTRALIA","New South Wales","Bellinger Head"
"5174","20-Oct-1923",1923,"AUSTRALIA","New South Wales","Botany Bay, Sydney"
"5175","17-Oct-1923",1923,"AUSTRALIA","New South Wales"," Black Head, south of Taree"
"5176","16-Oct-1923",1923,"AUSTRALIA","Torres Strait","Near Thursday Island"
"5177","08-Aug-1923",1923,"GUYANA","Demerara County","Off the Demerara River "
"5178","Reported 02-Jul-1923",1923,"AUSTRALIA","Queensland","Great Barrier Reef"
"5179","16-Jun-1923",1923,"AUSTRALIA","New South Wales","Bellambi Reef"
"5180","06-Jun-1923",1923,"MEXICO","Vera Cruz","Outside Vera Cruz Harbor"
"5181","Reported 23-May-1923",1923,"AUSTRALIA","Western Australia","Southgates, near Geraldton"
"5182","22-May-1923",1923,"AUSTRALIA","Queensland","Great Barrier Reef"
"5183","18-Mar-1923",1923,"AUSTRALIA","Queensland","Ross River, Townsville"
"5184","Feb-1923",1923,"USA","Puerto Rico","San Juan"
"5185","27-Jan-1923",1923,"AUSTRALIA","Western Australia","Bunbury"
"5186","27-Jan-1923",1923,"AUSTRALIA","Western Australia","In Swan River at Freshwater Bay, Claremont, 5 miles from river mouth"
"5187","14-Jan-1923",1923,"CUBA","Caribbean Sea","20 miles from Havana"
"5188","1923",1923,"USA","New Jersey","Sea Bright, Monmouth County"
"5189","1923-1924",1923,"PHILIPPINES"," Manila Bay","Fort Drum"
"5190","1923",1923,"USA","New Jersey","Ocean City (offshore)"
"5191","1923",1922,"USA","New Jersey","Ocean City (offshore)"
"5192","14-Dec-1922",1922,"USA","Puerto Rico","San Juan"
"5193","05-Dec-1922",1922,"AUSTRALIA","Queensland","Pialba Beach near Maryborough"
"5194","29-Sep-1922",1922,"BARBADOS","Lucy","Pie Corner"
"5195","29-Oct-1922",1922,"AUSTRALIA","New South Wales","Botany Bay, Sydney"
"5196","28-Sep-1922",1922,"USA","Hawaii","Keawanui, Kamalo, Moloka'i"
"5197","Reported 26-Sep-1922",1922,"ENGLAND","East Yorkshire","Hornsea"
"5198","Reported 21-Sep-1922",1922,"USA","Massachusetts","Nahant"
"5199","19-Jul-1922",1922,"USA","Florida","Pablo Beach, Jacksonville, Duval County"
"5200","17-Jun-1922",1922,"USA","Florida","Municipal Pier, St. Petersburg, Tampa bay"
"5201","24-May 1922",1922,"JAMAICA","Westmoreland Parish","Savanna-la-Mar"
"5202","06-May-1922",1922,"SOUTH AFRICA","Western Cape Province","Simon’s Town, False Bay"
"5203","26-Apr-1922",1922,"AUSTRALIA","New South Wales","Hawkesbury River"
"5204","20-Mar-1922",1922,"JAMAICA","Kingston Parish","Kingston Harbor"
"5205","13-Mar-1922",1922,"JAMAICA","Kingston Parish","Kingston Harbor"
"5206","02-Mar-1922",1922,"AUSTRALIA","New South Wales","Coogee"
"5207","Reported 02-Feb-1922",1922,"AUSTRALIA","New South Wales","Bilgola Beach, Sydney"
"5208","04-Feb-1922",1922,"AUSTRALIA","New South Wales","Coogee "
"5209","Reported 28-Jan-1922",1922,"IRAQ","","Shatt-al Arab River"
"5210","15-Jan-1922",1922,"AUSTRALIA","Queensland","Ross River, Townsville"
"5211","13-Jan-1922",1922,"AUSTRALIA","New South Wales","Stockton Beach, Newcastle"
"5212","04-Jan-1922",1922,"AUSTRALIA","New South Wales","Stockton Beach, Newcastle"
"5213","11-Dec-1921",1921,"AUSTRALIA","Queensland","Fitzroy River at  Rockhampton"
"5214","27-Nov-1921",1921,"AUSTRALIA","Queensland","Gay’s Corner, Bulimba Reach of Brisbane River"
"5215","27-Nov-1921",1921,"AUSTRALIA","Queensland","Gay’s Corner, Bulimba Reach of Brisbane River"
"5216","Reported 15-Nov-1921",1921,"FIJI","Viti Levu Island","Rewa River"
"5217","12-Oct-1921",1921,"AUSTRALIA","Queensland","Off Hinchinbrook Island"
"5218","04-Oct-1921",1921,"AUSTRALIA","Queensland","Barrier Reef"
"5219","Sep-1921",1921,"ENGLAND","Dorset","Weymouth"
"5220","Reported 29-Aug-1929",1921,"AUSTRALIA","Torres Strait",""
"5221","28-Aug-1921",1921,"PHILIPPINES","Luzon Island","Fort Frank, Manila Bay"
"5222","21-Jul-1921",1921,"CUBA","","Havana Harbor"
"5223","Reported 11-Jan-1921",1921,"PHILIPPINES","Cavite Province, Luzon",""
"5224","29-Nov-1920",1920,"AUSTRALIA","Western Australia","Bunbury"
"5225","22-Aug-1921",1921,"HAITI","Cape Haitien","Marine Dock"
"5226","22-Nov-1920",1920,"AUSTRALIA","Western Australia","Cottesloe Beach"
"5227","04-Nov-1920",1920,"PHILIPPINES","Leyte",""
"5228","14-Jul-1920",1920,"USA","New York","Woodcliff Channel, Freeport, Long Island"
"5229","Reported 06-Jul-1920",1920,"AUSTRALIA","Torres Strait","200 miles from MacKay"
"5230","29-Jun-1920",1920,"USA","Florida","Englewood Beach, Charlotte County"
"5231","27-Jun-1920",1920,"CANADA","Halifax","Slaunwhite's Ledge, Hubbard Cove"
"5232","08-Mar-1920",1920,"AUSTRALIA","Queensland","Between Bay Rock & Magnetic Island, Cleveland Bay"
"5233","Reported 24-Jan-1920",1920,"AUSTRALIA","Torres Strait",""
"5234","03-Feb-1920",1920,"SOUTH AFRICA","Eastern Cape Province","Zwartkops River"
"5235","Reported 24-Jan-1920",1920,"AUSTRALIA","Torres Strait","Arlington Reef"
"5236","15-Jan-1920",1920,"AUSTRALIA","New South Wales","Throsby Creek, Newcastle"
"5237","1920s",1920,"JAMAICA","Westmoreland Parish","Savanna-la-Mar"
"5238","1920",1920,"NEW ZEALAND","North Island","Stanley Bay, Auckland Harbor"
"5239","1920",1920,"SOUTH AFRICA","KwaZulu-Natal","Tugela River"
"5240","Reported 30-Dec-1919",1919,"AUSTRALIA","Queensland","Brible Island"
"5241","07-Dec-1919",1919,"AUSTRALIA","New South Wales","Pelican Island, Macleay River"
"5242","18-Nov-1919",1919,"AUSTRALIA","Northern Territory","Darwin"
"5243","12-Sep-1919",1919,"COSTA RICA","Turtle Bogue","Where Colorado River enters the sea"
"5244","10-Aug-1919",1919,"USA","Florida","Gadsden Point, Tampa Bay"
"5245","29-May-1919",1919,"USA","South Carolina","James Island Sound, Charleston"
"5246","06-Apr-1919",1919,"USA","Florida","Florida Keys 25ºN,82ºW"
"5247","16-Mar-1919",1919,"AUSTRALIA","New South Wales","Sydney Harbor"
"5248","17-Jan-1919",1919,"AUSTRALIA","New South Wales","Newcastle Beach"
"5249","15-Jan-1919",1919,"NEW ZEALAND","South Island","Tahuna Beach, Nelson"
"5250","09-Jan-1919",1919,"AUSTRALIA","New South Wales","Sirius Cove, Sydney Harbor"
"5251","05-Jan-1919",1919,"AUSTRALIA","Queensland","Ross River, Townsville"
"5252","Reported to have taken place in 1919",1919,"ITALY","","Savona"
"5253","1919",1919,"USA","Florida","Near Panama City, Bay County"
"5254","Nov-1918",1918,"USA","Hawaii","Papaikou plantation "
"5255","Nov-1918",1918,"SAN DOMINGO","60 miles north of San Domingo in the West Indies","Muchoir Banks"
"5256","19-Sep-1918",1918,"AUSTRALIA","Queensland","Townsville"
"5257","22-Mar-1918",1918,"AUSTRALIA","New South Wales","Newcastle"
"5258","1918",1918,"AUSTRALIA","Queensland","Near Cairns"
"5259","15-Dec-1917",1917,"AUSTRALIA","Western Australia","Port Hedland"
"5260","Nov-1917",1917,"MOZAMBIQUE","Maputo Province","Off Inhaca Island"
"5261","21-Sep-1917",1917,"USA","New Jersey","Sea Bright, Monmouth County"
"5262","09-Sep-1917",1917,"USA","Hawaii","Nanakuli, Oah’u"
"5263","Sep-1917",1917,"PANAMA","Colon",""
"5264","18-Jul-1917",1917,"USA","Florida","Florida Keys "
"5265","15-Jul-1917",1917,"IRELAND","Off Ireland","82 miles from Fastnet"
"5266","03-Jun-1917",1917,"USA","South Carolina","Calibogue Sound"
"5267","31-May-1917",1917,"PHILIPPINES","Luzon Island","Canacao Bay"
"5268","Reported 05-May-1917",1917,"KUWAIT","",""
"5269","1917",1917,"LIBYA","Mediterranean Sea","Tripoli"
"5270","30-Dec-1916",1916,"AUSTRALIA","Queensland","Yeppoon, near Ross Creek"
"5271","08-Dec-1916",1916,"AUSTRALIA","New South Wales","Seven Shillings Beach, Middle Harbor, Sydney (Estuary)"
"5272","08-Dec-1916",1916,"AUSTRALIA","New South Wales","Seven Shillings Beach, Middle Harbor, Sydney (Estuary)"
"5273","15-Nov-1916",1916,"PANAMA","","Panama Canal"
"5274","10-Nov-1916",1916,"AUSTRALIA","Queensland","Townsville"
"5275","09-Nov-1916",1916,"AUSTRALIA","Queensland","Kissing Point Camp, Townsville"
"5276","11-Oct-1916",1916,"USA","Florida","Sewell’s Point, near Palm Beach"
"5277"," 24-Aug-1916",1916,"USA","Louisiana","Grand Lake"
"5278","26-Jul-1916",1916,"USA","North Carolina","Atlantic, near New Bern, Craven County"
"5279","13-Jul-1916",1916,"USA","New York","Sheepshead Bay, Brooklyn"
"5280","13-Jul-1916",1916,"USA","New York","Sheepshead Bay, Brooklyn"
"5281","12-Jul-1916",1916,"USA","New Jersey","In Matawan Creek, off NJ Clay Company brickyards at Cliffwood, Monmouth County, 9.5 miles from the sea, Monmouth County"
"5282","12-Jul-1916",1916,"USA","New Jersey","Matawan Creek, 10 miles from the sea, Monmouth County"
"5283","12-Jul-1916",1916,"USA","New Jersey","Matawan Creek, 10 miles from the sea, Monmouth County"
"5284","11-Jul-1916",1916,"BAHAMAS","","50 miles off Bahamas"
"5285","08-Jul-1916",1916,"SPAIN","Gran Canaria","Las Palmas"
"5286","07-Jul-1916",1916,"PHILIPPINES","Luzon Island","Olongapo Harbor, Subic Bay"
"5287","06-Jul-1916",1916,"USA","New Jersey","Spring Lake, Monmouth County"
"5288","01-Jul-1916",1916,"USA","New Jersey","Beach Haven, Ocean County"
"5289","30-Jun-1916",1916,"USA","New Jersey","Atlantic City, Atlantic County"
"5290","Reported 24-Jun-1916",1916,"ATLANTIC OCEAN","",""
"5291","23-Jun-1916",1916,"USA","Florida",""
"5292","Reported 25-Apr-1916",1916,"AUSTRALIA","New South Wales","Manley Beach"
"5293","03-Apr-1916",1916,"AUSTRALIA","Victoria","Carrum"
"5294","19-Mar-1916",1916,"AUSTRALIA","New South Wales","Curl Curl"
"5295","Reported 09-Dec-1915",1915,"AUSTRALIA","Torres Strait"," Thursday Island"
"5296","10-Nov-1915",1915,"AUSTRALIA","Queensland","Cabbage Tree Creek, Sandgate"
"5297","08-Nov-1914",1915,"AUSTRALIA","New South Wales","Manly"
"5298","03-Aug-1915",1915,"USA","Florida","St. Augustine, St Johns County"
"5299","Reported 06-Jul-1915",1915,"MEXICO","Tamaulipas","Tampico"
"5300","Reported 06-Jul-1915",1915,"MEXICO","","Santa Maria Bar"
"5301","Reported 15-May-1915",1915,"EGYPT","","Alexandria"
"5302","29-Mar-1915",1915,"AUSTRALIA","Torres Strait","Near Thursday Island"
"5303","06-Feb-1915",1915,"AUSTRALIA","Queensland","Wynnum-Manley"
"5304","13-Jan-1915",1915,"NEW ZEALAND","North Island","Otaki"
"5305","01-Jan-1915",1915,"AUSTRALIA","New South Wales","Sirius Cove, Sydney Harbor"
"5306","Ca. 1915",1915,"USA","Florida","Soldier Key, Miami-Dade County"
"5307","Reported 04-Dec-1914",1914,"AUSTRALIA","Queensland","Magnetic Island"
"5308","17-Oct-1914",1914,"SAMOA","Apolima Strait","Opposite Apelima &  Manona"
"5309","Reported 26-Sep-1914",1914,"JAMAICA","Kingston Parish","Port Royal"
"5310","09-Sep-1914",1914,"USA","Louisiana","Lake Pontchartrain"
"5311","Reported 15-Jul-1914",1914,"CROATIA","Zadar County","Biograd na moru"
"5312","Reported 09-Jul-1914",1914,"USA","Louisiana","New Orleans"
"5313","07-Jul-1914",1914,"CROATIA"," Primorje-Gorski Kotar County","Rijeka"
"5314","13-Jun-1914",1914,"MONTENEGRO","Adriatic Sea","Between St. Stjepan and Budva"
"5315","10-Jun-1914",1914,"AUSTRALIA","Victoria","Sandringham"
"5316","31-May-1914",1914,"NEW CALEDONIA","South Province","Noumea"
"5317","14-May-1914",1914,"USA","Florida","Boca Ciega Bay, Pinellas County"
"5318","Reported 14-Mar-1914",1914,"USA","Florida","St. Augustine, St Johns County"
"5319","Reported 10-Mar-1914",1914,"GUYANA","Essequibo","Essequibo River Mouth"
"5320","03-Mar-1914",1914,"USA","Hawaii","Honomu, Hawai'i"
"5321","Reported 09-Feb-1914",1914,"AUSTRALIA","South Australia","Marion Bay"
"5322","  03-Feb-1914",1914,"AUSTRALIA","New South Wales","Paramatta River"
"5323","Reported 17-Jan-1914",1914,"AUSTRALIA","Queensland","Brisbane"
"5324","1914",1914,"SOUTH AFRICA","KwaZulu-Natal","Durban"
"5325","Reported 30-Dec-1913",1913,"USA","Florida","Palm Beach, Palm Beach County"
"5326","Reported 26-Dec-1913",1913,"CUBA","","off Neuvitas"
"5327","27-Nov-1913",1913,"NIGERIA","Lagos ","Lagos"
"5328","21-Nov-1913",1913,"AUSTRALIA","Queensland","Sandgate Jetty, Brisbane"
"5329","21-Sep-1913",1913,"USA","Florida","West Palm Beach, Palm Beach County"
"5330","03-Sep-1913",1913,"CROATIA","Istria County","Pula"
"5331","Reported 27-Aug-1913",1913,"USA","New Jersey","Lavalette, Ocean County"
"5332","Reported 27-Aug-1913",1913,"USA","New Jersey","Spring Lake, Monmouth County"
"5333","26-Aug-1913",1913,"ITALY","Trieste",""
"5334","12-July-1913",1913,"USA","South Carolina","Charleston"
"5335","Reported 10-Jul-1913",1913,"COSTA RICA","","Port Limon"
"5336","21-May-1913",1913,"USA","Florida","John's Pass, Pinellas County"
"5337","02-May-1913",1913,"AUSTRALIA","New South Wales",""
"5338","27-Mar-1913",1913,"SAMOA","Upolu Island","Apia Harbor"
"5339","Jan-1913",1913,"AUSTRALIA","Torres Strait","Thursday Island"
"5340","1913",1913,"REUNION","Saint-Denis","Barachoise bridge"
"5341","1913",1913,"REUNION","5aint-Denis","Barachois"
"5342","1913",1913,"AUSTRALIA","Victoria","Brighton"
"5343","Reported 30-Nov-1912",1912,"PHILIPPINES","",""
"5344","30-Aug-1912",1912,"USA","Georgia","Tybee Island, Chatham County"
"5345","23-Jul-1912",1912,"USA","South Carolina","Sullivan's Island"
"5346","Reported 06-Jul-1912",1912,"SOLOMON ISLANDS","Central Province","Savo"
"5347","04-May-1912",1912,"SOUTH AFRICA","KwaZulu-Natal","Durban"
"5348","18-Mar-1912",1912,"NEW ZEALAND","North Island","Takapuna"
"5349","22-Feb-1912",1912,"AUSTRALIA","Western Australia","Bunbury"
"5350","19-Feb-1912",1912,"AUSTRALIA","New South Wales","Coogee"
"5351","03-Feb-1912",1912,"NEW CALEDONIA","South Province","Noumea"
"5352","26-Jan-1912",1912,"AUSTRALIA","New South Wales","Fig Tree Bridge, Lane Cove River, near Sydney "
"5353","Reported 13-Jan-1912",1912,"FIJI","Viti Levu group","Beqa"
"5354","06-Jan-1912",1912,"AUSTRALIA","New South Wales","Sydney Harbor"
"5355","01-Jan-1912",1912,"AUSTRALIA","Queensland","Ross Creek"
"5356","1912",1912,"SPAIN","Balearics","Isla Cabrera"
"5357","08-Nov-1911",1911,"USA","Florida","Pensacola Bay, Escambia County"
"5358","26-Oct-1911",1911,"USA","South Carolina","Off Charleston"
"5359","25-Oct-1911",1911,"AUSTRALIA","Queensland","Great Barrier Reef"
"5360","23-Sep-1911",1911,"USA","Texas","Galveston Ship Channel"
"5361","20-Sep-1911",1911,"USA","Florida","Pensacola Bay, Escambia County"
"5362","17-Sep-1911",1911,"USA","Florida","Pablo Beach, Jacksonville, Duval County"
"5363","Reported 31-Jul-1911",1911,"SPAIN","Málaga ","Ceuta"
"5364","Reported 16-Jul-1911",1911,"USA","Delaware","Delaware Lightship"
"5365","09-May-1911",1911,"SOUTH AFRICA","Western Cape Province","Victoria Bay"
"5366","Reported 01-May-1911",1911,"USA","Texas","Rockport, Aransas County"
"5367","01-May-1911",1911,"SOUTH AFRICA","Western Cape Province","Victoria Bay"
"5368","Reported 08-Apr-1911",1911,"NEW ZEALAND","Chatham Islands",""
"5369","Reported 29-Mar-1911",1911,"AUSTRALIA","Torres Strait","Thursday Island"
"5370","04-Jan-1911",1911,"AUSTRALIA","Western Australia","Off Legendre Island"
"5371","1911",1911,"USA","Texas","Texas City, Galveston"
"5372","Ca. 1911",1911,"NEW ZEALAND","North Island","Manukau Harbor, 6 miles south of Auckland"
"5373","Reported 25-Dec-1910",1910,"CROATIA"," Primorje-Gorski Kotar County","Rijeka"
"5374","Reported 23-Dec-1910",1910,"AUSTRALIA","Western Australia","Fremantle"
"5375","28-Nov-1910",1910,"NORTH ATLANTIC OCEAN","Georges Bank",""
"5376","24-Nov-1910",1910,"AUSTRALIA","Queensland","Mackay"
"5377","Reported 25-Jun-1910",1910,"MEXICO","","LaBarra"
"5378","Reported 08-Jun-1910",1910,"MOZAMBIQUE","Zambesi River","Portuguese territory"
"5379","Reported 16-May-1910",1910,"USA","Alabama","Off Fort Gaines, Dauphin Island, Mobile County"
"5380","31-Mar-1910",1910,"PANAMA","Colón Province","Cristobal"
"5381","08-Mar-1910",1910,"NEW ZEALAND","North Island","Waikanae Beach, Gisborne"
"5382","Mar-1910",1910,"USA","Hawaii","Pearl Harbor, O'ahu"
"5383","  16-Feb-1910",1910,"AUSTRALIA","Western Australia","Bunbury"
"5384","26-Jan-1910",1910,"AUSTRALIA","New South Wales","Newcastle Harbor"
"5385","1910",1910,"USA","Hawaii","Hilo, Hawai'i"
"5386","1910",1910,"PHILIPPINES","Luzon Island","Polinao Point, Manila"
"5387","Reported 26-Nov-1909",1909,"USA","Florida","16 miles north of Fort Pierce Inlet, Indian River County "
"5388","Reported 15-Dec-1909",1909,"AUSTRALIA","New South Wales","20 miles off Sydney"
"5389","05-Dec-1909",1909,"AUSTRALIA","New South Wales","Bondi"
"5390","14-Nov-1909 to 19-Nov-1909",1909,"INDONESIA","30 nm from Singapore","Rhio Strait"
"5391","Reported 04-Sep-1909",1909,"USA","Delaware","Lewes, Sussex County"
"5392","13-Aug-1909",1909,"USA","Florida","Pensacola Bay, Escambia County"
"5393","24-Jul-1909",1909,"USA","New York","Rockaway"
"5394","15-Jul-1909",1909,"USA","Florida","Panama City, Bay County"
"5395","Reported 26-Jun-1909",1909,"MEXICO","Guerrero","Zacatula"
"5396","26-Jun-1909",1909,"SOUTH AFRICA","Western Cape Province","Cape Town"
"5397","18-Jun-1909",1909,"AUSTRALIA","Queensland","Middleton Reef, 300 nm from Brisbane"
"5398","Reported 27-Apr-1909",1909,"SPAIN","Andalucia","Puente Mayorga, San Roque, Cádiz"
"5399","10-Apr-1909",1909,"USA","Hawaii","Pa'uwela, Maui"
"5400","Reported 09-Apr-1909",1909,"TUNISIA","Sfax",""
"5401","06-Mar-1909",1909,"SOUTH AFRICA","South Atlantic Ocean","Possession Island"
"5402","Jan-1909",1909,"ITALY","Sicily","Off Capo San Croce, near Augusta (Catania)"
"5403","1909",1909,"AUSTRALIA","New South Wales","Woy Woy"
"5404","31-Dec-1908",1908,"SOUTH AFRICA","Western Cape Province","Stilbaai"
"5405","Reported 16-Dec-1908",1908,"MEXICO","Quintana Roo",""
"5406","   21-Sep-1908",1908,"AUSTRALIA","Torres Strait","Thursday Island"
"5407","05-Sep-1908",1908,"USA","California","Redondo, Los Angeles County"
"5408","Reported 28-Aug-1908",1908,"SPAIN","Galicia","Cape Finisterre"
"5409","Reported 18-Jul-1908",1908,"SPAIN","Canary Islands","Tazacorte, La Palma"
"5410","Reported 08-Jul-1908",1908,"CROATIA","Adriatic Sea","Medola"
"5411","18-Jun-1908",1908,"EGYPT","Gulf of Suez","Off Ras Gharib"
"5412","08-Jun-1908",1908,"USA","Georgia",""
"5413","Reported 02-Jun-1908",1908,"PAPUA NEW GUINEA","New Britain","Matupi"
"5414","13-May-1908",1908,"INDONESIA","Java","Jakarta Harbor"
"5415","10-May-1908",1908,"USA","Florida"," Marathon, Monroe County"
"5416","08-Jan-1908",1908,"USA","Hawaii","Mana, Kaua'i"
"5417","21-Dec-1907",1907,"AUSTRALIA","New South Wales","Middle Harbour, Sugarloaf Bay, Sydney (Estuary)"
"5418","Reported 18-Oct-1907",1907,"AUSTRALIA","Torres Strait","Near Thursday Island"
"5419","Reported 16-Oct-1907",1907,"CHINA","Hong Kong","Sharp Peak, Sai Kung Peninsula, New Territories"
"5420","Reported 16-Oct-1907",1907,"CHINA","Hong Kong","Sharp Peak, Sai Kung Peninsula, New Territories"
"5421","14-Oct-1907",1907,"AUSTRALIA","New South Wales","Merewether Beach, near Newcastle"
"5422","12-Oct-1907",1907,"HAITI","Tiburon Peninsula","Aux Cayes (now Les Cayes)"
"5423","08-Oct-1907",1907,"USA","Hawaii"," Kalepolepo, Kihei, Maui"
"5424","Reported 19-Sep-1907",1907,"ENGLAND","English Channel",""
"5425","11-Sep-1907",1907,"CROATIA"," Split-Dalmatia Count,","Sucurja, Hvar Island,"
"5426","Reported 12-Aug-1907",1907,"CROATIA"," Primorje-Gorski Kotar County","Krk Island"
"5427","Reported 12-Aug-1907",1907,"CROATIA"," Primorje-Gorski Kotar County","Krk Island"
"5428","Reported 08-Aug-1907",1907,"USA","New Jersey","Lower Delaware Bay"
"5429","Reported 14-Jul-1907",1907,"CROATIA"," Split-Dalmatia Count,","Su?uraj, Hvar Island"
"5430","Reported 04-Jul-1907",1907,"AUSTRALIA","Queensland","Karra Garra"
"5431","Jul-1907",1907,"USA","South Carolina","Small creek near Coles Island"
"5432","20-Apr-1907",1907,"MEXICO","Oaxaca","Salina Cruz"
"5433","26-Mar-1907",1907,"USA","Florida","Garden Key, Charlotte County"
"5434","07-Mar-1907",1907,"MALTA","Harare Province","Marsaskala"
"5435","09-Feb-1907",1907,"PHILIPPINES","Luzon Island","Manila Bay"
"5436","05-Feb-1907",1907,"NEW ZEALAND","South Island","Port Moeraki"
"5437","03-Feb-1907",1907,"AUSTRALIA","Queensland","Ross Creek"
"5438","1907",1907,"VIETNAM","Khánh Hòa Province","Nha Trang"
"5439","1907",1907,"USA","Hawaii","Pepe'ekeo, Honomu, Hawai'i"
"5440","16-Nov-1906",1906,"JAMAICA","Westmoreland Parish","Cabaritta River mouth"
"5441","Reported 10-Oct-1906",1906,"USA","Hawaii",""
"5442","Reported 10-Oct-1906",1906,"USA","Hawaii",""
"5443","Reported 10-Oct-1906",1906,"USA","Hawaii",""
"5444","Reported 10-Oct-1906",1906,"USA","Hawaii",""
"5445","Reported 27-Sep-1906",1906,"INDONESIA","Java","Lorok Bay"
"5446","Reported 27-Sep-1906",1906,"INDONESIA","Java","Lorok Bay"
"5447","Reported 05-Sep-1906",1906,"AUSTRALIA","Torres Strait","Mabiuag"
"5448","Sep-1906",1906,"USA","California","Avalon, Los Angeles County"
"5449","20-Aug-1906",1906,"YEMEN ","Aden",""
"5450","04-Aug-1906",1906,"USA","Maryland","Tangier Sound, Somerset County"
"5451","Reported 05-Jul-1906",1906,"USA","Mississippi","Bay St. Louis, Hancock County"
"5452","Jul-1906",1906,"MOZAMBIQUE","Maputo Province","Lourenco Marques"
"5453","Reported 27-Apr-1906",1906,"INDONESIA","Maluku Province","Aru Islands"
"5454","16-Apr-1906",1906,"AUSTRALIA","Victoria","Western Port Bay"
"5455","14-Apr-1906",1906,"AUSTRALIA","Queensland","Lizard Island"
"5456","Reported 10-April 1906",1906,"INDONESIA","","40 miles from Tahane Island"
"5457","Reported 02-April 1906",1906,"AUSTRALIA","New South Wales","Moodie Beach"
"5458","Reported 14-Feb-1906",1906,"NEW ZEALAND","North Island","Mototapu Island"
"5459","28-Jan-1906",1906,"AUSTRALIA","New South Wales","Georges River"
"5460","20-Jan-1906",1906,"SOUTH AFRICA","KwaZulu-Natal","Battery Beach, Durban"
"5461","31-Dec-1905",1905,"SOUTH AFRICA","KwaZulu-Natal","Back Beach, Durban"
"5462","29-Dec-1905",1905,"AUSTRALIA","Western Australia","Geraldton"
"5463","29-Sep-1905",1905,"AUSTRALIA","New South Wales","Waverly, Sydney"
"5464","Reported 06-Sep-1905",1905,"USA","Florida","Fort Pierce, St Lucie County"
"5465","24-Aug-1905",1905,"EGYPT","Suez Canal","Port Said"
"5466","Late Aug-1905",1905,"USA","New Jersey","Atlantic City, Atlantic County"
"5467","Aug-1905",1905,"PHILIPPINES","Luzon Island","Manila Bay"
"5468","29-Jul-1905",1905,"USA","North Carolina","Davis Shore, east of Beaufor, Carteret Countyt"
"5469","Reported 25-Jul-1905",1905,"ITALY","","Naples"
"5470","10-Jul-1905",1905,"INDONESIA"," Nusa Tenggara","Off Rakit Island"
"5471","Jul-1905",1905,"USA","North Carolina","Ocracoke, Hyde County"
"5472","22-May-1905",1905,"USA","Florida","Pablo Beach, Jacksonville, Duval County"
"5473","06-Apr-1905",1905,"SOUTH AFRICA","KwaZulu-Natal","Back Beach, Durban"
"5474","26-Mar-1905",1905,"AUSTRALIA","New South Wales","Lismore"
"5475","25-Mar-1905",1905,"AUSTRALIA","Tasmania","Bridport"
"5476","10-Feb-1905",1905,"AUSTRALIA","Victoria","Elwood"
"5477","01-Jan-1905",1905,"AUSTRALIA","Victoria","Elwood"
"5478","1905",1905,"USA","North Carolina","Cape Lookout, Carteret County"
"5479","02-Nov-1904",1904,"PHILIPPINES","Luzon Island","Inner Harbor, Olongapo"
"5480","Reported 11-Oct-1904",1904,"INDIAN OCEAN","Between Noumea & Sydney",""
"5481","Sep-1904",1904,"CUBA","Havana Province","Havana Harbor"
"5482","Aug-1904",1904,"CUBA","Villa Clara Province","Caibarien Harbor"
"5483","28-Jul-1904",1904,"USA","New Jersey","Shrewsbury River,  Monmouth County"
"5484","27-Jul-1904",1904,"USA","Texas",""
"5485","Reported 01-Jul-1904",1904,"ITALY","Ancona Province","Ancona"
"5486","07-Feb-1904",1904,"AUSTRALIA","Queensland","Brisbane"
"5487","04-Feb-1904",1904,"NEW ZEALAND","North Island","Waitara"
"5488","23-Jan-1904",1904,"NEW CALEDONIA","South Province","Noumea"
"5489","1904",1904,"REUNION ISLAND","","Swimming off the British steamer Troutpool"
"5490","1904",1904,"USA","",""
"5491","1904",1904,"PHILIPPINES","Quezon","Tayabas"
"5492","1904",1904,"USA","Hawaii","Off Diamond Head, Honolulu, O'ahu"
"5493","04-Oct-1903",1903,"CUBA","Havana Province","Havana Harbor"
"5494","Reported 16-Sep-1903",1903,"USA","New Jersey","Atlantic City, Atlantic County"
"5495","July-1903 ",1903,"FALKLAND ISLANDS","",""
"5496","21-Jun-1903",1903,"AUSTRALIA","New South Wales","Georges River"
"5497","04-May-1903",1903,"MEXICO","Veracruz","Coatzacoalcos"
"5498","Reported 20-Mar-1903",1903,"AUSTRALIA","New South Wales","Sydney"
"5499","12-Mar-1903",1903,"AUSTRALIA","Queensland","Logan River"
"5500","  10-Jan-1903",1903,"AUSTRALIA","New South Wales","Lane Cove River, Sydney Harbor (Estuary)"
"5501","Summer of 1903",1903,"CRETE","",""
"5502","Ca. 1903",1903,"USA","Hawaii","Koko Head, south side of O'ahu Island"
"5503","Reported 22-Dec-1902",1902,"NICARAGUA","Rio San Juan","Greytown"
"5504","10-Nov-1902",1902,"AUSTRALIA","New South Wales","Middle Harbour, Sydney "
"5505","Reported 01-Nov-1902",1902,"USA","Texas","Near Port Lavaca, Calhoun County"
"5506","Reported 29-Aug-1902",1902,"ITALY","Calabria","Nicotera"
"5507","Reported 24-Aug-1902",1902,"CROATIA","Istria County","Porec"
"5508","08-Aug-1902",1902,"USA","Hawaii","Kalihi, O'ahu"
"5509","15-Jul-1902",1902,"ITALY","Liguria","Galliera dock, Genoa"
"5510","06-Jul-1902",1902,"USA","New Jersey","Atlantic City, Atlantic County"
"5511","02-Jun-1902",1902,"PHILIPPINES","Zamboanga del Sur Province","Near mouth of River Cumalarang, 5 miles from Port Isabela, Basilan Island"
"5512","Jun-1902",1902,"EGYPT","Mediterranean Sea","Tzortzou Reef, Marsa Matruh"
"5513","Apr-1902",1902,"SOUTH AFRICA","Eastern Cape Province","Algoa Bay"
"5514",".Reported 22-Feb-1902",1902,"NEW ZEALAND","North Island","Poverty Bay"
"5515","Reported 25-Jan-1902",1902,"AUSTRALIA","New South Wales","Kerosene Bay"
"5516","Reported 19-Jan-1902",1902,"SOUTH AFRICA","KwaZulu-Natal","Durban"
"5517","19-Jan-1902",1902,"AUSTRALIA","Queensland","Brisbane"
"5518","01-Dec-1901",1901,"AUSTRALIA","Queensland","Brisbane"
"5519","Mid Oct-1901",1901,"PHILIPPINES","Zamboanga del Sur Province"," Port Isabela de Basilan"
"5520","Reported 23-Sep-1901",1901,"CYPRUS","Southern Cyprus","Larnaca"
"5521","30-Jul-1901",1901,"SOUTH AFRICA","Western Cape Province","Windmill Beach"
"5522","17-Jul-1901",1901,"ITALY","Syracuse","Capo Santa Croce"
"5523","Reported 29-Jun-1901",1901,"YEMEN ","Aden",""
"5524","24-Jun-1901",1901,"PHILIPPINES","Western Viscayas","Island of Panay, Iliolo"
"5525","30-Jan-1901",1901,"AUSTRALIA","Queensland","Brisbane"
"5526","Summer 1901",1901,"USA","Florida","Indian River Inlet / Fort Pierce Inlet"
"5527","27-Dec-1900",1900,"AUSTRALIA","New South Wales","Middle Harbour, Sydney "
"5528","14-Nov-1900",1900,"SOUTH AFRICA","Western Cape Province","Three Anchor Bay"
"5529","27-Oct-1900",1900,"SOUTH AFRICA","Western Cape Province","Woodstock Beach, Cape Town"
"5530","15-Sep-1900",1900,"AUSTRALIA","Queensland","Townsville"
"5531","13-Sep-1900",1900,"USA","Rhode Island","Coddington Cove"
"5532","05-Sep-1900",1900,"USA","Hawaii","Waikiki Beach, Oahu"
"5533","21-Aug-1900",1900,"USA","North Carolina","Southport, Brunswick County"
"5534","31-Jul-1900",1900,"CROATIA"," Primorje-Gorski Kotar County","Volosko, Opatija"
"5535","14-Jul-1900",1900,"USA","Hawaii","Makapu'u Point, O'ahu"
"5536","Late Jul-1900",1900,"USA","Connecticut","Bridgeport, Fairfield County"
"5537","  28-Jan-1900",1900,"AUSTRALIA","New South Wales","Lane Cove River, Sydney Harbor (Estuary)"
"5538","Early 1900s",1900,"USA","Hawaii","Inter-Island Dry Dock at Kakaako Street, Honolulu, O'ahu"
"5539","Ca. 1900",1900,"SOUTH AFRICA","Eastern Cape Province","Port Elizabeth"
"5540","18-Dec-1899",1899,"AUSTRALIA","Queensland","Tingalpa Creek"
"5541","20-Nov-1899",1899,"PHILIPPINES","Mindoro Occidental","Off Lubang Island"
"5542","28-Oct-1899",1899,"AUSTRALIA","Victoria","Governor's Reef, Port Phillip Bay"
"5543","Reported 12-Oct-1899",1899,"LIBYA","Mediterranean Sea","Off Bengasi"
"5544","Reported 12-Oct-1899",1899,"LIBYA","Mediterranean Sea","Off Bengasi"
"5545","Reported 11-Sep-1899",1899,"MEXICO","Tamaulipas","Tampico"
"5546","Reported 23-Aug-1899",1899,"USA","California","Monterey Bay, Monterey County"
"5547","15-Aug-1899",1899,"USA","Florida","Trout River, Panama Park"
"5548","08-Aug-1899",1899,"EGYPT ","Mediterranean Sea","Port Said"
"5549","08-Aug-1899",1899,"EGYPT ","Mediterranean Sea","Port Said"
"5550","08-Aug-1899",1899,"EGYPT","Mediterranean Sea","Port Said"
"5551","Reported 08-Jul-1899",1899,"BAHAMAS","",""
"5552","07-Jun-1899",1899,"ITALY","Calabria","Bagnara Calabra"
"5553","  02-Jun-1899",1899,"NEW ZEALAND","North Island","East Cape"
"5554","28-May-1899",1899,"PHILIPPINES","Negros ","Escalante"
"5555","Reported 04-May-1899",1899,"ITALY","Imperia Province","Bordighera"
"5556","28-Jan-1899",1899,"AUSTRALIA","New South Wales","Newcastle"
"5557","1899 During the Seige of Ladysmith",1899,"SOUTH AFRICA","KwaZulu-Natal","Durban"
"5558","1899",1899,"USA","Florida","St. John's River"
"5559","Ca. 1899",1899,"USA","Florida","Near a small wreck in a channel at Indian Key"
"5560","Reported 28-Dec-1898",1898,"AUSTRALIA","Queensland","The Narrows"
"5561","28-Oct-1898",1898,"USA","Hawaii","Off Kohala"
"5562","Reported 07-Sep-1898",1898,"WEST INDIES","",""
"5563","22-Aug-1898",1898,"USA","New York","Prince's Bay, Staten Island"
"5564","Reported 26-Jul-1898",1898,"AUSTRALIA","New South Wales","Sydney"
"5565","15-Jul-1898",1898,"YEMEN ","Aden","Outer Harbor"
"5566","14-Jul-1898",1898,"YEMEN ","Aden","Sapper Bay"
"5567"," Jul-1898",1898,"CUBA","Santiago de Cuba Province","Santiago de Cuba"
"5568","22-Jun-1898",1898,"NEW CALEDONIA","South Province","Noumea"
"5569","13-Apr-1898",1898,"FIJI","Muala",""
"5570","1898.01.24",1898,"SRI LANKA","","Colombo Harbor"
"5571","Reported 1898",1898,"CRETE","",""
"5572","1898",1898,"USA","South Carolina","Ramshorn Creek"
"5573","1898 (soon after the close of the Spanish-American War)",1898,"CUBA","Santiago de Cuba Province","Off Santiago de Cuba"
"5574","1898",1898,"JAMAICA","Kingston Parish","Kingston Harbor"
"5575","1898",1898,"CUBA","Camaguey Province","Nuevitas Harbor"
"5576","1898-1899",1898,"USA","Florida","a creek near Jacksonville, Duval County"
"5577","Summer of 1898",1898,"YEMEN ","Aden","Harbor"
"5578","1898",1898,"USA","Hawaii",""
"5579","Reported 04-Dec-1897",1897,"USA","East coast",""
"5580","15-Oct-1897",1897,"MEXICO","Vera Cruz","Vera Cruz Harbor"
"5581","Reported 05-Oct-1897",1897,"MARSHALL ISLANDS","Ratak ","Ailuk Island"
"5582","17-Sep-1897",1897,"USA","Rhode Island","Point Judith"
"5583","06-Sep-1897",1897,"USA","South Carolina","Elliott Cut, Charleston County"
"5584","21-Jul-1897",1897,"SOUTH AFRICA","KwaZulu-Natal","Back Beach, Durban"
"5585","09-Jun-1897",1897,"YEMEN ","Socotra Islands","Socotra"
"5586","Reported 15-Mar-1897",1897,"USA","Massachusetts","30 miles south of Lynn"
"5587","1897",1897,"NEW ZEALAND","",""
"5588","1897",1897,"EGYPT","Mediterranean Sea","Port Said"
"5589","23-Decp1896",1896,"AUSTRALIA","Victoria","Hobson's Bay"
"5590","20-Dec-1896",1896,"NEW ZEALAND","North Island","Marine Parade, Napier, Hawke Bay"
"5591","Reported 17-Dec-1896",1896,"NEW ZEALAND","South Island","Hoiktika"
"5592","29-Nov-1896",1896,"AUSTRALIA","Western Australia","Albany"
"5593","01-Nov-1896",1896,"AUSTRALIA","Western Australia","Esperance"
"5594","Reported 11-Sep-1896",1896,"SRI LANKA","",""
"5595","25-Jul-1896",1896,"USA","Hawaii","Kahului, Maui"
"5596","Reported 21-Jun-1896",1896,"USA","South Carolina","Charleston"
"5597"," 11-Jan-1896",1896,"AUSTRALIA","New South Wales","Johnstone's Bay, Sydney"
"5598","1896",1896,"USA","Florida",""
"5599","1896",1896,"HAITI","Off Cape Haitien",""
"5600","09-Dec-1895",1895,"AUSTRALIA","New South Wales","West Balmain, Sydney"
"5601","Reported 21-Nov-1895",1895,"BARBADOS","St Michael Parish","Bridgetown"
"5602","16-Nov-1895",1895,"AUSTRALIA","New South Wales","Jervis Bay "
"5603","18-Sep-1895",1895,"CUBA","Havana Province","Havana Harbor"
"5604","Reported 14-Sep-1895",1895,"YEMEN ","Aden",""
"5605","Sep-1895",1895,"USA","North Carolina","Near the mouth of the Cape Fear River, Brunswick County"
"5606","11-Aug-1895",1895,"USA","Rhode Island","Noyes Beach"
"5607","2-Aug-1895",1895,"USA","New Jersey","Raritan Bay"
"5608","Reported 16-Jul-1895",1895,"JAPAN","",""
"5609","Reported 03-Jun-1895",1895,"AUSTRALIA","Western Australia","Barrow Passage"
"5610","21-May-1895",1895,"BAHAMAS","Bimini Islands","Off Gun Cay"
"5611","03-May-1895",1895,"NEW ZEALAND","South Island","Preservation Inlet"
"5612","29-Apr-1895",1895,"SOUTH AFRICA","Eastern Cape Province","Mzimvubu River"
"5613","23-Apr-1895",1895,"NEW ZEALAND","South Island","Oamaru"
"5614","Reported 29-Mar-1895",1895,"INDONESIA","Moluccas","South Aroo Island"
"5615","15-Mar-1895",1895,"AUSTRALIA","Queensland","Burnett River"
"5616","27-Feb-1895",1895,"AUSTRALIA","New South Wales","Sydney Harbor"
"5617","Reported 23-Feb-1895",1895,"PANAMA","Bocas del Toro",""
"5618","1895",1895,"AUSTRALIA","Western Australia","Dampier's Creek, Broome"
"5619","11-Dec-1894",1894,"USA","Florida","North Beach, St. Augustine"
"5620","28-Nov-1894",1894,"AUSTRALIA","New South Wales","Newcastle "
"5621","Reported 06-Oct-1894",1894,"USA","Alabama","Mobile Bay"
"5622","Reported 12-Sep-1894",1894,"USA","Virginia","Norfolk"
"5623","Reported 06-Sep-1894",1894,"FIJI","Vita Levu","Rewa River"
"5624","Reported 01-Sep-1894",1894,"USA","Texas","Rockport"
"5625","21-Aug-1894",1894,"USA","New York","Woolsey's Point, East River"
"5626","01-Aug-1894",1894,"USA","Florida","Jacksonville, Duval County"
"5627","Reportd 15-Jul-1894",1894,"FRANCE","Provence","la Badine, Hyères "
"5628","29-Jun-1894",1894,"USA","Florida","Anastasia Island"
"5629","25-Jun-1894",1894,"SOUTH AFRICA","Western Cape Province","Simons Town"
"5630","Reported 15-Jun-1894",1894,"USA","North Carolina","New Bern, Craven County"
"5631","Reported 15-Jun-1894",1894,"MEXICO","Bay of Campeche",""
"5632","Reported 28-Apr-1894",1894,"BURMA","Rangoon","Amherst"
"5633","Reported 28-Apr-1894",1894,"BURMA","Rangoon","Amherst"
"5634","Reported 20-Oct-1893",1893,"INDIA","Bay of Bengal","Madras Harbor"
"5635","16-Oct-1893",1893,"CROATIA"," Primorje-Gorski Kotar County","Off Volusca, Opatija"
"5636","03-Jul-1893",1893,"PHILIPPINES","Luzon Island","Off Manila"
"5637","Reported 22-Jun-1893",1893,"NIGERIA","Bayelsa State","Mouth of the Nun River"
"5638","22-Jun-1893",1893,"LEBANON","","Off Tripoli"
"5639","Reported 23-May-1893",1893,"FIJI","","Between Kadavu & Beqa"
"5640","17-May-1893",1893,"CUBA","Havana Province","Havana Harbor"
"5641","Reported 15-Apr-1893",1893,"SOUTH ATLANTIC OCEAN","",""
"5642","14-Apr-1893",1893,"AUSTRALIA","Queensland","Torres Strait"
"5643","04-Apr-1893",1893,"AUSTRALIA","Tasmania","Chimney Point, George’s Bay"
"5644","Reported 30-Jan-1893",1893,"NEW ZEALAND","South Island?","Downs River"
"5645","Reported 18-Jan-1893",1893,"FRENCH POLYNESIA","","One week out of Pápete"
"5646","1893",1893,"EGYPT","Mediterranean Sea","Port Said"
"5647","15-Dec-1892",1892,"ATLANTIC OCEAN","",""
"5648","Reported 09-Nov-1892",1892,"AUSTRALIA","Norfolk Island",""
"5649","06-Nov-1892",1892,"AUSTRALIA","Queensland","Wellington Point, Brisbane"
"5650","Reported 16-Sep-1892",1892,"USA","Texas","Velasco"
"5651","24-Jun-1892",1892,"FRANCE","Brittany","Brest"
"5652","Reported 20-Jun-1892",1892,"CUBA","Havana Province","Havana Harbor"
"5653","Reported 19-May-1892",1892,"NEW ZEALAND","North Island","Rockhampton"
"5654","Reported 21-Apr-1892",1892,"BAHAMAS","Out Islands",""
"5655","Reported 25-Mar-1892",1892,"PACIFIC OCEAN","",""
"5656","02-Mar-1892",1892,"AUSTRALIA","New South Wales","Lake Macquarie"
"5657","1892",1892,"AUSTRALIA","Torres Strait","Badu Island"
"5658","Reported 31-Dec-1891",1891,"AUSTRALIA","New South Wales",""
"5659","Reported 22-Dec-1891",1891,"NEW ZEALAND","North Island","Manukau Harbor, 6 miles south of Auckland"
"5660","29-Nov-1891",1891,"MARTINIQUE","","Fort de France"
"5661","Reported 14-Sep-1891",1891,"KIRIBATI","Line Islands","Flint Island"
"5662","Reported 30-Aug-1891",1891,"CANADA","Nova Scotia","Halifax"
"5663","29-Aug-1891",1891,"USA","New Jersey","Off Longport, Atlantic County"
"5664","11-Jun-1891",1891,"USA","Virginia","Hampton Roads"
"5665","10-Mar-1891",1891,"PARAGUAY","",""
"5666","Reported 08-Jan-1891",1891,"JAMAICA","Kingston Parish","Port Royal Harbour"
"5667","30-Dec-1890",1890,"AUSTRALIA","Queensland","Moreton Bay"
"5668","Reported 27-Dec-1890",1890,"BRITISH NEW GUINEA","Woodlark Islands","Off Panamota"
"5669","Reported 25-Oct-1890",1890,"ATLANTIC OCEAN","",""
"5670","Reported 17-Aug-1890",1890,"USA","New Jersey","Off Normandie-by-the-Sea, Monmouth County"
"5671","9-Aug-1890",1890,"USA","Connecticut","Bridgeport, Fairfield County"
"5672"," 08-Aug-1890",1890,"SAMOA","Upolu Island","Apia Harbour"
"5673","06-26-1890",1890,"CROATIA","","Fiume"
"5674","Reported 14-Jun-1890",1890,"PERSIAN GULF","",""
"5675","Reported 02-Jun-1890",1890,"EGYPT","","Port Said"
"5676","14-May-1890",1890,"SOUTH AFRICA","Eastern Cape Province","Port Elizabeth"
"5677","Reported 03-Mar-1890",1890,"CEYLON","",""
"5678","25-Feb-1890",1890,"MALTA","Munxar Reef","Marsascala"
"5679","1890 ",1890,"AUSTRALIA","Tasmania","Derwent River (empties into the sea at Hobart)"
"5680","1890",1890,"INDIA","Tamil Nadu","Tuticorin"
"5681","1890",1890,"INDIA","Tamil Nadu","Tuticorin"
"5682","1890",1890,"NEW ZEALAND","North Island","Lampton Harbour, Wellington"
"5683","Ca. 1890",1890,"SOUTH AFRICA","KwaZulu-Natal","Cape Vidal"
"5684","Reported 29-Nov-1889",1889,"GREECE","Northern Peloponnese","Patras"
"5685","22-Nov-1889",1889,"AUSTRALIA","Queensland","Bowen"
"5686","16-Nov-1889",1889,"USA","Hawaii","Honolulu"
"5687","Reported 03-Oct-1889",1889,"INDIA","Tamil Nadu","Madras"
"5688","21-Jul-1889",1889,"USA","Florida","Fernandina, Nassau County"
"5689","  19-Jul-1889",1889,"USA","Texas","West Bay near Galveston "
"5690","08-Jul-1889",1889,"AUSTRALIA","Victoria","Port Phillip"
"5691","Reported 31-Jan-1889",1889,"USA","Florida","Hillsborough Bay"
"5692","Jan-1889",1889,"SIERRA LEONE","Western Area","Freetown"
"5693","Reported 25-Dec-1888",1888,"INDIAN OCEAN","Between Perth & Colombo",""
"5694","09-Dec-1888",1888,"AUSTRALIA","New South Wales","Iron Cove Bridge, Sydney (Estuary)"
"5695","Dec-1888",1888,"AUSTRALIA","New South Wales","Hawkesbury Bridge, Sydney"
"5696","Reported 23-Oct-1888",1888,"CROATIA"," Primorje-Gorski Kotar County","Rijeka"
"5697","14-Aug-1888",1888,"CANADA","Nova Scotia","Off Sable Island"
"5698","Reported 01-Aug-1888",1888,"USA","New York",""
"5699","Reported 20-Jul-1888",1888,"JAMAICA","",""
"5700","Reported 13-Jul-1888",1888,"INDIA","Gujarat","Cutch Coast"
"5701","04-Jul-1888",1888,"CROATIA","Lukovo",""
"5702","24-Jun-1888",1888,"AUSTRALIA","Victoria","Port Melbourne"
"5703","Reported 18-Jun-1888",1888,"AUSTRALIA","Victoria","Point Cook, Port Phillip Bay"
"5704","17-Feb-1888",1888,"NEW ZEALAND","South Island","Oamaru"
"5705","22-Jan-1888",1888,"AUSTRALIA","New South Wales","Sydney Harbor"
"5706","Feb-1888",1888,"SOUTH AFRICA","Eastern Cape Province","Mzimvubu River mouth"
"5707","1888",1888,"LIBYA","Mediterranean Sea","Off Tripoli"
"5708","Reported 22-Dec-1887",1887,"HONDURAS","Cortés","Off Puerto Cortez (Caribbean coast)"
"5709","04-Dec-1887",1887,"AUSTRALIA","New South Wales","Ryde, Sydney (Estuary)"
"5710","18-Oct-1887",1887,"USA","Florida","Between Lake Worth & Biscayne Bay, near Hillsboro"
"5711","October 1887",1887,"BAHAMAS","",""
"5712","22-Sep-1887",1887,"ITALY","","Trieste"
"5713","11-Sep-1887",1887,"CROATIA"," Primorje-Gorski Kotar County","Kraljevica"
"5714","12-Mar-1887",1887,"AUSTRALIA","South Australia","Black Point"
"5715","Reported 08-Feb-1887",1887,"NEW ZEALAND","North Island","Kaipara"
"5716","08-Feb-1887",1887,"SOUTH AFRICA","Western Cape Province","Blaauwberg"
"5717","20-Jan-1887",1887,"BRAZIL","Alagoas","Maceió"
"5718","12-Jan-1887",1887,"SOUTH AFRICA","Eastern Cape Province","Mzimvubu River, 9.6 km from the sea"
"5719","1887",1887,"OCEAN","Somewhere between Philadelphia and Hiogo, Japan",""
"5720","Mid-Aug-1886",1886,"USA"," New Jersey","Shrewsbury River, Highlands, Monmouth County"
"5721","Mid-Aug-1886",1886,"USA","New Jersey","Sandy Hook Bay, Highlands, Monmouth County"
"5722","Aug-1886",1886,"USA","New Jersey","Shrewsbury River, Highlands, Monmouth County"
"5723","17-Jun-1886",1886,"AUSTRALIA","Queensland","Off Bribie Heads"
"5724","02-Jun-1886",1886,"USA","Hawaii","Hamakua Homakua, Hawai'i"
"5725","06-May-1886",1886,"NEW CALEDONIA","South Province","Noumea"
"5726","26-Apr-1886",1886,"AUSTRALIA","Queensland","Rothesay Bay"
"5727","11-Apr-1886",1886,"NEW ZEALAND","South Island","Near the mouth of the Clarence River"
"5728","Reported 06-Mar-1886",1886,"NEW ZEALAND","South Island","Dunedin "
"5729","Mar-1886",1886,"AUSTRALIA","New South Wales","Dobroyd Head, Watson Bay, Sydney"
"5730","13-Feb-1886",1886,"AUSTRALIA","Victoria","Mordialloc"
"5731","28-Jan-1886",1886,"SOUTH AFRICA","Eastern Cape Province","South Jetty, Port Elizabeth"
"5732","26-Jan-1886",1886,"AUSTRALIA","Queensland",""
"5733","01-Jan-1886",1886,"SOUTH AFRICA","Western Cape Province","Groot River"
"5734","1886",1886,"AUSTRALIA","New South Wales","Sydney Harbor"
"5735","Reported 26-Nov-1885",1885,"AUSTRALIA","Queensland","Brisbane "
"5736","26-Nov-1885",1885,"AUSTRALIA","Western Australia","Bunbury"
"5737","17-Aug-1885",1885,"ATLANTIC OCEAN","",""
"5738","26-Jul-1885",1885,"USA","Hawaii","Kau District"
"5739","26-Jul-1885",1885,"USA","Hawaii","Kau District"
"5740","26-Jul-1885",1885,"USA","Hawaii","Kau District"
"5741","09-Apr-1885",1885,"NEW ZEALAND","North Island","Auckland"
"5742","28-Mar-1885",1885,"SOUTH AFRICA","KwaZulu-Natal","Kokstad District"
"5743","13-Dec-1884",1884,"AUSTRALIA","South Australia","Port Phillip"
"5744","Reported 08-Dec-1884",1884,"FRANCE","Côte d'Azur  ","Between Nice & Villefranche"
"5745","Reported 28-Aug-1884",1884,"USA","New Jersey","Bayonne, Hudson County"
"5746","18-Aug-1884",1884,"USA","New York","Jamaica Bay"
"5747","Reported 28-Apr-1884",1884,"BRAZIL","","Bahia"
"5748","16-Jan-1884",1884,"SOUTH AFRICA","Eastern Cape Province","South Jetty, Port Elizabeth"
"5749","14-Jan-1884",1884,"AUSTRALIA","South Australia","Port Pirie, Spencer Gulf, 230 km north of Adelaide"
"5750","19-Dec-1883",1883,"AUSTRALIA","New South Wales","Parramatta River"
"5751","Reported 18-Dec-1883",1883,"USA","Texas","Brazos"
"5752","Reported 20-Oct-1883",1883,"URUGUAY","Maldonado coast",""
"5753","Reported 19-Oct-1883",1883,"USA","East coast",""
"5754","Reported 14-Sep-1883 (probably happened Ca. 1843/1844)",1883,"AUSTRALIA","Tasmania","Between Port Arthur Penal Colony & Forestier Peninsula"
"5755","05-Jul-1883",1883,"GEORGIA","","Savannah River, Chatham County"
"5756","Reported 26-Feb-1883",1883,"AUSTRALIA","Northern Territory","the pearling beds"
"5757","Reported 25-Feb-1883",1883,"AUSTRALIA","Northern Territory","the pearling beds"
"5758","21-Jan-1883",1883,"AUSTRALIA","New South Wales","Iron Cove, Sydney"
"5759","1883",1883,"PACIFIC OCEAN","",""
"5760","Summer of 1883",1883,"USA","Florida","Fort Pickens, Escambia County"
"5761","1883",1883,"USA","South Carolina","Bull’s Bay, near Charleston"
"5762","1883",1883,"USA","South Carolina",""
"5763","03-Dec-1882",1882,"NEW ZEALAND","South Island","New Brighton"
"5764","12-Nov-1882",1882,"NEW ZEALAND","North Island","Tararu, Thames"
"5765","12-Nov-1882",1882,"NEW ZEALAND","North Island","Tararu, Thames"
"5766","Sep-1882",1882,"JAPAN","",""
"5767","14-May-1882",1882,"AUSTRALIA","New South Wales","Millers Point"
"5768","Reported 12-May-1882",1882,"AUSTRALIA","",""
"5769","15-Apr-1882",1882,"AUSTRALIA","New South Wales","Lake Macquarie"
"5770","Reported  07-Feb-1882",1882,"AUSTRALIA","",""
"5771","Reported 23-Jan-1882",1882,"AUSTRALIA","New South Wales","Darling Harbor, Sydney"
"5772","Reprted 05-Jan-1882",1882,"ATLANTIC OCEAN","",""
"5773","1882",1882,"USA","Florida","In the bay near the naval yard at Pensacola, Escambia County"
"5774","1882",1882,"AUSTRALIA","Queensland","Maryborough"
"5775","13-Nov-1881",1881,"AUSTRALIA","New South Wales","Johnstone's Bay, Sydney"
"5776","16-Oct-1881",1881,"USA","Florida","Pensacola Bay, Escambia County"
"5777","05-Sep-1881",1881,"USA","North Carolina","Elizabeth City, Pasquotank County  "
"5778","12-Aug-1881",1881,"USA","Rhode Island","Providence"
"5779","13-Jun-1881",1881,"USA","Alabama","Mobile Bay"
"5780","1881",1881,"INDIA","","At Panihattu, Barrackpore, Dackhineshwar, Barahonagore, Kashipur & Chitpur down to Baug Bazar ghats"
"5781","Ca. 1881",1881,"ITALY","Sicily","Stretto di Messina"
"5782","25-Nov-1880",1880,"AUSTRALIA","Queensland","Petrie Bight, Brisbane River"
"5783","10-Oct-1880",1880,"AUSTRALIA","New South Wales","Bermagui"
"5784","08-Aug-1880",1880,"MOZAMBIQUE","",""
"5785","25-Jul-1880",1880,"USA","New York","The Narrows"
"5786","15-May-1880",1880,"INDIA","West Bengal","Ganges River"
"5787","14-May-1880",1880,"INDIA","West Bengal","Hoogly River"
"5788","Reported 07-May-1880",1880,"MEXICO","Guerro","Acapulco"
"5789","02-May-1880",1880,"INDIA","West Bengal","(Calcutta?)"
"5790","02-May-1880",1880,"INDIA","West Bengal","Panihati, 4 miles south of Barrackpore on the Hoogly River"
"5791","22-Jan-1880",1880,"AUSTRALIA","New South Wales","Chowder Bay, Sydney"
"5792","03-Jan-1880",1880,"AUSTRALIA","New South Wales","Cooranbong"
"5793","1880?",1880,"SYRIA","",""
"5794","Ca. 1880",1880,"USA","Florida","Hutchinson Island, Martin County"
"5795","Ca. 1880",1880,"SOLOMON ISLANDS","Guadalcanal Province","Guadalcanal"
"5796","1880",1880,"NEW ZEALAND","South Island","Campbell’s Point"
"5797","24-Dec-1879",1879,"INDIA","Andaman Islands","Port Blair"
"5798","10-Nov-1879",1879,"AUSTRALIA","New South Wales","Clarence Heads"
"5799"," 22-Sep-1879",1879,"SPAIN","Valencia","Castellon de la Plana"
"5800","Reported 30-Aug-1879",1879,"FIJI","Lau Group","Totoya  "
"5801","3-Jul-1879",1879,"USA","California","Los Angeles, Los Angeles County"
"5802","19-Mar-1879",1879,"NEW ZEALAND","North Island","Napier"
"5803","10-Mar-1879",1879,"AUSTRALIA","New South Wales","Near Sydney "
"5804","1879",1879,"USA","Mississippi","River mouth"
"5805","17-Nov-1878",1878,"AUSTRALIA","New South Wales","Lane Cove River, Sydney Harbor "
"5806","Reported 24-Oct-1878",1878,"INDONESIA","East Java","Probolinggo"
"5807","Reported 14-Sep-1878",1878,"USA","Connecticut","Branford, New Haven County"
"5808","02-Sep-1878",1878,"SOUTH ATLANTIC OCEAN","Off the coast of West Africa",""
"5809","02-Sep-1878",1878,"SOUTH ATLANTIC OCEAN","Off the coast of West Africa",""
"5810","09-Aug-1878",1878,"USA","New York","East River"
"5811","08-Aug-1878",1878,"USA","New York","Brooklyn"
"5812","10-Jun-1978",1878,"PHILIPPINES","Misamis Oriental","Cagayan de Oro"
"5813","Reported 30-March-1878",1878,"NEW GUINEA","",""
"5814","13-Feb-1878",1878,"SOUTH AFRICA","Western Cape Province","Olifantbos Point"
"5815","02-Feb-1878",1878,"BRAZIL","",""
"5816","1878",1878,"AUSTRALIA","New South Wales","Balmain, Sydney (Estuary)"
"5817","Reported 15-Dec-1877",1877,"FIJI","",""
"5818","15-Dec-1877",1877,"AUSTRALIA","New South Wales","Peacock Point, Balmain, Sydney"
"5819","12-Dec-1877",1877,"AUSTRALIA","New South Wales","Near Sydney"
"5820","15-Sep-1877",1877,"AUSTRALIA","New South Wales","Port Jackson"
"5821","Reported 28-Aug-1877",1877,"INDIAN OCEAN","",""
"5822"," 07-Apr-1877",1877,"AUSTRALIA","Tasmania","Smelting Works Bay near Hobart"
"5823","04-Apr-1877",1877,"AUSTRALIA","Victoria","Portarlington"
"5824","16-Mar-1877",1877,"ITALY","Strait of Messina","Off Calabria"
"5825"," 11-Mar-1877",1877,"FIJI","Viti Levu Island","Na Koro Vatu, Rewa River"
"5826","Reported 17-Feb-1877",1877,"AUSTRALIA","Victoria","Off Melbourne"
"5827","  28-Jan-1877",1877,"AUSTRALIA","Victoria","Emerald Hill"
"5828","Reported 24-Jan-1877",1877,"AUSTRALIA","Victoria","Boarding School Bay"
"5829","04-Jan-1877",1877,"SOUTH AFRICA","KwaZulu-Natal","Durban"
"5830","Before 1878",1877,"INDIA","Hoogly River","Near Calcutta"
"5831","Reported 13-Oct-1876",1876,"USA","New York",""
"5832","Reported 07-Sep-1876",1876,"GREECE","Cyclades archipelago","Between the islands of Tenos and Andros "
"5833","Reported 04-Jun-1876",1876,"USA","Georgia","Cumberland Island"
"5834","14-May-1876",1876,"AUSTRALIA","New South Wales","Sydney Harbour"
"5835","06-Feb-1876",1876,"AUSTRALIA","Victoria","Albert Park in Port Phillip Bay"
"5836","1876",1876,"LEBANON","Mount Lebanon","Batroun"
"5837","1876",1876,"ENGLAND","Between Hastings & Fairlight, Sussex",""
"5838","1876",1876,"AUSTRALIA","Western Australia","Between De Grey River and Port Walcott"
"5839","1876",1876,"AUSTRALIA","New South Wales","Sydney"
"5840","Reported 27-Nov-1875",1875,"AUSTRALIA","New South Wales","Clarence Heads"
"5841","10-Aug-1875",1875,"SOUTH AFRICA","KwaZulu-Natal","Back Beach, Durban"
"5842","03-Mar-1875",1875,"NEW ZEALAND","North Island","Tauranga"
"5843","Reported 20-Jan-1875",1875,"AUSTRALIA","Queensland","Mary River"
"5844","21-Nov-1874",1874,"AUSTRALIA","Queensland","Maryborough"
"5845","Ca. mid-1870s",1875,"AUSTRALIA","Western Australia","Sharks Bay"
"5846","14-Nov-1874",1874,"CROATIA","Zadar County","Lika-Senj, Pag Island"
"5847","23-Jul-1874",1874,"FRANCE","",""
"5848","Reported 15-Jul-1874",1874,"USA","Hawaii","Waikiki"
"5849","15-Jul-1874",1874,"USA","New York","Coney Island"
"5850","Reported 18-Jun- 1874",1874,"MEXICO","Veracruz ","Tlacotalpan, Vera Cruz"
"5851","Reported 15-Jun-1874",1874,"KIRIBATI","Gilbert Islands","Beru"
"5852","June 1874",1874,"HONDURAS","","Mouth of the Ullua River"
"5853","Reported 20-Apr-1874",1874,"CANADA","Newfoundland","St. Pierre Bank "
"5854","1874",1874,"TUVALU","","Between Nanumea & Nanumaga Atolls"
"5855","09-Jan- 1874",1874,"AUSTRALIA","New South Wales","Darling Harbor, Sydney"
"5856","28-Jul-1873",1873,"USA","Maryland","Chester River"
"5857","Reported 09-Jun-1873",1873,"AUSTRALIA","New South Wales","Newcastle "
"5858","Reported 09-Jan-1873",1873,"AUSTRALIA","Queensland","White Cliffs"
"5859","Nov- or Dec-1873",1873,"CUBA","Havana Province","Havana Harbor"
"5860","Reported 30-Nov-1872",1872,"INDIAN OCEAN?","",""
"5861","24-Nov-1872",1872,"AZORES","",""
"5862","10-Oct-1872",1872,"BAHAMAS","Abaco Islands",""
"5863","Reported 07-Aug-1872",1872,"CROATIA","","Fiume"
"5864","Reported 03-Apr-1872",1872,"USA","Hawaii","Kawahae"
"5865","26-Feb-1872",1872,"AUSTRALIA","Queensland","Bramble Reef"
"5866","28-Jan-1872",1872,"Fiji","Lomaiviti Provine","Levuka Point, Ovalau Island"
"5867","Circa 1872",1872,"SOUTH ATLANTIC OCEAN","Off the coast of South America",""
"5868","Reported 11-Dec-1871",1871,"AUSTRALIA","New South Wales","Hawkesbury River"
"5869","Reported 29-Aug-1871",1871,"USA","Hawaii",""
"5870","Aug-1871",1871,"USA","New York","Long Island"
"5871","Reported 22-May-1871",1871,"SRI LANKA","Eastern Province","Trincomalee"
"5872","Reported 13-May 1871",1871,"GUYANA","","Demerara"
"5873","24-Mar-1871",1871,"INDIA","22ºN, 88ºE","Hoogly River at Multah"
"5874","1871",1871,"AUSTRALIA","New South Wales","Manning River"
"5875","Before 1871",1871,"AUSTRALIA","Queensland","Brisbane River"
"5876","Before 1871",1871,"AUSTRALIA","New South Wales","Jervis Bay & Long Reef"
"5877","27-Jul-1870",1870,"USA","North Carolina","Smithville (now Southport), Brunswick County"
"5878","19-Jun-1870",1870,"INDIA","22ºN, 88ºE","Calcutta, Hoogly River at  one of the ghats"
"5879","01-Jun-1870",1870,"INDIA","West Bengal","Hoogly River, Calcutta"
"5880","Reported 26-May-1870",1870,"AUSTRALIA","Queensland","Moreton Island"
"5881","18-May-1870",1870,"INDIA","22ºN, 88ºE","Hatkolah, Ghat,"
"5882","11-May-1870",1870,"INDIA","22ºN, 88ºE","Near Sobah Bazar"
"5883","09-Jan-1870",1870,"AUSTRALIA","Queensland","Brisbane River"
"5884","Early 1870s",1870,"AUSTRALIA","Tasmania","Derwent River"
"5885","Reported 15-Apr-1869",1869,"AUSTRALIA","South Australia","Cape Elizabeth"
"5886","01-Sep-1868",1868,"ITALY","Adriatic Sea","Trieste"
"5887","13-May-1868",1868,"INDIA","Hoogly River","Ghat"
"5888","17-Jan-1868",1868,"VIETNAM","","Cohong"
"5889","Reported 04-Jan-1868",1868,"AUSTRALIA","South Australia","Belfast (now Port Fairy)"
"5890","Reported 24-Oct-1888, but took place around 1868",1868,"AUSTRALIA","Torres Strait","South Aroo Island"
"5891","1868 (?)",1868,"NEW ZEALAND","North Island","Brickfield Bay, Auckland Harbour"
"5892","Reported 22-Aug-1867",1867,"EGYPT","","Port Said"
"5893","Aug-1867",1867,"MEXICO","Veracruz ","Vera Cruz Harbor"
"5894","26-Jun-1867",1867,"CUBA","Villa Clara Province","Remedios"
"5895","Reported 26-Jan-1867",1867,"AUSTRALIA","Victoria","Queenscliff"
"5896","1867",1867,"CUBA","Matanzas Province (north coast)","Matanzas"
"5897","Reported 09-Jul-1866",1866,"USA","Alabama","Mobile Bay"
"5898","Reported 24-Apr-1866",1866,"AUSTRALIA","Western Australia","Off De Grey river"
"5899","02-Sep-1865",1865,"USA","New York","Greenport Sound, Long Island"
"5900","Reported 14-Jul-1865",1865,"USA","Texas","Brazos"
"5901","Reported 01-Mar-1865",1865,"SOUTH AFRICA","Western Cape Province","St. Helena Bay"
"5902","1865",1865,"AUSTRALIA","South Australia","Semaphore"
"5903","02-Oct-1864",1864,"USA","North Carolina","Cedar Island, Carteret County"
"5904","Reported 18-Sep-1864",1864,"FRANCE","Alpes Maritime","Antibes"
"5905","Sep-1864",1864,"SCOTLAND","Edinburgh","Granton"
"5906","12-Aug-1864",1864,"USA","New York","Mahattan"
"5907","Aug-1864",1864,"MADAGASCAR","",""
"5908","25-Jul-1864",1864,"SPAIN","Eastern Catalona","Badalona"
"5909","May-1864",1864,"MAURITIUS","300 miles east of Mauritius",""
"5910","09-Apr-1864",1864,"CHINA","","Macao Harbor"
"5911","Apr-1864",1864,"MAURITIUS","",""
"5912","Reported 27-Jan-1864",1864,"PANAMA","Colón Province","Aspinwall (Colón)"
"5913","Reported 16-Jan-1864",1864,"NEW ZEALAND","Foveaux Strait","Stewart Island"
"5914","02-Jan-1864",1864,"NEW ZEALAND","North Island","Brickfield Bay, Auckland Harbour"
"5915","1864",1864,"INDONESIA","Sumatra","Off Acheen Head"
"5916","1864",1864,"AUSTRALIA","South Australia","Corio Bay, Port Phillip"
"5917","14-Dec-1863",1863,"GUINEA","Conakry Region","Ile de Loss"
"5918","Reported 13-Sep-1863",1863,"USA","South Carolina","Stono Inlet, near Charleston, Charleston County"
"5919","Reported 09-Jul-1863",1863,"USA","Hawaii","Palama"
"5920","Apr-1863",1863,"AUSTRALIA","Queensland","Caloundra Heads"
"5921","05-Mar-1863",1863,"AUSTRALIA","Victoria","Brighton"
"5922","05-Feb-1863",1863,"SOUTH AFRICA","KwaZulu-Natal","Back Beach, Durban"
"5923","10-Jan-1863",1863,"AUSTRALIA","New South Wales","""Bellynahinch"" on the Manning River"
"5924","1863",1863,"ANDAMAN ISLANDS","",""
"5925","1863",1863,"CEYLON","",""
"5926","1863",1863,"CEYLON","",""
"5927","Reported 1863",1863,"GREECE","Corfu",""
"5928","22-Dec-1862",1862,"NEW ZEALAND","North Island","Soldier's Point, Brick Bay, Auckland"
"5929","Reported 19-Dec-1862",1862,"AUSTRALIA","Queensland","Brisbane River"
"5930","04-Dec-1862",1862,"NEW ZEALAND","South Island","Lyttleton?"
"5931","Reported 15-Aug-1862",1862,"SPAIN","","A Spanish port"
"5932","Reported 02-Aug-1862",1862,"SPAIN","Malaga","Fuengirola"
"5933","25-Jul-1862",1862,"SPAIN","Malaga","San Andres Beach"
"5934","14-Jul-1862",1862,"SPAIN","Cádiz","Off Algeciras"
"5935","13-Jul-1862",1862,"SPAIN","Cádiz","Off Algeciras"
"5936","03-Jun-1862",1862,"SOUTH AFRICA","KwaZulu-Natal","Durban Harbor"
"5937","05-May-1862",1862,"SOUTH AFRICA","KwaZulu-Natal","Durban"
"5938","Circa 1862",1862,"USA","Hawaii","Puna"
"5939","1862",1862,"JAPAN","Bonin Islands",""
"5940","10-Nov-1861",1861,"SINGAPORE","",""
"5941","Reported 25-Sep-1861",1861,"CUBA","","60 miles off Trinidad de Cuba"
"5942","Mar-1861",1861,"NEW ZEALAND","North Island","Wynyard Wharf, Auckland Harbor"
"5943","Reported 12-Feb-1861",1861,"EQUATORIAL GUINEA / CAMEROON","Fernando Po Island",""
"5944","Reported 15-Jan-1861",1861,"AUSTRALIA","Queensland","Cleveland"
"5945","26-Dec-1860",1860,"AUSTRALIA","New South Wales","The Domain, Sydney"
"5946","Oct-1860",1860,"CANADA","Nova Scotia","Cape Canso"
"5947","01-Aug-1860",1860,"USA","New York","Brooklyn"
"5948","Apr-1860",1860,"NEW ZEALAND","North Island","Princes Wharf, Auckland Harbor"
"5949","Apr-1860",1860,"NEW ZEALAND","North Island","St. George's Bay, Auckland Harbor"
"5950","27-Mar-1860",1860,"COOK ISLANDS","Mangaia Island",""
"5951","11-Mar-1860",1860,"BAHAMAS","New Providence Island","Nassau"
"5952","16-Mar-1859",1859,"USA","Hawaii","Off Kawaihae"
"5953","23-Aug-1858",1858,"USA","New York ","Staten Island, Richmond County"
"5954","17-Aug-1858",1858,"USA","New York ","Staten Island, Richmond County"
"5955","04-Apr-1858",1858,"TOBAGO","","Rocky Bay"
"5956","14-Mar-1858",1858,"AUSTRALIA","Victoria","Hobson Bay"
"5957","Reported 14-Jan 1858",1858,"USA","Hawaii",""
"5958","Reported 09-Jan-1858",1858,"TONGA","Vava'u",""
"5959","05-May-1857",1857,"USA","Florida","Cape Sable, Monroe County"
"5960","Reported 25-Nov-1856",1856,"FIJI","",""
"5961","Reported 21-Jun-1856",1856,"ENGLAND","Isle of Wight","Colwell Bay"
"5962","06-Feb-1856",1856,"AUSTRALIA","Victoria","Point Henry"
"5963","11-Nov-1855",1855,"AUSTRALIA","Victoria","Melbourne"
"5964","30-Sep-1855",1855,"USA","North Carolina","Cape Hatteras"
"5965","Reported 09-Apr-1855",1855,"AUSTRALIA","South Australia","Port Wakefield"
"5966","28-Mar-1855",1855,"AUSTRALIA","South Australia","Port Wakefield"
"5967","Reported 12-Feb-1855",1855,"SOLOMON ISLANDS","Makira-Ulawa Province","Makira Island (Formerly San Cristobal)"
"5968","Circa 1855",1855,"AUSTRALIA","New South Wales","Sydney Harbor"
"5969","08-Nov-1853",1853,"AUSTRALIA","New South Wales",""
"5970","28-Sept-1853",1853,"USA","North Carolina","Morehead, Carteret County"
"5971","Reported 13-Jul-1853",1853,"USA","South Carolina","Charleston Harbor, Charleston County"
"5972","29-Apr-1853",1853,"GREECE","Corfu ",""
"5973","1853",1853,"AUSTRALIA","Queensland","Moreton Bay"
"5974","Sep or Oct-1853",1853,"USA","North Carolina","Morehead, Carteret County"
"5975","1853 ",1853,"USA","South Carolina","Off the Battery"
"5976","1853 or 1854",1853,"USA","Florida","Near Fernandina Bar, Nassau County "
"5977","19-Dec-1852",1852,"AUSTRALIA","New South Wales","Clark's Island, Sydney Harbor"
"5978","Reported 23-Oct-1852",1852,"PACIFIC OCEAN","Between Australia & USA",""
"5979","Reported 09-Oct-1852",1852,"AUSTRALIA","New South Wales","Coalcliff"
"5980","07-Aug-1852",1852,"TONGA","Tongatapu",""
"5981","Aug-1852",1852,"USA","Virginia","Norfolk"
"5982","28-Jul-1952",1852,"ATLANTIC OCEAN","",""
"5983","24-May-1852",1852,"SOUTH AFRICA","KwaZulu-Natal","Durban Bay"
"5984","26-Feb-1852",1852,"SOUTH AFRICA","Western Cape Province","Danger Point"
"5985","""Anniversary Day"" 22-Jan-1850 or 1852",1852,"NEW ZEALAND","North Island","Wellington Harbor"
"5986","1852",1852,"USA","South Carolina","Mount Pleasant, Charleston County"
"5987","Reported 16-Jun-1851",1851,"MEXICO","Oaxaca","Tehuantepec Harbor"
"5988","Mar-1851",1851,"USA","Hawaii","Honolulu Harbor"
"5989","1851",1851,"USA","California","San Francisco Bay (or San Leandro Bay), near cannery, Alameda County"
"5990","21-Oct-1850",1850,"USA","Hawaii",""
"5991","1850",1850,"NICARAGUA","Lake Nicaragua (fresh water)","Granada, Granada Department"
"5992","09-Dec-1849",1849,"AUSTRALIA","New South Wales","Sydney Harbor"
"5993","01-Dec-1849",1849,"AUSTRALIA","New South Wales","Woolloomooloo, Sydney Harbor (Estuary)"
"5994","04-Oct-1849",1849,"PERU","","Tumbez"
"5995","19-Sep-1849",1849,"AUSTRALIA","Victoria","Warrnambool"
"5996","08-Jun-1849",1849,"USA","Florida","Pensacola, Escambia County"
"5997","08-Jun-1849",1849,"USA","Florida","Pensacola, Escambia County"
"5998","27-Jan-1849",1849,"AUSTRALIA","New South Wales","Sydney"
"5999","31-Aug-1848",1848,"USA","Maryland","Patapsco River"
"6000","Reported 17-Jul-1848",1848,"USA","Massachusetts","Cape Cod"
"6001","Jul-1848",1848,"ENGLAND","Norfolk","Hunstanton"
"6002","30-Nov-1847",1847,"AUSTRALIA","Queensland","Brisbane River"
"6003","10-Sep-1847",1847,"USA","Massachusetts","Chelsea Beach, Suffolk County"
"6004","19-Jul-1847",1847,"GREECE","Corfu","Off the harbor wall at Mandrakina"
"6005","Reported 03-Jul-1847",1847,"USA","Hawaii",""
"6006","11-Mar-1847",1847,"AUSTRALIA","Queensland","Moreton Bay"
"6007","12-Feb-1847",1847,"MEXICO","",""
"6008","Reported in 1847",1847,"AUSTRALIA","Queensland","Moreton Bay"
"6009","1847",1847,"USA","South Carolina","Charleston Harbor, Charleston County"
"6010","Ca. 1847",1847,"USA","South Carolina",""
"6011","08-Dec-1846",1846,"MEXICO","Veracruz","Vera Cruz"
"6012","Reported 30-Sep-1846",1846,"AFRICA","",""
"6013","Reported 20-Aug-1846",1846,"CUBA","Havana Province","Havana Harbor"
"6014","26-Dec-1845",1845,"AUSTRALIA","New South Wales","Newcastle "
"6015","04-Nov-1845",1845,"MEXICO","Vera Cruz","Vera Cruz"
"6016","Reported 16-Sep-1845",1845,"ENGLAND","",""
"6017","Reported 10-Sep-1845",1845,"USA","Florida","Pensacola Bay, Escambia County"
"6018","Reported 31-Jul-1845",1845,"USA","Florida","Pensacola Bay, Escambia County"
"6019","Reported 1845",1845,"SIERRA LEONE","",""
"6020","20-Jul-1844",1844,"NAMIBIA","",""
"6021","1844.07.16.R",1844,"ALGERIA","","Cape Matifou"
"6022","24-May-1844",1844,"Coast of AFRICA","Island of St. Thomas",""
"6023","1844",1844,"MADAGASCAR","",""
"6024","13-Jul-1842",1842,"USA","New Jersey","Absecon, Atlantic County"
"6025","06-Jul-1842",1842,"USA","New Jersey","Absecon, Atlantic County"
"6026","1842",1842,"INDIA","Tamil Nadu"," Chennai (formerly Madras)"
"6027","1842",1842,"AUSTRALIA","New South Wales","Sydney Harbor"
"6028","27-Mar-1841",1841,"AUSTRALIA","New South Wales","Cockatoo Island, Sydney"
"6029","Dec-1840",1840,"AUSTRALIA","New South Wales","Off Domain, Sydney Harbor"
"6030","Reported 18-Sep-1840",1840,"FIJI","Viti Levu Island","Rewa "
"6031","Reported 22-Jul-1840",1840,"USA","South Carolina","Charleston Harbor, Charleston County"
"6032","Reported 09-Apr-1840",1840,"WEST INDIES","",""
"6033","Feb-1840",1840,"AUSTRALIA","Tasmania","George Town Cove"
"6034","17-Nov-1839",1839,"AUSTRALIA","New South Wales",""
"6035","14-Apr-1839",1839,"CUBA","Matanzas Province (north coast)","Matanzas"
"6036","1839/1840",1839,"AUSTRALIA","South Australia","Horn Point, Lady's Bay"
"6037","Ca. 1839",1839,"FIJI","Viti Levu Island","Rewa "
"6038","09-Sep-1837",1837,"USA","South Carolina","Magwoods Wharf, Charleston Harbor, Charleston County"
"6039","Jul-1837",1837,"USA","New York","New York"
"6040","17-Jan-1837",1837,"AUSTRALIA","New South Wales","Macleay River"
"6041","Ca. 1837",1837,"USA","South Carolina","“Southern Wharf”"
"6042","1836.07.26.R",1836,"SPAIN","",""
"6043","1836.00.",1836,"AUSTRALIA","South Australia",""
"6044","Reported 21-Feb-1835",1835,"VANUATU","Sanma Province","Bay of Yago, Espiritu Santo Island"
"6045","06-Jan-1835",1835,"TASMAN SEA","35º39 : 165º8'","Alongside the whaler Marianne"
"6046","Reported 15-Jul-1834",1834,"FRENCH POLYNESIA","Society Islands","Tahiti"
"6047","04-Jun-1832",1832,"AUSTRALIA","New South Wales","South Head, Sydney"
"6048","Reported 23-Jan-1832",1832,"AUSTRALIA","New South Wales","Sydney"
"6049","24-Aug-1831",1831,"USA","CUBA","Near Havana"
"6050","Reported 22- Jan-1831",1831,"AUSTRALIA","Tasmania","Hobart"
"6051","26-Jul-1830",1830,"USA","Massachusetts","Swampscott, Essex County"
"6052","Reported 02-Jul-1830",1830,"INDIA","Tamil Nadu","Madras"
"6053","30-Apr-1830",1830,"INDIA","Tamil Nadu","St. Thomé"
"6054","Reported 03-Jul-1829",1829,"SIERRA LEONE","Western Area",""
"6055","10-Jun-1829",1829,"USA","New Jersey","Sandy Hook Bay, Highlands, Monmouth County"
"6056","1829",1829,"CARIBBEAN SEA","","Between St. Bart's and Saba"
"6057","28-Sep-1828",1828,"SIERRA LEONE","Western Area","River Sierra Leone, 35 miles  upriver from Freetown"
"6058","1828",1828,"USA","Hawaii","Uo, Lahaina, Maui"
"6059","Jun-1827",1827,"SIERRA LEONE","Western Area ","Tombo Island in the Sierra Leone River"
"6060","Jun-1827",1827,"SIERRA LEONE","Western Area ","Tombo Island in the Sierra Leone River"
"6061","1827",1827,"EGYPT","","Alexandria"
"6062","Dec-1826",1826,"BRAZIL","Paraiba","Paraiba"
"6063","Ca. Nov-1826",1826,"GHANA","Cape Coast",""
"6064","28-Aug-1826",1826,"CUBA","",""
"6065","Reported 15-Aug-1826",1826,"ENGLAND","Cumberland","Whitehaven"
"6066","Reported 20-May-1826",1826,"JAMAICA","",""
"6067","1820s",1825,"AUSTRALIA","Tasmania","Sweet Water Point, Pitt Water"
"6068","Ca . 1825",1825,"AUSTRALIA","Western Australia","South Bruny Island"
"6069","Reported 30-Dec-1823",1823,"JAMAICA","",""
"6070","15-Apr-1822",1822,"NIGERIA","Rivers State","Bonny River"
"6071","Reported 08-Jul-1819",1819,"SPAIN","","Cadiz"
"6072","Reported 22-May-1818",1818,"NORWAY","","Herøy"
"6073","24-Jun-1817",1817,"USA","South Carolina","Charleston Harbor, Charleston County"
"6074","15-Jun-1817",1817,"INDIA","Maharashtra","Bombay (now Mumbai)"
"6075","11-May-1817",1817,"SRI LANKA","Western Province","Colombo"
"6076","22-Feb-1817",1817,"SRI LANKA","","Gulf of Mannar"
"6077","Reported 03-Sept-1816",1816,"USA","Rhode Island","Bristol Harbor"
"6078","October 1815",1815,"TOBAGO","","Scarborough Bay"
"6079","May 1812",1812,"ENGLAND","Devon","Mill Bay"
"6080","15-Sep-1810",1810,"USA","South Carolina","Charleston"
"6081","Reported 25-Dec-1808",1808,"JAMAICA","","Port Royal Harbour"
"6082","Reported 01-May-1808",1808,"ANTIGUA","","Falmouth Harbour"
"6083","07-Feb-1808",1808,"INDIA","","Hooghly River"
"6084","12-Jan-1807",1807,"AUSTRALIA","New South Wales","Cockle Bay, Sydney Harbour"
"6085","Aug-24-1806",1896,"USA","",""
"6086","Sep-1805",1805,"USA","New York","Sag Harbor, Suffolk County"
"6087","Reported 26-Feb-1804",1804,"AUSTRALIA","New South Wales","Georges Head, off Port Jackson"
"6088","May-17-1803",1803,"USA","South Carolina","Off Charleston"
"6089","Mar-1803",1803,"AUSTRALIA","Western Australia","Hamelin Harbour, at Faure Island"
"6090","Reported Apr-13-1802",1802,"INDIA","",""
"6091","1800",1800,"SEYCHELLES","St. Anne",""
"6092","12-Sep-1792",1792,"ENGLAND","","On the Thames River"
"6093","1791",1791,"AUSTRALIA","New South Wales","Port Jackson"
"6094","10-May-1788",1788,"AUSTRALIA","New South Wales","Sydney Harbor"
"6095","Reported 10-Aug-1786",1786,"BARBADOS","",""
"6096","Reported 26-Sep-1785",1785,"ENGLAND","Sussex","Brighton"
"6097","12-Dec-1784",1784,"JAMAICA","","Kingston"
"6098","02-Mar-1783",1783,"MARTINIQUE","","Foundering of the privateer Holker"
"6099","08-Aug-1780",1780,"USA","Florida","Pensacola Harbor, Escambia County"
"6100","1779",1779,"USA","Hawaii","Maliu, Hawai'i"
"6101","Reported 1776",1776,"GUINEA","",""
"6102","1776",1776,"GREENLAND","",""
"6103","Reported 12-Jul-1771",1771,"USA","","Damiscotte"
"6104","1767",1767,"FRANCE","Côte d'Azur ","St. Tropez"
"6105","1764",1764,"SPAIN","","Guadalquivir River"
"6106","1758",1758,"MEDITERRANEAN SEA","",""
"6107","Reported 27-Oct-1753",1753,"JAMAICA","","Kingston Harbor"
"6108","27-Jul-1751",1751,"USA","Massachusetts",""
"6109","1749",1749,"CUBA","Havana Province","Havana Harbor"
"6110","1755",1755,"SWEDEN","Skagerrak arm of the North Sea","Bohuslän"
"6111","1748",1748,"PANAMA","Las Perlas archipelago","Taboga & Isla del Rey"
"6112","Reported 06-Apr-1738",1738,"ITALY","Sicily","Strait of Messina"
"6113","1733",1733,"ICELAND","Bardestrand","Talkknefiord"
"6114","1723",1723,"ROATAN","",""
"6115","June 1721",1721,"ITALY","Sardinia","Ponte della Maddelena,"
"6116","26-Mar-1703",1703,"BARBADOS","Southwest coast","Carlisle Bay"
"6117","1700s",1700,"FRANCE","","Nice"
"6118","1700s",1700,"FRANCE","Côte d'Azur ","Antibes"
"6119","1700s",1700,"BARBADOS","",""
"6120","Late 1600s Reported 1728",1642,"GUINEA","",""
"6121","Reported 1637",1637,"INDIA","West Bengal","Hooghly River mouth"
"6122","Reported 1617",1617,"INDIA","West Bengal","Ganges Delta"
"6123","1642",1642,"USA","New York ","Between Manhattan and The Bronx"
"6124","1595",1595,"INDIA","Kerala","River Cochin"
"6125","Letter dated 10-Jan-1580",1580,"Between PORTUGAL & INDIA","",""
"6126","Ca. 1554",1554,"FRANCE","Nice & Marseilles",""
"6127","Ca. 1543",1543,"VENEZUELA","Magarita or Cubagua Islands",""
"6128","Circa 500 A.D.",500,"MEXICO","",""
"6129","Ca. 5 A.D.",5,"AUSTRALIA","New South Wales","Bondi"
"6130","Ca. 336.B.C..",0,"GREECE","Piraeus","In the haven of Cantharus"
"6131","493 B.C.",0,"GREECE","Off Thessaly",""
"6132","Ca. 725 B.C.",0,"ITALY","Tyrrhenian Sea","Krater found during excavations at Lacco Ameno, Ischia"
"6133","Before 1939",0,"CANADA","","Grand Banks"
"6134","1990 or 1991",0,"KENYA","Mombasa","Kilindini"
"6135","Before 2016",0,"KENYA","Mombasa","Kilindini"
"6136","Before Oct-2009",0,"PANAMA","Bocas del Toro Province","Red Frog Beach"
"6137","Before 1934",0,"URUGUAY","Rocha","Isla Chica, La Paloma"
"6138","Before 1934",0,"URUGUAY","Rocha ","Playa del Barco, La Pedrera"
"6139","2009?",0,"USA","South Carolina","Charleston"
"6140","Before 1930",0,"PAPUA NEW GUINEA","Morobe Province","Simbang"
"6141","1880-1899",0,"AUSTRALIA","Queensland","Boonooroo"
"6142","Before 1909",0,"AUSTRALIA","Queensland","Moreton Bay"
"6143","Before 2012",0,"USA","Hawaii","Oahu"
"6144","Before 1916",0,"BERMUDA","",""
"6145","Between   1951-1963",0,"GREECE","",""
"6146","Before 1908",0,"USA","California","Monterey, Montery County"
"6147","Before 1900",0,"INDIA","",""
"6148","Before 1876",0,"LEBANON","",""
"6149","Before 2012",0,"SPAIN","Canary Islands","Tenerife"
"6150","Before 2011",0,"SUDAN","Red Sea State",""
"6151","Before 2009",0,"USA","Florida",""
"6152","Beforer 1994",0,"USA","Florida","Lost Tree Village, Palm Beach County"
"6153","Before 1963",0,"DJIBOUTI","Gulf of Tadjoura",""
"6154","1896-1913",0,"LIBYA","Cyrenaica","Kirinaiki"
"6155","Before 1936",0,"AUSTRALIA","",""
"6156","Before 08-Jun-1912",0,"NEW ZEALAND","North Island","Point Halsey, Wellington"
"6157","Before 1911",0,"VIETNAM","",""
"6158","Before 1901",0,"SRI LANKA","Northern Province","Mannar"
"6159","No date, late 1960s",0,"VENEZUELA","Los Roques  Islands",""
"6160","Before 2006",0,"USA","Florida","Tampa Bay, Hillsborough County"
"6161","Before 2003",0,"GREECE","Dodecanese Islands","Near Symi Island"
"6162","Before 2004",0,"MOZAMBIQUE","Inhambane Province","Off Inhambane"
"6163","Before 1962",0,"SOUTH AFRICA","Western Cape Province","Murray Bay, Robben Island"
"6164","1950s",0,"AUSTRALIA","Torres Strait",""
"6165","No date, Before 1963",0,"BAHREIN","",""
"6166","2003?",0,"BAHAMAS","Andros Islands","Great Guana Cay"
"6167","No date",0,"USA","Florida","Key West, Monroe County"
"6168","No date",0,"REUNION","Grand'Anse","Petite-île"
"6169","Before Feb-1998",0,"SOLOMON ISLANDS","Malaita Province","Waibana Passage"
"6170","No date, Before May-1996",0,"KOREA","South Korea","Cheju Island"
"6171","No date, Before Mar-1995",0,"FRENCH POLYNESIA","Tuamotus","Rangiroa"
"6172","Before 1996",0,"SUDAN","Red Sea State","Sha'ab Rumi"
"6173","No date, Before Aug-1989",0,"VANUATU","Malampa Province","Malakula"
"6174","No date, Before Aug-1987",0,"VANUATU","Malampa Province","Hokai, Malakula"
"6175","No date, Before 1987",0,"IRAN","Khuzestan Province","Ahvaz, on the Karun River"
"6176","No date, Before  1975",0,"USA","Florida","Riviera Beach, Palm Beach County"
"6177","No date, Before 1975",0,"PAPUA NEW GUINEA","Milne Bay  Province"," D'Entrecasteaux islands, 20 miles off the coast"
"6178","No date, Before 1969",0,"RED SEA?","",""
"6179","No date, Before 3-Jan-1967",0,"SOUTH AFRICA","Eastern Cape Province","Keiskamma River mouth"
"6180","No date, Before 1963",0,"USA","California","LaJolla, San Diego County"
"6181","No date, Before 8-May-1965",0,"GREECE","Island of Volos","Eastern shore"
"6182","No date, Before 1963",0,"USA","Hawaii","Portlock, Oahu"
"6183","No date, Before 1902",0,"USA","Florida","Mosquito Inlet (Ponce Inlet), Volusia County"
"6184","No date, Before 1902",0,"MEDITERRANEAN SEA","",""
"6185","No date, Before 1963",0,"AUSTRALIA","Torres Strait",""
"6186","No date, After August 1926 and before 1936",0,"AUSTRALIA","Western Australia","Cossack Creek"
"6187","No date, Before 1963",0,"SINGAPORE","","Keppel Harbor,  2 miles from Singapore city center"
"6188","Before 1962",0,"FIJI","",""
"6189","Before 1962",0,"MOZAMBIQUE","Maputo Province","Santa Maria Peninsula"
"6190","Before 1961",0,"SEYCHELLES","Amirante Islands","Marie Louise Island"
"6191","1960s",0,"IRAQ","Basrah","Shatt-al-Arab River"
"6192","1960s",0,"IRAQ","Basrah","Shatt-al-Arab River "
"6193","1960s",0,"IRAQ","Basrah","Shatt-al-Arab River near Abu al Khasib"
"6194","Before 1960",0,"BAHAMAS","Andros Islands",""
"6195","Before  19-Jun-1959",0,"USA","California","Capistrano, Orange County"
"6196","Before  24 Apr-1959",0,"BERMUDA","Paget","Paget Parish"
"6197","Before  1958",0,"FIJI","Kadavu Island Group","18.8S, 178.25E"
"6198","Before  1958",0,"MADAGASCAR","Toamasina Province","Tamatave"
"6199","Before 1958",0,"USA","Florida","Palm Beach, Palm Beach County"
"6200","Before 1958",0,"BAHAMAS","Andros Islands","Middle Bight"
"6201","Before 1958",0,"INDONESIA","Riau Province","Natuna Islands, between Sumatra & Kalimantan in the South China Sea"
"6202","Before 1958",0,"INDIA","Maharashtra","Malwan, near Ratnagiri"
"6203","Before 1957",0,"NICARAGUA","Lake Nicaragua (fresh water)","A village  north of San Carlos"
"6204","Before 1957",0,"CUBA","Havana Province","Cojimar"
"6205","Before 1956",0,"MARSHALL ISLANDS","Bikini Atoll",""
"6206","Before 1956",0,"KIRIBATI","Phoenix Islands","Canton Island"
"6207","Before Mar-1956",0,"NORTH PACIFIC OCEAN","","Wake Island"
"6208","Before 1952",0,"KIRIBATI","Gilbert Islands","Nonouti"
"6209","""During the war"" 1943-1945",0,"SOLOMON ISLANDS","New Georgia","Munda Island, Roviana Lagoon"
"6210","""Before the war""",0,"AUSTRALIA","Torres Strait","Thursday Island?"
"6211","Said to be 1941-1945, more likely 1945",0,"IRAN","Khuzestan Province","Ahvaz, on the Karun River"
"6212","1941-1945",0,"IRAN","Khuzestan Province","Ahvaz, on the Karun River"
"6213","1941-1945",0,"IRAN","Khuzestan Province","Ahvaz, on the Karun River"
"6214","1941-1942",0,"IRAQ","Basrah","Shatt-el Arab River near a small boat stand"
"6215","1940 - 1950",0,"SAUDI ARABIA","Eastern Province","East of the Ras Tanura-Jubail area "
"6216","1940 - 1950",0,"SAUDI ARABIA","Eastern Province","East of the Ras Tanura-Jubail area "
"6217","1940 - 1950",0,"SAUDI ARABIA","Eastern Province","East of the Ras Tanura-Jubail area "
"6218","1940-1946",0,"PACIFIC OCEAN","",""
"6219","Before 1905",0,"BURMA","",""
"6220","World War II",0,"PAPUA NEW GUINEA","Between New Ireland & New Britain","St. George’s Channel"
"6221","World War II",0,"PAPUA NEW GUINEA","Madang Province","Off Lae"
"6222","Before 1905",0,"BURMA","",""
"6223","A few years before 1938",0,"ITALY","Adriatic Sea",""
"6224","No date",0,"GREECE","Dodecanese Islands","Symi Island"
"6225","Early 1930s",0,"BELIZE","",""
"6226","Before 1927",0,"AUSTRALIA","New South Wales","Spectacle Island, Port Jackson"
"6227","Between 1918 & 1939",0,"REUNION","Saint-Denis","Barachois"
"6228","No date",0,"SOUTH AFRICA","Western Cape Province","Arniston"
"6229","No date",0,"AUSTRALIA","",""
"6230","No date",0,"SOUTH AFRICA","KwaZulu-Natal","Durban "
"6231","1920 -1923",0,"AUSTRALIA","Queensland","Great Barrier Reef"
"6232","Before 1921",0,"USA","Florida","Gadsden Point, Tampa Bay"
"6233","Before 1911",0,"VIETNAM","Ba Ria-Vung Tau  Province","V?ng Tàu"
"6234","Before 1921",0,"SOUTH AFRICA","KwaZulu-Natal","Durban "
"6235","Before 1921",0,"SOUTH AFRICA","KwaZulu-Natal","Durban"
"6236","Before 1917",0,"FIJI","Moala Island",""
"6237","Before 17-Jul-1916",0,"USA","North Carolina ","Somewhere between Hatteras and Beaufort"
"6238","No date (3 days after preceding incident) & prior to 19-Jul-1913",0,"SOUTH AFRICA","KwaZulu-Natal","Durban"
"6239","Before 19-Jul-1913",0,"SOUTH AFRICA","KwaZulu-Natal","Durban"
"6240","Before 1911",0,"ASIA?","",""
"6241","Circa 1862",0,"USA","Hawaii","Puna"
"6242","Before 1906",0,"AUSTRALIA","",""
"6243","Before 1906",0,"AUSTRALIA","",""
"6244","Before 1906",0,"AUSTRALIA","",""
"6245","Before 1906",0,"AUSTRALIA","New South Wales","            "
"6246","Before 1903",0,"AUSTRALIA","Western Australia","Roebuck Bay"
"6247","Before 1903",0,"AUSTRALIA","Western Australia",""
"6248","1900-1905",0,"USA","North Carolina","Ocracoke Inlet"
"6249","1883-1889",0,"PANAMA","","Panama Bay 8ºN, 79ºW"
"6250","1845-1853",0,"CEYLON (SRI LANKA)","Eastern Province","Below the English fort, Trincomalee"
